IQ-TREE multicore version 2.4.0 for Windows 64-bit built Feb  7 2025
Developed by Bui Quang Minh, Nguyen Lam Tung, Olga Chernomor, Heiko Schmidt,
Dominik Schrempf, Michael Woodhams, Ly Trong Nhan, Thomas Wong

Host:    Melissa-PC (AVX2, FMA3, 15 GB RAM)
Command: C:\Users\Uni\Desktop\NBGD\2 ALN_TRIM_TREE\bin\iqtree2.exe -s rrna_aligned_trimmed.fasta -m TEST -B 1000 --prefix iqtree_results\rrna
Seed:    152601 (Using SPRNG - Scalable Parallel Random Number Generator)
Time:    Sun May 24 11:10:45 2026
Kernel:  AVX+FMA - 1 threads (12 CPU cores detected)

HINT: Use -nt option to specify number of threads because your CPU has 12 cores!
HINT: -nt AUTO will automatically determine the best number of threads to use.

Reading alignment file rrna_aligned_trimmed.fasta ... Fasta format detected
Reading fasta file: done in 0.0256656 secs using 60.88% CPU
NOTE: Change sequence name 'NZ_CP166554.1 | locus_tag=AB6X89_RS09780 | product=16S ribosomal RNA | organism=Staphylococcus aureus' -> NZ_CP166554.1_|_locus_tag=AB6X89_RS09780
NOTE: Change sequence name 'NZ_CP087462.1 | locus_tag=LPA62_RS03950 | product=16S ribosomal RNA | organism=Staphylococcus pseudintermedius' -> NZ_CP087462.1_|_locus_tag=LPA62_RS03950
NOTE: Change sequence name 'NZ_CP087462.1 | locus_tag=LPA62_RS12470 | product=16S ribosomal RNA | organism=Staphylococcus pseudintermedius' -> NZ_CP087462.1_|_locus_tag=LPA62_RS12470
NOTE: Change sequence name 'NZ_CP087462.1 | locus_tag=LPA62_RS12725 | product=16S ribosomal RNA | organism=Staphylococcus pseudintermedius' -> NZ_CP087462.1_|_locus_tag=LPA62_RS12725
NOTE: Change sequence name 'NZ_CP087426.1 | locus_tag=LPA80_RS11830 | product=16S ribosomal RNA | organism=Staphylococcus pseudintermedius' -> NZ_CP087426.1_|_locus_tag=LPA80_RS11830
NOTE: Change sequence name 'NZ_CP087427.1 | locus_tag=LPB23_RS03350 | product=16S ribosomal RNA | organism=Staphylococcus pseudintermedius' -> NZ_CP087427.1_|_locus_tag=LPB23_RS03350
NOTE: Change sequence name 'NZ_CP087427.1 | locus_tag=LPB23_RS11680 | product=16S ribosomal RNA | organism=Staphylococcus pseudintermedius' -> NZ_CP087427.1_|_locus_tag=LPB23_RS11680
NOTE: Change sequence name 'NZ_CP087426.1 | locus_tag=LPA80_RS03980 | product=16S ribosomal RNA | organism=Staphylococcus pseudintermedius' -> NZ_CP087426.1_|_locus_tag=LPA80_RS03980
NOTE: Change sequence name 'NZ_CP087426.1 | locus_tag=LPA80_RS11815 | product=16S ribosomal RNA | organism=Staphylococcus pseudintermedius' -> NZ_CP087426.1_|_locus_tag=LPA80_RS11815
NOTE: Change sequence name 'NZ_CP087470.1 | locus_tag=LPA94_RS03330 | product=16S ribosomal RNA | organism=Staphylococcus pseudintermedius' -> NZ_CP087470.1_|_locus_tag=LPA94_RS03330
NOTE: Change sequence name 'NZ_CP087469.1 | locus_tag=LPB21_RS03330 | product=16S ribosomal RNA | organism=Staphylococcus pseudintermedius' -> NZ_CP087469.1_|_locus_tag=LPB21_RS03330
NOTE: Change sequence name 'NZ_CP087465.1 | locus_tag=LPB06_RS11960 | product=16S ribosomal RNA | organism=Staphylococcus pseudintermedius' -> NZ_CP087465.1_|_locus_tag=LPB06_RS11960
NOTE: Change sequence name 'NZ_CP087456.1 | locus_tag=LPA55_RS11960 | product=16S ribosomal RNA | organism=Staphylococcus pseudintermedius' -> NZ_CP087456.1_|_locus_tag=LPA55_RS11960
NOTE: Change sequence name 'NZ_CP087455.1 | locus_tag=LPB38_RS11960 | product=16S ribosomal RNA | organism=Staphylococcus pseudintermedius' -> NZ_CP087455.1_|_locus_tag=LPB38_RS11960
NOTE: Change sequence name 'NZ_CP087470.1 | locus_tag=LPA94_RS11755 | product=16S ribosomal RNA | organism=Staphylococcus pseudintermedius' -> NZ_CP087470.1_|_locus_tag=LPA94_RS11755
NOTE: Change sequence name 'NZ_CP087470.1 | locus_tag=LPA94_RS11770 | product=16S ribosomal RNA | organism=Staphylococcus pseudintermedius' -> NZ_CP087470.1_|_locus_tag=LPA94_RS11770
NOTE: Change sequence name 'NZ_CP087470.1 | locus_tag=LPA94_RS12025 | product=16S ribosomal RNA | organism=Staphylococcus pseudintermedius' -> NZ_CP087470.1_|_locus_tag=LPA94_RS12025
NOTE: Change sequence name 'NZ_CP087469.1 | locus_tag=LPB21_RS11755 | product=16S ribosomal RNA | organism=Staphylococcus pseudintermedius' -> NZ_CP087469.1_|_locus_tag=LPB21_RS11755
NOTE: Change sequence name 'NZ_CP087469.1 | locus_tag=LPB21_RS11770 | product=16S ribosomal RNA | organism=Staphylococcus pseudintermedius' -> NZ_CP087469.1_|_locus_tag=LPB21_RS11770
NOTE: Change sequence name 'NZ_CP087469.1 | locus_tag=LPB21_RS12025 | product=16S ribosomal RNA | organism=Staphylococcus pseudintermedius' -> NZ_CP087469.1_|_locus_tag=LPB21_RS12025
NOTE: Change sequence name 'NZ_CP087468.1 | locus_tag=LPB09_RS09235 | product=16S ribosomal RNA | organism=Staphylococcus pseudintermedius' -> NZ_CP087468.1_|_locus_tag=LPB09_RS09235
NOTE: Change sequence name 'NZ_CP087468.1 | locus_tag=LPB09_RS09850 | product=16S ribosomal RNA | organism=Staphylococcus pseudintermedius' -> NZ_CP087468.1_|_locus_tag=LPB09_RS09850
NOTE: Change sequence name 'NZ_CP087468.1 | locus_tag=LPB09_RS12975 | product=16S ribosomal RNA | organism=Staphylococcus pseudintermedius' -> NZ_CP087468.1_|_locus_tag=LPB09_RS12975
NOTE: Change sequence name 'NZ_CP087468.1 | locus_tag=LPB09_RS12990 | product=16S ribosomal RNA | organism=Staphylococcus pseudintermedius' -> NZ_CP087468.1_|_locus_tag=LPB09_RS12990
NOTE: Change sequence name 'NZ_CP087468.1 | locus_tag=LPB09_RS13245 | product=16S ribosomal RNA | organism=Staphylococcus pseudintermedius' -> NZ_CP087468.1_|_locus_tag=LPB09_RS13245
NOTE: Change sequence name 'NZ_CP087467.1 | locus_tag=LPA83_RS03690 | product=16S ribosomal RNA | organism=Staphylococcus pseudintermedius' -> NZ_CP087467.1_|_locus_tag=LPA83_RS03690
NOTE: Change sequence name 'NZ_CP087467.1 | locus_tag=LPA83_RS04305 | product=16S ribosomal RNA | organism=Staphylococcus pseudintermedius' -> NZ_CP087467.1_|_locus_tag=LPA83_RS04305
NOTE: Change sequence name 'NZ_CP087467.1 | locus_tag=LPA83_RS11690 | product=16S ribosomal RNA | organism=Staphylococcus pseudintermedius' -> NZ_CP087467.1_|_locus_tag=LPA83_RS11690
NOTE: Change sequence name 'NZ_CP087467.1 | locus_tag=LPA83_RS11705 | product=16S ribosomal RNA | organism=Staphylococcus pseudintermedius' -> NZ_CP087467.1_|_locus_tag=LPA83_RS11705
NOTE: Change sequence name 'NZ_CP087467.1 | locus_tag=LPA83_RS11960 | product=16S ribosomal RNA | organism=Staphylococcus pseudintermedius' -> NZ_CP087467.1_|_locus_tag=LPA83_RS11960
NOTE: Change sequence name 'NZ_CP087466.1 | locus_tag=LPA58_RS04455 | product=16S ribosomal RNA | organism=Staphylococcus pseudintermedius' -> NZ_CP087466.1_|_locus_tag=LPA58_RS04455
NOTE: Change sequence name 'NZ_CP087466.1 | locus_tag=LPA58_RS11185 | product=16S ribosomal RNA | organism=Staphylococcus pseudintermedius' -> NZ_CP087466.1_|_locus_tag=LPA58_RS11185
NOTE: Change sequence name 'NZ_CP087466.1 | locus_tag=LPA58_RS11440 | product=16S ribosomal RNA | organism=Staphylococcus pseudintermedius' -> NZ_CP087466.1_|_locus_tag=LPA58_RS11440
NOTE: Change sequence name 'NZ_CP087465.1 | locus_tag=LPB06_RS03870 | product=16S ribosomal RNA | organism=Staphylococcus pseudintermedius' -> NZ_CP087465.1_|_locus_tag=LPB06_RS03870
NOTE: Change sequence name 'NZ_CP087463.1 | locus_tag=LPB07_RS11975 | product=16S ribosomal RNA | organism=Staphylococcus pseudintermedius' -> NZ_CP087463.1_|_locus_tag=LPB07_RS11975
NOTE: Change sequence name 'NZ_CP087463.1 | locus_tag=LPB07_RS11990 | product=16S ribosomal RNA | organism=Staphylococcus pseudintermedius' -> NZ_CP087463.1_|_locus_tag=LPB07_RS11990
NOTE: Change sequence name 'NZ_CP087463.1 | locus_tag=LPB07_RS12245 | product=16S ribosomal RNA | organism=Staphylococcus pseudintermedius' -> NZ_CP087463.1_|_locus_tag=LPB07_RS12245
NOTE: Change sequence name 'NZ_CP087462.1 | locus_tag=LPA62_RS12455 | product=16S ribosomal RNA | organism=Staphylococcus pseudintermedius' -> NZ_CP087462.1_|_locus_tag=LPA62_RS12455
NOTE: Change sequence name 'NZ_CP087461.1 | locus_tag=LPA87_RS04090 | product=16S ribosomal RNA | organism=Staphylococcus pseudintermedius' -> NZ_CP087461.1_|_locus_tag=LPA87_RS04090
NOTE: Change sequence name 'NZ_CP087461.1 | locus_tag=LPA87_RS11935 | product=16S ribosomal RNA | organism=Staphylococcus pseudintermedius' -> NZ_CP087461.1_|_locus_tag=LPA87_RS11935
NOTE: Change sequence name 'NZ_CP087461.1 | locus_tag=LPA87_RS12190 | product=16S ribosomal RNA | organism=Staphylococcus pseudintermedius' -> NZ_CP087461.1_|_locus_tag=LPA87_RS12190
NOTE: Change sequence name 'NZ_CP087460.1 | locus_tag=LPB28_RS03660 | product=16S ribosomal RNA | organism=Staphylococcus pseudintermedius' -> NZ_CP087460.1_|_locus_tag=LPB28_RS03660
NOTE: Change sequence name 'NZ_CP087459.1 | locus_tag=LPB01_RS03650 | product=16S ribosomal RNA | organism=Staphylococcus pseudintermedius' -> NZ_CP087459.1_|_locus_tag=LPB01_RS03650
NOTE: Change sequence name 'NZ_CP087456.1 | locus_tag=LPA55_RS03870 | product=16S ribosomal RNA | organism=Staphylococcus pseudintermedius' -> NZ_CP087456.1_|_locus_tag=LPA55_RS03870
NOTE: Change sequence name 'NZ_CP087457.1 | locus_tag=LPA78_RS04315 | product=16S ribosomal RNA | organism=Staphylococcus pseudintermedius' -> NZ_CP087457.1_|_locus_tag=LPA78_RS04315
NOTE: Change sequence name 'NZ_CP087457.1 | locus_tag=LPA78_RS11555 | product=16S ribosomal RNA | organism=Staphylococcus pseudintermedius' -> NZ_CP087457.1_|_locus_tag=LPA78_RS11555
NOTE: Change sequence name 'NZ_CP087457.1 | locus_tag=LPA78_RS11570 | product=16S ribosomal RNA | organism=Staphylococcus pseudintermedius' -> NZ_CP087457.1_|_locus_tag=LPA78_RS11570
NOTE: Change sequence name 'NZ_CP087457.1 | locus_tag=LPA78_RS11825 | product=16S ribosomal RNA | organism=Staphylococcus pseudintermedius' -> NZ_CP087457.1_|_locus_tag=LPA78_RS11825
NOTE: Change sequence name 'NZ_CP087455.1 | locus_tag=LPB38_RS03870 | product=16S ribosomal RNA | organism=Staphylococcus pseudintermedius' -> NZ_CP087455.1_|_locus_tag=LPB38_RS03870
NOTE: Change sequence name 'NZ_CP087454.1 | locus_tag=LPA59_RS03750 | product=16S ribosomal RNA | organism=Staphylococcus pseudintermedius' -> NZ_CP087454.1_|_locus_tag=LPA59_RS03750
NOTE: Change sequence name 'NZ_CP087454.1 | locus_tag=LPA59_RS04365 | product=16S ribosomal RNA | organism=Staphylococcus pseudintermedius' -> NZ_CP087454.1_|_locus_tag=LPA59_RS04365
NOTE: Change sequence name 'NZ_CP087454.1 | locus_tag=LPA59_RS12525 | product=16S ribosomal RNA | organism=Staphylococcus pseudintermedius' -> NZ_CP087454.1_|_locus_tag=LPA59_RS12525
NOTE: Change sequence name 'NZ_CP087454.1 | locus_tag=LPA59_RS12540 | product=16S ribosomal RNA | organism=Staphylococcus pseudintermedius' -> NZ_CP087454.1_|_locus_tag=LPA59_RS12540
NOTE: Change sequence name 'NZ_CP087454.1 | locus_tag=LPA59_RS12795 | product=16S ribosomal RNA | organism=Staphylococcus pseudintermedius' -> NZ_CP087454.1_|_locus_tag=LPA59_RS12795
NOTE: Change sequence name 'NZ_CP087453.1 | locus_tag=LPB33_RS04080 | product=16S ribosomal RNA | organism=Staphylococcus pseudintermedius' -> NZ_CP087453.1_|_locus_tag=LPB33_RS04080
NOTE: Change sequence name 'NZ_CP087453.1 | locus_tag=LPB33_RS04630 | product=16S ribosomal RNA | organism=Staphylococcus pseudintermedius' -> NZ_CP087453.1_|_locus_tag=LPB33_RS04630
NOTE: Change sequence name 'NZ_CP087453.1 | locus_tag=LPB33_RS12080 | product=16S ribosomal RNA | organism=Staphylococcus pseudintermedius' -> NZ_CP087453.1_|_locus_tag=LPB33_RS12080
NOTE: Change sequence name 'NZ_CP087453.1 | locus_tag=LPB33_RS12095 | product=16S ribosomal RNA | organism=Staphylococcus pseudintermedius' -> NZ_CP087453.1_|_locus_tag=LPB33_RS12095
NOTE: Change sequence name 'NZ_CP087453.1 | locus_tag=LPB33_RS12350 | product=16S ribosomal RNA | organism=Staphylococcus pseudintermedius' -> NZ_CP087453.1_|_locus_tag=LPB33_RS12350
NOTE: Change sequence name 'NZ_CP087452.1 | locus_tag=LPA71_RS03290 | product=16S ribosomal RNA | organism=Staphylococcus pseudintermedius' -> NZ_CP087452.1_|_locus_tag=LPA71_RS03290
NOTE: Change sequence name 'NZ_CP087452.1 | locus_tag=LPA71_RS03900 | product=16S ribosomal RNA | organism=Staphylococcus pseudintermedius' -> NZ_CP087452.1_|_locus_tag=LPA71_RS03900
NOTE: Change sequence name 'NZ_CP087452.1 | locus_tag=LPA71_RS11870 | product=16S ribosomal RNA | organism=Staphylococcus pseudintermedius' -> NZ_CP087452.1_|_locus_tag=LPA71_RS11870
NOTE: Change sequence name 'NZ_CP087452.1 | locus_tag=LPA71_RS11885 | product=16S ribosomal RNA | organism=Staphylococcus pseudintermedius' -> NZ_CP087452.1_|_locus_tag=LPA71_RS11885
NOTE: Change sequence name 'NZ_CP087452.1 | locus_tag=LPA71_RS12140 | product=16S ribosomal RNA | organism=Staphylococcus pseudintermedius' -> NZ_CP087452.1_|_locus_tag=LPA71_RS12140
NOTE: Change sequence name 'NZ_CP087427.1 | locus_tag=LPB23_RS03880 | product=16S ribosomal RNA | organism=Staphylococcus pseudintermedius' -> NZ_CP087427.1_|_locus_tag=LPB23_RS03880
NOTE: Change sequence name 'NZ_CP087427.1 | locus_tag=LPB23_RS04505 | product=16S ribosomal RNA | organism=Staphylococcus pseudintermedius' -> NZ_CP087427.1_|_locus_tag=LPB23_RS04505
NOTE: Change sequence name 'NZ_CP087427.1 | locus_tag=LPB23_RS11700 | product=16S ribosomal RNA | organism=Staphylococcus pseudintermedius' -> NZ_CP087427.1_|_locus_tag=LPB23_RS11700
NOTE: Change sequence name 'NZ_CP087426.1 | locus_tag=LPA80_RS12085 | product=16S ribosomal RNA | organism=Staphylococcus pseudintermedius' -> NZ_CP087426.1_|_locus_tag=LPA80_RS12085
NOTE: Change sequence name 'NZ_CP197393.1 | locus_tag=ACTQG0_RS00005 | product=16S ribosomal RNA | organism=Staphylococcus pseudintermedius' -> NZ_CP197393.1_|_locus_tag=ACTQG0_RS00005
NOTE: Change sequence name 'NZ_CP197393.1 | locus_tag=ACTQG0_RS00020 | product=16S ribosomal RNA | organism=Staphylococcus pseudintermedius' -> NZ_CP197393.1_|_locus_tag=ACTQG0_RS00020
NOTE: Change sequence name 'NZ_CP197393.1 | locus_tag=ACTQG0_RS08795 | product=16S ribosomal RNA | organism=Staphylococcus pseudintermedius' -> NZ_CP197393.1_|_locus_tag=ACTQG0_RS08795
NOTE: Change sequence name 'NZ_CP197393.1 | locus_tag=ACTQG0_RS13135 | product=16S ribosomal RNA | organism=Staphylococcus pseudintermedius' -> NZ_CP197393.1_|_locus_tag=ACTQG0_RS13135
NOTE: Change sequence name 'NZ_CP197392.1 | locus_tag=ACTQGY_RS00540 | product=16S ribosomal RNA | organism=Staphylococcus pseudintermedius' -> NZ_CP197392.1_|_locus_tag=ACTQGY_RS00540
NOTE: Change sequence name 'NZ_CP197392.1 | locus_tag=ACTQGY_RS04830 | product=16S ribosomal RNA | organism=Staphylococcus pseudintermedius' -> NZ_CP197392.1_|_locus_tag=ACTQGY_RS04830
NOTE: Change sequence name 'NZ_CP197392.1 | locus_tag=ACTQGY_RS05085 | product=16S ribosomal RNA | organism=Staphylococcus pseudintermedius' -> NZ_CP197392.1_|_locus_tag=ACTQGY_RS05085
NOTE: Change sequence name 'NZ_CP197392.1 | locus_tag=ACTQGY_RS05100 | product=16S ribosomal RNA | organism=Staphylococcus pseudintermedius' -> NZ_CP197392.1_|_locus_tag=ACTQGY_RS05100
NOTE: Change sequence name 'NZ_CP197391.1 | locus_tag=ACTQGX_RS07415 | product=16S ribosomal RNA | organism=Staphylococcus pseudintermedius' -> NZ_CP197391.1_|_locus_tag=ACTQGX_RS07415
NOTE: Change sequence name 'NZ_CP197391.1 | locus_tag=ACTQGX_RS07430 | product=16S ribosomal RNA | organism=Staphylococcus pseudintermedius' -> NZ_CP197391.1_|_locus_tag=ACTQGX_RS07430
NOTE: Change sequence name 'NZ_CP197391.1 | locus_tag=ACTQGX_RS07685 | product=16S ribosomal RNA | organism=Staphylococcus pseudintermedius' -> NZ_CP197391.1_|_locus_tag=ACTQGX_RS07685
NOTE: Change sequence name 'NZ_CP197391.1 | locus_tag=ACTQGX_RS11975 | product=16S ribosomal RNA | organism=Staphylococcus pseudintermedius' -> NZ_CP197391.1_|_locus_tag=ACTQGX_RS11975
NOTE: Change sequence name 'NZ_CP197390.1 | locus_tag=ACTQG1_RS00005 | product=16S ribosomal RNA | organism=Staphylococcus pseudintermedius' -> NZ_CP197390.1_|_locus_tag=ACTQG1_RS00005
NOTE: Change sequence name 'NZ_CP197390.1 | locus_tag=ACTQG1_RS00020 | product=16S ribosomal RNA | organism=Staphylococcus pseudintermedius' -> NZ_CP197390.1_|_locus_tag=ACTQG1_RS00020
NOTE: Change sequence name 'NZ_CP197390.1 | locus_tag=ACTQG1_RS08540 | product=16S ribosomal RNA | organism=Staphylococcus pseudintermedius' -> NZ_CP197390.1_|_locus_tag=ACTQG1_RS08540
NOTE: Change sequence name 'NZ_CP197390.1 | locus_tag=ACTQG1_RS12835 | product=16S ribosomal RNA | organism=Staphylococcus pseudintermedius' -> NZ_CP197390.1_|_locus_tag=ACTQG1_RS12835
NOTE: Change sequence name 'NZ_CP162665.1 | locus_tag=AB4Y52_RS02730 | product=16S ribosomal RNA | organism=Staphylococcus pseudintermedius' -> NZ_CP162665.1_|_locus_tag=AB4Y52_RS02730
NOTE: Change sequence name 'NZ_CP162665.1 | locus_tag=AB4Y52_RS03370 | product=16S ribosomal RNA | organism=Staphylococcus pseudintermedius' -> NZ_CP162665.1_|_locus_tag=AB4Y52_RS03370
NOTE: Change sequence name 'NZ_CP162665.1 | locus_tag=AB4Y52_RS07870 | product=16S ribosomal RNA | organism=Staphylococcus pseudintermedius' -> NZ_CP162665.1_|_locus_tag=AB4Y52_RS07870
NOTE: Change sequence name 'NZ_CP162665.1 | locus_tag=AB4Y52_RS08125 | product=16S ribosomal RNA | organism=Staphylococcus pseudintermedius' -> NZ_CP162665.1_|_locus_tag=AB4Y52_RS08125
NOTE: Change sequence name 'NZ_CP162665.1 | locus_tag=AB4Y52_RS08145 | product=16S ribosomal RNA | organism=Staphylococcus pseudintermedius' -> NZ_CP162665.1_|_locus_tag=AB4Y52_RS08145
NOTE: Change sequence name 'NZ_CP162663.1 | locus_tag=AB4Y50_RS00475 | product=16S ribosomal RNA | organism=Staphylococcus pseudintermedius' -> NZ_CP162663.1_|_locus_tag=AB4Y50_RS00475
NOTE: Change sequence name 'NZ_CP162663.1 | locus_tag=AB4Y50_RS01115 | product=16S ribosomal RNA | organism=Staphylococcus pseudintermedius' -> NZ_CP162663.1_|_locus_tag=AB4Y50_RS01115
NOTE: Change sequence name 'NZ_CP162663.1 | locus_tag=AB4Y50_RS05620 | product=16S ribosomal RNA | organism=Staphylococcus pseudintermedius' -> NZ_CP162663.1_|_locus_tag=AB4Y50_RS05620
NOTE: Change sequence name 'NZ_CP162663.1 | locus_tag=AB4Y50_RS05875 | product=16S ribosomal RNA | organism=Staphylococcus pseudintermedius' -> NZ_CP162663.1_|_locus_tag=AB4Y50_RS05875
NOTE: Change sequence name 'NZ_CP162663.1 | locus_tag=AB4Y50_RS05895 | product=16S ribosomal RNA | organism=Staphylococcus pseudintermedius' -> NZ_CP162663.1_|_locus_tag=AB4Y50_RS05895
NOTE: Change sequence name 'NZ_CP163405.1 | locus_tag=AB6C05_RS04110 | product=16S ribosomal RNA | organism=Staphylococcus pseudintermedius' -> NZ_CP163405.1_|_locus_tag=AB6C05_RS04110
NOTE: Change sequence name 'NZ_CP163405.1 | locus_tag=AB6C05_RS09230 | product=16S ribosomal RNA | organism=Staphylococcus pseudintermedius' -> NZ_CP163405.1_|_locus_tag=AB6C05_RS09230
NOTE: Change sequence name 'NZ_CP163405.1 | locus_tag=AB6C05_RS09485 | product=16S ribosomal RNA | organism=Staphylococcus pseudintermedius' -> NZ_CP163405.1_|_locus_tag=AB6C05_RS09485
NOTE: Change sequence name 'NZ_CP163405.1 | locus_tag=AB6C05_RS09505 | product=16S ribosomal RNA | organism=Staphylococcus pseudintermedius' -> NZ_CP163405.1_|_locus_tag=AB6C05_RS09505
NOTE: Change sequence name 'NZ_CP163405.1 | locus_tag=AB6C05_RS09525 | product=16S ribosomal RNA | organism=Staphylococcus pseudintermedius' -> NZ_CP163405.1_|_locus_tag=AB6C05_RS09525
NOTE: Change sequence name 'NZ_CP163403.1 | locus_tag=AB6C04_RS00005 | product=16S ribosomal RNA | organism=Staphylococcus pseudintermedius' -> NZ_CP163403.1_|_locus_tag=AB6C04_RS00005
NOTE: Change sequence name 'NZ_CP163403.1 | locus_tag=AB6C04_RS00025 | product=16S ribosomal RNA | organism=Staphylococcus pseudintermedius' -> NZ_CP163403.1_|_locus_tag=AB6C04_RS00025
NOTE: Change sequence name 'NZ_CP163403.1 | locus_tag=AB6C04_RS07715 | product=16S ribosomal RNA | organism=Staphylococcus pseudintermedius' -> NZ_CP163403.1_|_locus_tag=AB6C04_RS07715
NOTE: Change sequence name 'NZ_CP163403.1 | locus_tag=AB6C04_RS12835 | product=16S ribosomal RNA | organism=Staphylococcus pseudintermedius' -> NZ_CP163403.1_|_locus_tag=AB6C04_RS12835
NOTE: Change sequence name 'NZ_CP163401.1 | locus_tag=AB6C03_RS05660 | product=16S ribosomal RNA | organism=Staphylococcus pseudintermedius' -> NZ_CP163401.1_|_locus_tag=AB6C03_RS05660
NOTE: Change sequence name 'NZ_CP163401.1 | locus_tag=AB6C03_RS05680 | product=16S ribosomal RNA | organism=Staphylococcus pseudintermedius' -> NZ_CP163401.1_|_locus_tag=AB6C03_RS05680
NOTE: Change sequence name 'NZ_CP163401.1 | locus_tag=AB6C03_RS05935 | product=16S ribosomal RNA | organism=Staphylococcus pseudintermedius' -> NZ_CP163401.1_|_locus_tag=AB6C03_RS05935
NOTE: Change sequence name 'NZ_CP163401.1 | locus_tag=AB6C03_RS11050 | product=16S ribosomal RNA | organism=Staphylococcus pseudintermedius' -> NZ_CP163401.1_|_locus_tag=AB6C03_RS11050
NOTE: Change sequence name 'NZ_CP087464.1 | locus_tag=LPB15_RS04855 | product=16S ribosomal RNA | organism=Staphylococcus pseudintermedius' -> NZ_CP087464.1_|_locus_tag=LPB15_RS04855
NOTE: Change sequence name 'NZ_CP087463.1 | locus_tag=LPB07_RS04925 | product=16S ribosomal RNA | organism=Staphylococcus pseudintermedius' -> NZ_CP087463.1_|_locus_tag=LPB07_RS04925
NOTE: Change sequence name 'NZ_CP087460.1 | locus_tag=LPB28_RS04790 | product=16S ribosomal RNA | organism=Staphylococcus pseudintermedius' -> NZ_CP087460.1_|_locus_tag=LPB28_RS04790
NOTE: Change sequence name 'NZ_CP087459.1 | locus_tag=LPB01_RS04770 | product=16S ribosomal RNA | organism=Staphylococcus pseudintermedius' -> NZ_CP087459.1_|_locus_tag=LPB01_RS04770
NOTE: Change sequence name 'NZ_CP087457.1 | locus_tag=LPA78_RS04925 | product=16S ribosomal RNA | organism=Staphylococcus pseudintermedius' -> NZ_CP087457.1_|_locus_tag=LPA78_RS04925
NOTE: Change sequence name 'NZ_CP087466.1 | locus_tag=LPA58_RS03260 | product=16S ribosomal RNA | organism=Staphylococcus pseudintermedius' -> NZ_CP087466.1_|_locus_tag=LPA58_RS03260
NOTE: Change sequence name 'NZ_CP087463.1 | locus_tag=LPB07_RS03780 | product=16S ribosomal RNA | organism=Staphylococcus pseudintermedius' -> NZ_CP087463.1_|_locus_tag=LPB07_RS03780
NOTE: Change sequence name 'NZ_CP087457.1 | locus_tag=LPA78_RS03760 | product=16S ribosomal RNA | organism=Staphylococcus pseudintermedius' -> NZ_CP087457.1_|_locus_tag=LPA78_RS03760
NOTE: Change sequence name 'NZ_CP087461.1 | locus_tag=LPA87_RS04755 | product=16S ribosomal RNA | organism=Staphylococcus pseudintermedius' -> NZ_CP087461.1_|_locus_tag=LPA87_RS04755
NOTE: Change sequence name 'NZ_CP087466.1 | locus_tag=LPA58_RS03810 | product=16S ribosomal RNA | organism=Staphylococcus pseudintermedius' -> NZ_CP087466.1_|_locus_tag=LPA58_RS03810
NOTE: Change sequence name 'NZ_CP087427.1 | locus_tag=LPB23_RS11955 | product=16S ribosomal RNA | organism=Staphylococcus pseudintermedius' -> NZ_CP087427.1_|_locus_tag=LPB23_RS11955
NOTE: Change sequence name 'NZ_CP087470.1 | locus_tag=LPA94_RS03925 | product=16S ribosomal RNA | organism=Staphylococcus pseudintermedius' -> NZ_CP087470.1_|_locus_tag=LPA94_RS03925
NOTE: Change sequence name 'NZ_CP087469.1 | locus_tag=LPB21_RS03925 | product=16S ribosomal RNA | organism=Staphylococcus pseudintermedius' -> NZ_CP087469.1_|_locus_tag=LPB21_RS03925
NOTE: Change sequence name 'NZ_CP087465.1 | locus_tag=LPB06_RS04410 | product=16S ribosomal RNA | organism=Staphylococcus pseudintermedius' -> NZ_CP087465.1_|_locus_tag=LPB06_RS04410
NOTE: Change sequence name 'NZ_CP087463.1 | locus_tag=LPB07_RS04325 | product=16S ribosomal RNA | organism=Staphylococcus pseudintermedius' -> NZ_CP087463.1_|_locus_tag=LPB07_RS04325
NOTE: Change sequence name 'NZ_CP087460.1 | locus_tag=LPB28_RS04190 | product=16S ribosomal RNA | organism=Staphylococcus pseudintermedius' -> NZ_CP087460.1_|_locus_tag=LPB28_RS04190
NOTE: Change sequence name 'NZ_CP087459.1 | locus_tag=LPB01_RS04170 | product=16S ribosomal RNA | organism=Staphylococcus pseudintermedius' -> NZ_CP087459.1_|_locus_tag=LPB01_RS04170
NOTE: Change sequence name 'NZ_CP087456.1 | locus_tag=LPA55_RS04410 | product=16S ribosomal RNA | organism=Staphylococcus pseudintermedius' -> NZ_CP087456.1_|_locus_tag=LPA55_RS04410
NOTE: Change sequence name 'NZ_CP087455.1 | locus_tag=LPB38_RS04410 | product=16S ribosomal RNA | organism=Staphylococcus pseudintermedius' -> NZ_CP087455.1_|_locus_tag=LPB38_RS04410
NOTE: Change sequence name 'NZ_CP163405.1 | locus_tag=AB6C05_RS04760 | product=16S ribosomal RNA | organism=Staphylococcus pseudintermedius' -> NZ_CP163405.1_|_locus_tag=AB6C05_RS04760
NOTE: Change sequence name 'NZ_CP163405.1 | locus_tag=AB6C05_RS05285 | product=16S ribosomal RNA | organism=Staphylococcus pseudintermedius' -> NZ_CP163405.1_|_locus_tag=AB6C05_RS05285
NOTE: Change sequence name 'NZ_CP163403.1 | locus_tag=AB6C04_RS08365 | product=16S ribosomal RNA | organism=Staphylococcus pseudintermedius' -> NZ_CP163403.1_|_locus_tag=AB6C04_RS08365
NOTE: Change sequence name 'NZ_CP163403.1 | locus_tag=AB6C04_RS08890 | product=16S ribosomal RNA | organism=Staphylococcus pseudintermedius' -> NZ_CP163403.1_|_locus_tag=AB6C04_RS08890
NOTE: Change sequence name 'NZ_CP163401.1 | locus_tag=AB6C03_RS09875 | product=16S ribosomal RNA | organism=Staphylococcus pseudintermedius' -> NZ_CP163401.1_|_locus_tag=AB6C03_RS09875
NOTE: Change sequence name 'NZ_CP163401.1 | locus_tag=AB6C03_RS10400 | product=16S ribosomal RNA | organism=Staphylococcus pseudintermedius' -> NZ_CP163401.1_|_locus_tag=AB6C03_RS10400
NOTE: Change sequence name 'NZ_CP197393.1 | locus_tag=ACTQG0_RS08265 | product=16S ribosomal RNA | organism=Staphylococcus pseudintermedius' -> NZ_CP197393.1_|_locus_tag=ACTQG0_RS08265
NOTE: Change sequence name 'NZ_CP197392.1 | locus_tag=ACTQGY_RS00015 | product=16S ribosomal RNA | organism=Staphylococcus pseudintermedius' -> NZ_CP197392.1_|_locus_tag=ACTQGY_RS00015
NOTE: Change sequence name 'NZ_CP197391.1 | locus_tag=ACTQGX_RS12500 | product=16S ribosomal RNA | organism=Staphylococcus pseudintermedius' -> NZ_CP197391.1_|_locus_tag=ACTQGX_RS12500
NOTE: Change sequence name 'NZ_CP197390.1 | locus_tag=ACTQG1_RS08015 | product=16S ribosomal RNA | organism=Staphylococcus pseudintermedius' -> NZ_CP197390.1_|_locus_tag=ACTQG1_RS08015
NOTE: Change sequence name 'NZ_CP087465.1 | locus_tag=LPB06_RS11705 | product=16S ribosomal RNA | organism=Staphylococcus pseudintermedius' -> NZ_CP087465.1_|_locus_tag=LPB06_RS11705
NOTE: Change sequence name 'NZ_CP087456.1 | locus_tag=LPA55_RS11705 | product=16S ribosomal RNA | organism=Staphylococcus pseudintermedius' -> NZ_CP087456.1_|_locus_tag=LPA55_RS11705
NOTE: Change sequence name 'NZ_CP087455.1 | locus_tag=LPB38_RS11705 | product=16S ribosomal RNA | organism=Staphylococcus pseudintermedius' -> NZ_CP087455.1_|_locus_tag=LPB38_RS11705
NOTE: Change sequence name 'NZ_CP087460.1 | locus_tag=LPB28_RS11575 | product=16S ribosomal RNA | organism=Staphylococcus pseudintermedius' -> NZ_CP087460.1_|_locus_tag=LPB28_RS11575
NOTE: Change sequence name 'NZ_CP087460.1 | locus_tag=LPB28_RS11590 | product=16S ribosomal RNA | organism=Staphylococcus pseudintermedius' -> NZ_CP087460.1_|_locus_tag=LPB28_RS11590
NOTE: Change sequence name 'NZ_CP087460.1 | locus_tag=LPB28_RS11845 | product=16S ribosomal RNA | organism=Staphylococcus pseudintermedius' -> NZ_CP087460.1_|_locus_tag=LPB28_RS11845
NOTE: Change sequence name 'NZ_CP087459.1 | locus_tag=LPB01_RS11540 | product=16S ribosomal RNA | organism=Staphylococcus pseudintermedius' -> NZ_CP087459.1_|_locus_tag=LPB01_RS11540
NOTE: Change sequence name 'NZ_CP087459.1 | locus_tag=LPB01_RS11795 | product=16S ribosomal RNA | organism=Staphylococcus pseudintermedius' -> NZ_CP087459.1_|_locus_tag=LPB01_RS11795
NOTE: Change sequence name 'NZ_CP087462.1 | locus_tag=LPA62_RS03420 | product=16S ribosomal RNA | organism=Staphylococcus pseudintermedius' -> NZ_CP087462.1_|_locus_tag=LPA62_RS03420
NOTE: Change sequence name 'NZ_CP087461.1 | locus_tag=LPA87_RS03570 | product=16S ribosomal RNA | organism=Staphylococcus pseudintermedius' -> NZ_CP087461.1_|_locus_tag=LPA87_RS03570
NOTE: Change sequence name 'NZ_CP087453.1 | locus_tag=LPB33_RS05265 | product=16S ribosomal RNA | organism=Staphylococcus pseudintermedius' -> NZ_CP087453.1_|_locus_tag=LPB33_RS05265
NOTE: Change sequence name 'NZ_CP197393.1 | locus_tag=ACTQG0_RS07665 | product=16S ribosomal RNA | organism=Staphylococcus pseudintermedius' -> NZ_CP197393.1_|_locus_tag=ACTQG0_RS07665
NOTE: Change sequence name 'NZ_CP197392.1 | locus_tag=ACTQGY_RS12090 | product=16S ribosomal RNA | organism=Staphylococcus pseudintermedius' -> NZ_CP197392.1_|_locus_tag=ACTQGY_RS12090
NOTE: Change sequence name 'NZ_CP197391.1 | locus_tag=ACTQGX_RS00005 | product=16S ribosomal RNA | organism=Staphylococcus pseudintermedius' -> NZ_CP197391.1_|_locus_tag=ACTQGX_RS00005
NOTE: Change sequence name 'NZ_CP197390.1 | locus_tag=ACTQG1_RS07415 | product=16S ribosomal RNA | organism=Staphylococcus pseudintermedius' -> NZ_CP197390.1_|_locus_tag=ACTQG1_RS07415
NOTE: Change sequence name 'NZ_CP087468.1 | locus_tag=LPB09_RS08585 | product=16S ribosomal RNA | organism=Staphylococcus pseudintermedius' -> NZ_CP087468.1_|_locus_tag=LPB09_RS08585
NOTE: Change sequence name 'NZ_CP087467.1 | locus_tag=LPA83_RS04950 | product=16S ribosomal RNA | organism=Staphylococcus pseudintermedius' -> NZ_CP087467.1_|_locus_tag=LPA83_RS04950
NOTE: Change sequence name 'NZ_CP087465.1 | locus_tag=LPB06_RS05060 | product=16S ribosomal RNA | organism=Staphylococcus pseudintermedius' -> NZ_CP087465.1_|_locus_tag=LPB06_RS05060
NOTE: Change sequence name 'NZ_CP087456.1 | locus_tag=LPA55_RS05060 | product=16S ribosomal RNA | organism=Staphylococcus pseudintermedius' -> NZ_CP087456.1_|_locus_tag=LPA55_RS05060
NOTE: Change sequence name 'NZ_CP087455.1 | locus_tag=LPB38_RS05060 | product=16S ribosomal RNA | organism=Staphylococcus pseudintermedius' -> NZ_CP087455.1_|_locus_tag=LPB38_RS05060
NOTE: Change sequence name 'NZ_CP087454.1 | locus_tag=LPA59_RS05015 | product=16S ribosomal RNA | organism=Staphylococcus pseudintermedius' -> NZ_CP087454.1_|_locus_tag=LPA59_RS05015
NOTE: Change sequence name 'NZ_CP087452.1 | locus_tag=LPA71_RS04535 | product=16S ribosomal RNA | organism=Staphylococcus pseudintermedius' -> NZ_CP087452.1_|_locus_tag=LPA71_RS04535
NOTE: Change sequence name 'NZ_CP087470.1 | locus_tag=LPA94_RS04560 | product=16S ribosomal RNA | organism=Staphylococcus pseudintermedius' -> NZ_CP087470.1_|_locus_tag=LPA94_RS04560
NOTE: Change sequence name 'NZ_CP087469.1 | locus_tag=LPB21_RS04560 | product=16S ribosomal RNA | organism=Staphylococcus pseudintermedius' -> NZ_CP087469.1_|_locus_tag=LPB21_RS04560
NOTE: Change sequence name 'NZ_CP087462.1 | locus_tag=LPA62_RS04605 | product=16S ribosomal RNA | organism=Staphylococcus pseudintermedius' -> NZ_CP087462.1_|_locus_tag=LPA62_RS04605
NOTE: Change sequence name 'NZ_CP195074.1 | locus_tag=ACSAXH_RS03085 | product=16S ribosomal RNA | organism=Staphylococcus chromogenes' -> NZ_CP195074.1_|_locus_tag=ACSAXH_RS03085
NOTE: Change sequence name 'NZ_CP195074.1 | locus_tag=ACSAXH_RS04155 | product=16S ribosomal RNA | organism=Staphylococcus chromogenes' -> NZ_CP195074.1_|_locus_tag=ACSAXH_RS04155
NOTE: Change sequence name 'NZ_CP195074.1 | locus_tag=ACSAXH_RS10605 | product=16S ribosomal RNA | organism=Staphylococcus chromogenes' -> NZ_CP195074.1_|_locus_tag=ACSAXH_RS10605
NOTE: Change sequence name 'NZ_CP195074.1 | locus_tag=ACSAXH_RS10620 | product=16S ribosomal RNA | organism=Staphylococcus chromogenes' -> NZ_CP195074.1_|_locus_tag=ACSAXH_RS10620
NOTE: Change sequence name 'NZ_CP195066.1 | locus_tag=ACSAXG_RS04235 | product=16S ribosomal RNA | organism=Staphylococcus chromogenes' -> NZ_CP195066.1_|_locus_tag=ACSAXG_RS04235
NOTE: Change sequence name 'NZ_CP195074.1 | locus_tag=ACSAXH_RS10875 | product=16S ribosomal RNA | organism=Staphylococcus chromogenes' -> NZ_CP195074.1_|_locus_tag=ACSAXH_RS10875
NOTE: Change sequence name 'NZ_CP162665.1 | locus_tag=AB4Y52_RS03905 | product=16S ribosomal RNA | organism=Staphylococcus pseudintermedius' -> NZ_CP162665.1_|_locus_tag=AB4Y52_RS03905
NOTE: Change sequence name 'NZ_CP162663.1 | locus_tag=AB4Y50_RS01650 | product=16S ribosomal RNA | organism=Staphylococcus pseudintermedius' -> NZ_CP162663.1_|_locus_tag=AB4Y50_RS01650
NOTE: Change sequence name 'NZ_CP195066.1 | locus_tag=ACSAXG_RS03145 | product=16S ribosomal RNA | organism=Staphylococcus chromogenes' -> NZ_CP195066.1_|_locus_tag=ACSAXG_RS03145
NOTE: Change sequence name 'NZ_CP195066.1 | locus_tag=ACSAXG_RS03660 | product=16S ribosomal RNA | organism=Staphylococcus chromogenes' -> NZ_CP195066.1_|_locus_tag=ACSAXG_RS03660
NOTE: Change sequence name 'NZ_CP195066.1 | locus_tag=ACSAXG_RS10695 | product=16S ribosomal RNA | organism=Staphylococcus chromogenes' -> NZ_CP195066.1_|_locus_tag=ACSAXG_RS10695
NOTE: Change sequence name 'NZ_CP195066.1 | locus_tag=ACSAXG_RS10710 | product=16S ribosomal RNA | organism=Staphylococcus chromogenes' -> NZ_CP195066.1_|_locus_tag=ACSAXG_RS10710
NOTE: Change sequence name 'NZ_CP195066.1 | locus_tag=ACSAXG_RS10965 | product=16S ribosomal RNA | organism=Staphylococcus chromogenes' -> NZ_CP195066.1_|_locus_tag=ACSAXG_RS10965
NOTE: Change sequence name 'NZ_CP195074.1 | locus_tag=ACSAXH_RS03585 | product=16S ribosomal RNA | organism=Staphylococcus chromogenes' -> NZ_CP195074.1_|_locus_tag=ACSAXH_RS03585
NOTE: Change sequence name 'NZ_CP190853.1 | locus_tag=ACP8MJ_RS11450 | product=16S ribosomal RNA | organism=Staphylococcus epidermidis' -> NZ_CP190853.1_|_locus_tag=ACP8MJ_RS11450
NOTE: Change sequence name 'NZ_CP166554.1 | locus_tag=AB6X89_RS04345 | product=16S ribosomal RNA | organism=Staphylococcus aureus' -> NZ_CP166554.1_|_locus_tag=AB6X89_RS04345
NOTE: Change sequence name 'NZ_AP041587.1 | locus_tag=ACZ5QC_RS04810 | product=16S ribosomal RNA | organism=Staphylococcus aureus' -> NZ_AP041587.1_|_locus_tag=ACZ5QC_RS04810
NOTE: Change sequence name 'NZ_AP041587.1 | locus_tag=ACZ5QC_RS10630 | product=16S ribosomal RNA | organism=Staphylococcus aureus' -> NZ_AP041587.1_|_locus_tag=ACZ5QC_RS10630
NOTE: Change sequence name 'NZ_CP087413.1 | locus_tag=LPB35_RS03460 | product=16S ribosomal RNA | organism=Staphylococcus epidermidis' -> NZ_CP087413.1_|_locus_tag=LPB35_RS03460
NOTE: Change sequence name 'NZ_CP087413.1 | locus_tag=LPB35_RS11565 | product=16S ribosomal RNA | organism=Staphylococcus epidermidis' -> NZ_CP087413.1_|_locus_tag=LPB35_RS11565
NOTE: Change sequence name 'NZ_CP166525.1 | locus_tag=AB6X74_RS04590 | product=16S ribosomal RNA | organism=Staphylococcus aureus' -> NZ_CP166525.1_|_locus_tag=AB6X74_RS04590
NOTE: Change sequence name 'NZ_CP190834.1 | locus_tag=ACP8K8_RS10355 | product=16S ribosomal RNA | organism=Staphylococcus hominis' -> NZ_CP190834.1_|_locus_tag=ACP8K8_RS10355
NOTE: Change sequence name 'NZ_CP190834.1 | locus_tag=ACP8K8_RS04370 | product=16S ribosomal RNA | organism=Staphylococcus hominis' -> NZ_CP190834.1_|_locus_tag=ACP8K8_RS04370
NOTE: Change sequence name 'NZ_CP190973.1 | locus_tag=ACP8LY_RS04710 | product=16S ribosomal RNA | organism=Staphylococcus hominis' -> NZ_CP190973.1_|_locus_tag=ACP8LY_RS04710
NOTE: Change sequence name 'NZ_CP190973.1 | locus_tag=ACP8LY_RS10475 | product=16S ribosomal RNA | organism=Staphylococcus hominis' -> NZ_CP190973.1_|_locus_tag=ACP8LY_RS10475
NOTE: Change sequence name 'NZ_CP190834.1 | locus_tag=ACP8K8_RS03345 | product=16S ribosomal RNA | organism=Staphylococcus hominis' -> NZ_CP190834.1_|_locus_tag=ACP8K8_RS03345
NOTE: Change sequence name 'NZ_CP190834.1 | locus_tag=ACP8K8_RS03835 | product=16S ribosomal RNA | organism=Staphylococcus hominis' -> NZ_CP190834.1_|_locus_tag=ACP8K8_RS03835
NOTE: Change sequence name 'NZ_CP190834.1 | locus_tag=ACP8K8_RS10340 | product=16S ribosomal RNA | organism=Staphylococcus hominis' -> NZ_CP190834.1_|_locus_tag=ACP8K8_RS10340
NOTE: Change sequence name 'NZ_CP190834.1 | locus_tag=ACP8K8_RS10600 | product=16S ribosomal RNA | organism=Staphylococcus hominis' -> NZ_CP190834.1_|_locus_tag=ACP8K8_RS10600
NOTE: Change sequence name 'NZ_CP190973.1 | locus_tag=ACP8LY_RS03690 | product=16S ribosomal RNA | organism=Staphylococcus hominis' -> NZ_CP190973.1_|_locus_tag=ACP8LY_RS03690
NOTE: Change sequence name 'NZ_CP190973.1 | locus_tag=ACP8LY_RS04185 | product=16S ribosomal RNA | organism=Staphylococcus hominis' -> NZ_CP190973.1_|_locus_tag=ACP8LY_RS04185
NOTE: Change sequence name 'NZ_CP190973.1 | locus_tag=ACP8LY_RS10720 | product=16S ribosomal RNA | organism=Staphylococcus hominis' -> NZ_CP190973.1_|_locus_tag=ACP8LY_RS10720
NOTE: Change sequence name 'NZ_CP190973.1 | locus_tag=ACP8LY_RS10460 | product=16S ribosomal RNA | organism=Staphylococcus hominis' -> NZ_CP190973.1_|_locus_tag=ACP8LY_RS10460
NOTE: Change sequence name 'NZ_OZ408735.1 | locus_tag=ACZJZQ_RS11110 | product=16S ribosomal RNA | organism=Staphylococcus epidermidis' -> NZ_OZ408735.1_|_locus_tag=ACZJZQ_RS11110
NOTE: Change sequence name 'NZ_CP190975.1 | locus_tag=ACP8MH_RS04290 | product=16S ribosomal RNA | organism=Staphylococcus pettenkoferi' -> NZ_CP190975.1_|_locus_tag=ACP8MH_RS04290
NOTE: Change sequence name 'NZ_CP190979.1 | locus_tag=ACP8J3_RS03435 | product=16S ribosomal RNA | organism=Staphylococcus warneri' -> NZ_CP190979.1_|_locus_tag=ACP8J3_RS03435
NOTE: Change sequence name 'NZ_CP190979.1 | locus_tag=ACP8J3_RS03945 | product=16S ribosomal RNA | organism=Staphylococcus warneri' -> NZ_CP190979.1_|_locus_tag=ACP8J3_RS03945
NOTE: Change sequence name 'NZ_CP190979.1 | locus_tag=ACP8J3_RS04640 | product=16S ribosomal RNA | organism=Staphylococcus warneri' -> NZ_CP190979.1_|_locus_tag=ACP8J3_RS04640
NOTE: Change sequence name 'NZ_CP190979.1 | locus_tag=ACP8J3_RS10955 | product=16S ribosomal RNA | organism=Staphylococcus warneri' -> NZ_CP190979.1_|_locus_tag=ACP8J3_RS10955
NOTE: Change sequence name 'NZ_CP190979.1 | locus_tag=ACP8J3_RS10970 | product=16S ribosomal RNA | organism=Staphylococcus warneri' -> NZ_CP190979.1_|_locus_tag=ACP8J3_RS10970
NOTE: Change sequence name 'NZ_CP190979.1 | locus_tag=ACP8J3_RS11220 | product=16S ribosomal RNA | organism=Staphylococcus warneri' -> NZ_CP190979.1_|_locus_tag=ACP8J3_RS11220
NOTE: Change sequence name 'NZ_CP190937.1 | locus_tag=ACP8JV_RS11160 | product=16S ribosomal RNA | organism=Staphylococcus warneri' -> NZ_CP190937.1_|_locus_tag=ACP8JV_RS11160
NOTE: Change sequence name 'NZ_CP190937.1 | locus_tag=ACP8JV_RS03600 | product=16S ribosomal RNA | organism=Staphylococcus warneri' -> NZ_CP190937.1_|_locus_tag=ACP8JV_RS03600
NOTE: Change sequence name 'NZ_CP190937.1 | locus_tag=ACP8JV_RS04115 | product=16S ribosomal RNA | organism=Staphylococcus warneri' -> NZ_CP190937.1_|_locus_tag=ACP8JV_RS04115
NOTE: Change sequence name 'NZ_CP190937.1 | locus_tag=ACP8JV_RS11145 | product=16S ribosomal RNA | organism=Staphylococcus warneri' -> NZ_CP190937.1_|_locus_tag=ACP8JV_RS11145
NOTE: Change sequence name 'NZ_CP190937.1 | locus_tag=ACP8JV_RS11410 | product=16S ribosomal RNA | organism=Staphylococcus warneri' -> NZ_CP190937.1_|_locus_tag=ACP8JV_RS11410
NOTE: Change sequence name 'NZ_CP121447.1 | locus_tag=P7F85_RS03580 | product=16S ribosomal RNA | organism=Staphylococcus sp. aM' -> NZ_CP121447.1_|_locus_tag=P7F85_RS03580
NOTE: Change sequence name 'NZ_CP121447.1 | locus_tag=P7F85_RS04095 | product=16S ribosomal RNA | organism=Staphylococcus sp. aM' -> NZ_CP121447.1_|_locus_tag=P7F85_RS04095
NOTE: Change sequence name 'NZ_CP121447.1 | locus_tag=P7F85_RS04800 | product=16S ribosomal RNA | organism=Staphylococcus sp. aM' -> NZ_CP121447.1_|_locus_tag=P7F85_RS04800
NOTE: Change sequence name 'NZ_CP121447.1 | locus_tag=P7F85_RS11095 | product=16S ribosomal RNA | organism=Staphylococcus sp. aM' -> NZ_CP121447.1_|_locus_tag=P7F85_RS11095
NOTE: Change sequence name 'NZ_CP121447.1 | locus_tag=P7F85_RS11110 | product=16S ribosomal RNA | organism=Staphylococcus sp. aM' -> NZ_CP121447.1_|_locus_tag=P7F85_RS11110
NOTE: Change sequence name 'NZ_CP121447.1 | locus_tag=P7F85_RS11360 | product=16S ribosomal RNA | organism=Staphylococcus sp. aM' -> NZ_CP121447.1_|_locus_tag=P7F85_RS11360
NOTE: Change sequence name 'NZ_CP190937.1 | locus_tag=ACP8JV_RS04770 | product=16S ribosomal RNA | organism=Staphylococcus warneri' -> NZ_CP190937.1_|_locus_tag=ACP8JV_RS04770
NOTE: Change sequence name 'NZ_OZ408735.1 | locus_tag=ACZJZQ_RS05010 | product=16S ribosomal RNA | organism=Staphylococcus epidermidis' -> NZ_OZ408735.1_|_locus_tag=ACZJZQ_RS05010
NOTE: Change sequence name 'NZ_AP029231.1 | locus_tag=ACZ5VA_RS03790 | product=16S ribosomal RNA | organism=Staphylococcus epidermidis' -> NZ_AP029231.1_|_locus_tag=ACZ5VA_RS03790
NOTE: Change sequence name 'NZ_OZ408735.1 | locus_tag=ACZJZQ_RS04995 | product=16S ribosomal RNA | organism=Staphylococcus epidermidis' -> NZ_OZ408735.1_|_locus_tag=ACZJZQ_RS04995
NOTE: Change sequence name 'NZ_AP029227.1 | locus_tag=ACZ5V5_RS11060 | product=16S ribosomal RNA | organism=Staphylococcus epidermidis' -> NZ_AP029227.1_|_locus_tag=ACZ5V5_RS11060
NOTE: Change sequence name 'NZ_CP087397.1 | locus_tag=LPA66_RS11840 | product=16S ribosomal RNA | organism=Staphylococcus epidermidis' -> NZ_CP087397.1_|_locus_tag=LPA66_RS11840
NOTE: Change sequence name 'NZ_CP191099.1 | locus_tag=ACP8IB_RS04560 | product=16S ribosomal RNA | organism=Staphylococcus epidermidis' -> NZ_CP191099.1_|_locus_tag=ACP8IB_RS04560
NOTE: Change sequence name 'NZ_CP190964.1 | locus_tag=ACP8KO_RS03325 | product=16S ribosomal RNA | organism=Staphylococcus epidermidis' -> NZ_CP190964.1_|_locus_tag=ACP8KO_RS03325
NOTE: Change sequence name 'NZ_CP190991.1 | locus_tag=ACP8KD_RS04540 | product=16S ribosomal RNA | organism=Staphylococcus epidermidis' -> NZ_CP190991.1_|_locus_tag=ACP8KD_RS04540
NOTE: Change sequence name 'NZ_CP190856.1 | locus_tag=ACP8MF_RS11245 | product=16S ribosomal RNA | organism=Staphylococcus epidermidis' -> NZ_CP190856.1_|_locus_tag=ACP8MF_RS11245
NOTE: Change sequence name 'NZ_CP191099.1 | locus_tag=ACP8IB_RS10850 | product=16S ribosomal RNA | organism=Staphylococcus epidermidis' -> NZ_CP191099.1_|_locus_tag=ACP8IB_RS10850
NOTE: Change sequence name 'NZ_CP190975.1 | locus_tag=ACP8MH_RS03765 | product=16S ribosomal RNA | organism=Staphylococcus pettenkoferi' -> NZ_CP190975.1_|_locus_tag=ACP8MH_RS03765
NOTE: Change sequence name 'NZ_CP190975.1 | locus_tag=ACP8MH_RS04850 | product=16S ribosomal RNA | organism=Staphylococcus pettenkoferi' -> NZ_CP190975.1_|_locus_tag=ACP8MH_RS04850
NOTE: Change sequence name 'NZ_CP190975.1 | locus_tag=ACP8MH_RS11485 | product=16S ribosomal RNA | organism=Staphylococcus pettenkoferi' -> NZ_CP190975.1_|_locus_tag=ACP8MH_RS11485
NOTE: Change sequence name 'NZ_CP190975.1 | locus_tag=ACP8MH_RS11500 | product=16S ribosomal RNA | organism=Staphylococcus pettenkoferi' -> NZ_CP190975.1_|_locus_tag=ACP8MH_RS11500
NOTE: Change sequence name 'NZ_CP190975.1 | locus_tag=ACP8MH_RS11800 | product=16S ribosomal RNA | organism=Staphylococcus pettenkoferi' -> NZ_CP190975.1_|_locus_tag=ACP8MH_RS11800
NOTE: Change sequence name 'NZ_CP191038.1 | locus_tag=ACP8MX_RS03355 | product=16S ribosomal RNA | organism=Staphylococcus epidermidis' -> NZ_CP191038.1_|_locus_tag=ACP8MX_RS03355
NOTE: Change sequence name 'NZ_CP190853.1 | locus_tag=ACP8MJ_RS11185 | product=16S ribosomal RNA | organism=Staphylococcus epidermidis' -> NZ_CP190853.1_|_locus_tag=ACP8MJ_RS11185
NOTE: Change sequence name 'NZ_CP195124.1 | locus_tag=ACR43Q_RS10680 | product=16S ribosomal RNA | organism=Staphylococcus epidermidis' -> NZ_CP195124.1_|_locus_tag=ACR43Q_RS10680
NOTE: Change sequence name 'NZ_AP029227.1 | locus_tag=ACZ5V5_RS03580 | product=16S ribosomal RNA | organism=Staphylococcus epidermidis' -> NZ_AP029227.1_|_locus_tag=ACZ5V5_RS03580
NOTE: Change sequence name 'NZ_CP191006.1 | locus_tag=ACP8JE_RS04535 | product=16S ribosomal RNA | organism=Staphylococcus epidermidis' -> NZ_CP191006.1_|_locus_tag=ACP8JE_RS04535
NOTE: Change sequence name 'NZ_CP190984.1 | locus_tag=ACP8LE_RS04530 | product=16S ribosomal RNA | organism=Staphylococcus epidermidis' -> NZ_CP190984.1_|_locus_tag=ACP8LE_RS04530
NOTE: Change sequence name 'NZ_CP190856.1 | locus_tag=ACP8MF_RS11230 | product=16S ribosomal RNA | organism=Staphylococcus epidermidis' -> NZ_CP190856.1_|_locus_tag=ACP8MF_RS11230
NOTE: Change sequence name 'NZ_CP190856.1 | locus_tag=ACP8MF_RS11495 | product=16S ribosomal RNA | organism=Staphylococcus epidermidis' -> NZ_CP190856.1_|_locus_tag=ACP8MF_RS11495
NOTE: Change sequence name 'NZ_CP191077.1 | locus_tag=ACP8KB_RS03515 | product=16S ribosomal RNA | organism=Staphylococcus epidermidis' -> NZ_CP191077.1_|_locus_tag=ACP8KB_RS03515
NOTE: Change sequence name 'NZ_CP191077.1 | locus_tag=ACP8KB_RS03995 | product=16S ribosomal RNA | organism=Staphylococcus epidermidis' -> NZ_CP191077.1_|_locus_tag=ACP8KB_RS03995
NOTE: Change sequence name 'NZ_CP191077.1 | locus_tag=ACP8KB_RS04595 | product=16S ribosomal RNA | organism=Staphylococcus epidermidis' -> NZ_CP191077.1_|_locus_tag=ACP8KB_RS04595
NOTE: Change sequence name 'NZ_CP191077.1 | locus_tag=ACP8KB_RS11070 | product=16S ribosomal RNA | organism=Staphylococcus epidermidis' -> NZ_CP191077.1_|_locus_tag=ACP8KB_RS11070
NOTE: Change sequence name 'NZ_CP191077.1 | locus_tag=ACP8KB_RS11085 | product=16S ribosomal RNA | organism=Staphylococcus epidermidis' -> NZ_CP191077.1_|_locus_tag=ACP8KB_RS11085
NOTE: Change sequence name 'NZ_CP191067.1 | locus_tag=ACP8LX_RS11230 | product=16S ribosomal RNA | organism=Staphylococcus epidermidis' -> NZ_CP191067.1_|_locus_tag=ACP8LX_RS11230
NOTE: Change sequence name 'NZ_CP191049.1 | locus_tag=ACP8K0_RS03440 | product=16S ribosomal RNA | organism=Staphylococcus epidermidis' -> NZ_CP191049.1_|_locus_tag=ACP8K0_RS03440
NOTE: Change sequence name 'NZ_CP191049.1 | locus_tag=ACP8K0_RS03925 | product=16S ribosomal RNA | organism=Staphylococcus epidermidis' -> NZ_CP191049.1_|_locus_tag=ACP8K0_RS03925
NOTE: Change sequence name 'NZ_CP191049.1 | locus_tag=ACP8K0_RS10560 | product=16S ribosomal RNA | organism=Staphylococcus epidermidis' -> NZ_CP191049.1_|_locus_tag=ACP8K0_RS10560
NOTE: Change sequence name 'NZ_CP191049.1 | locus_tag=ACP8K0_RS10575 | product=16S ribosomal RNA | organism=Staphylococcus epidermidis' -> NZ_CP191049.1_|_locus_tag=ACP8K0_RS10575
NOTE: Change sequence name 'NZ_CP191049.1 | locus_tag=ACP8K0_RS10825 | product=16S ribosomal RNA | organism=Staphylococcus epidermidis' -> NZ_CP191049.1_|_locus_tag=ACP8K0_RS10825
NOTE: Change sequence name 'NZ_CP191041.1 | locus_tag=ACP8JJ_RS03450 | product=16S ribosomal RNA | organism=Staphylococcus epidermidis' -> NZ_CP191041.1_|_locus_tag=ACP8JJ_RS03450
NOTE: Change sequence name 'NZ_CP191041.1 | locus_tag=ACP8JJ_RS03930 | product=16S ribosomal RNA | organism=Staphylococcus epidermidis' -> NZ_CP191041.1_|_locus_tag=ACP8JJ_RS03930
NOTE: Change sequence name 'NZ_CP191041.1 | locus_tag=ACP8JJ_RS04600 | product=16S ribosomal RNA | organism=Staphylococcus epidermidis' -> NZ_CP191041.1_|_locus_tag=ACP8JJ_RS04600
NOTE: Change sequence name 'NZ_CP191041.1 | locus_tag=ACP8JJ_RS11165 | product=16S ribosomal RNA | organism=Staphylococcus epidermidis' -> NZ_CP191041.1_|_locus_tag=ACP8JJ_RS11165
NOTE: Change sequence name 'NZ_CP191041.1 | locus_tag=ACP8JJ_RS11180 | product=16S ribosomal RNA | organism=Staphylococcus epidermidis' -> NZ_CP191041.1_|_locus_tag=ACP8JJ_RS11180
NOTE: Change sequence name 'NZ_CP191041.1 | locus_tag=ACP8JJ_RS11430 | product=16S ribosomal RNA | organism=Staphylococcus epidermidis' -> NZ_CP191041.1_|_locus_tag=ACP8JJ_RS11430
NOTE: Change sequence name 'NZ_CP191006.1 | locus_tag=ACP8JE_RS03320 | product=16S ribosomal RNA | organism=Staphylococcus epidermidis' -> NZ_CP191006.1_|_locus_tag=ACP8JE_RS03320
NOTE: Change sequence name 'NZ_CP191006.1 | locus_tag=ACP8JE_RS03805 | product=16S ribosomal RNA | organism=Staphylococcus epidermidis' -> NZ_CP191006.1_|_locus_tag=ACP8JE_RS03805
NOTE: Change sequence name 'NZ_CP191006.1 | locus_tag=ACP8JE_RS10930 | product=16S ribosomal RNA | organism=Staphylococcus epidermidis' -> NZ_CP191006.1_|_locus_tag=ACP8JE_RS10930
NOTE: Change sequence name 'NZ_CP191006.1 | locus_tag=ACP8JE_RS10945 | product=16S ribosomal RNA | organism=Staphylococcus epidermidis' -> NZ_CP191006.1_|_locus_tag=ACP8JE_RS10945
NOTE: Change sequence name 'NZ_CP191006.1 | locus_tag=ACP8JE_RS11195 | product=16S ribosomal RNA | organism=Staphylococcus epidermidis' -> NZ_CP191006.1_|_locus_tag=ACP8JE_RS11195
NOTE: Change sequence name 'NZ_CP190995.1 | locus_tag=ACP8LU_RS03310 | product=16S ribosomal RNA | organism=Staphylococcus epidermidis' -> NZ_CP190995.1_|_locus_tag=ACP8LU_RS03310
NOTE: Change sequence name 'NZ_CP190995.1 | locus_tag=ACP8LU_RS03790 | product=16S ribosomal RNA | organism=Staphylococcus epidermidis' -> NZ_CP190995.1_|_locus_tag=ACP8LU_RS03790
NOTE: Change sequence name 'NZ_CP190995.1 | locus_tag=ACP8LU_RS04520 | product=16S ribosomal RNA | organism=Staphylococcus epidermidis' -> NZ_CP190995.1_|_locus_tag=ACP8LU_RS04520
NOTE: Change sequence name 'NZ_CP190995.1 | locus_tag=ACP8LU_RS11150 | product=16S ribosomal RNA | organism=Staphylococcus epidermidis' -> NZ_CP190995.1_|_locus_tag=ACP8LU_RS11150
NOTE: Change sequence name 'NZ_CP190995.1 | locus_tag=ACP8LU_RS11170 | product=16S ribosomal RNA | organism=Staphylococcus epidermidis' -> NZ_CP190995.1_|_locus_tag=ACP8LU_RS11170
NOTE: Change sequence name 'NZ_CP190991.1 | locus_tag=ACP8KD_RS03325 | product=16S ribosomal RNA | organism=Staphylococcus epidermidis' -> NZ_CP190991.1_|_locus_tag=ACP8KD_RS03325
NOTE: Change sequence name 'NZ_CP190991.1 | locus_tag=ACP8KD_RS03810 | product=16S ribosomal RNA | organism=Staphylococcus epidermidis' -> NZ_CP190991.1_|_locus_tag=ACP8KD_RS03810
NOTE: Change sequence name 'NZ_CP190991.1 | locus_tag=ACP8KD_RS10935 | product=16S ribosomal RNA | organism=Staphylococcus epidermidis' -> NZ_CP190991.1_|_locus_tag=ACP8KD_RS10935
NOTE: Change sequence name 'NZ_CP190991.1 | locus_tag=ACP8KD_RS10950 | product=16S ribosomal RNA | organism=Staphylococcus epidermidis' -> NZ_CP190991.1_|_locus_tag=ACP8KD_RS10950
NOTE: Change sequence name 'NZ_CP190991.1 | locus_tag=ACP8KD_RS11200 | product=16S ribosomal RNA | organism=Staphylococcus epidermidis' -> NZ_CP190991.1_|_locus_tag=ACP8KD_RS11200
NOTE: Change sequence name 'NZ_CP190984.1 | locus_tag=ACP8LE_RS03315 | product=16S ribosomal RNA | organism=Staphylococcus epidermidis' -> NZ_CP190984.1_|_locus_tag=ACP8LE_RS03315
NOTE: Change sequence name 'NZ_CP190984.1 | locus_tag=ACP8LE_RS03800 | product=16S ribosomal RNA | organism=Staphylococcus epidermidis' -> NZ_CP190984.1_|_locus_tag=ACP8LE_RS03800
NOTE: Change sequence name 'NZ_CP190984.1 | locus_tag=ACP8LE_RS10980 | product=16S ribosomal RNA | organism=Staphylococcus epidermidis' -> NZ_CP190984.1_|_locus_tag=ACP8LE_RS10980
NOTE: Change sequence name 'NZ_CP190984.1 | locus_tag=ACP8LE_RS10995 | product=16S ribosomal RNA | organism=Staphylococcus epidermidis' -> NZ_CP190984.1_|_locus_tag=ACP8LE_RS10995
NOTE: Change sequence name 'NZ_CP190984.1 | locus_tag=ACP8LE_RS11245 | product=16S ribosomal RNA | organism=Staphylococcus epidermidis' -> NZ_CP190984.1_|_locus_tag=ACP8LE_RS11245
NOTE: Change sequence name 'NZ_CP190964.1 | locus_tag=ACP8KO_RS03815 | product=16S ribosomal RNA | organism=Staphylococcus epidermidis' -> NZ_CP190964.1_|_locus_tag=ACP8KO_RS03815
NOTE: Change sequence name 'NZ_CP190964.1 | locus_tag=ACP8KO_RS10920 | product=16S ribosomal RNA | organism=Staphylococcus epidermidis' -> NZ_CP190964.1_|_locus_tag=ACP8KO_RS10920
NOTE: Change sequence name 'NZ_CP190964.1 | locus_tag=ACP8KO_RS10935 | product=16S ribosomal RNA | organism=Staphylococcus epidermidis' -> NZ_CP190964.1_|_locus_tag=ACP8KO_RS10935
NOTE: Change sequence name 'NZ_CP190964.1 | locus_tag=ACP8KO_RS11185 | product=16S ribosomal RNA | organism=Staphylococcus epidermidis' -> NZ_CP190964.1_|_locus_tag=ACP8KO_RS11185
NOTE: Change sequence name 'NZ_CP190959.1 | locus_tag=ACP8JN_RS03635 | product=16S ribosomal RNA | organism=Staphylococcus epidermidis' -> NZ_CP190959.1_|_locus_tag=ACP8JN_RS03635
NOTE: Change sequence name 'NZ_CP190959.1 | locus_tag=ACP8JN_RS04115 | product=16S ribosomal RNA | organism=Staphylococcus epidermidis' -> NZ_CP190959.1_|_locus_tag=ACP8JN_RS04115
NOTE: Change sequence name 'NZ_CP190959.1 | locus_tag=ACP8JN_RS10810 | product=16S ribosomal RNA | organism=Staphylococcus epidermidis' -> NZ_CP190959.1_|_locus_tag=ACP8JN_RS10810
NOTE: Change sequence name 'NZ_CP190959.1 | locus_tag=ACP8JN_RS11060 | product=16S ribosomal RNA | organism=Staphylococcus epidermidis' -> NZ_CP190959.1_|_locus_tag=ACP8JN_RS11060
NOTE: Change sequence name 'NZ_CP191136.1 | locus_tag=ACP8I1_RS07980 | product=16S ribosomal RNA | organism=Staphylococcus epidermidis' -> NZ_CP191136.1_|_locus_tag=ACP8I1_RS07980
NOTE: Change sequence name 'NZ_CP191136.1 | locus_tag=ACP8I1_RS08470 | product=16S ribosomal RNA | organism=Staphylococcus epidermidis' -> NZ_CP191136.1_|_locus_tag=ACP8I1_RS08470
NOTE: Change sequence name 'NZ_CP191136.1 | locus_tag=ACP8I1_RS11115 | product=16S ribosomal RNA | organism=Staphylococcus epidermidis' -> NZ_CP191136.1_|_locus_tag=ACP8I1_RS11115
NOTE: Change sequence name 'NZ_CP191136.1 | locus_tag=ACP8I1_RS11130 | product=16S ribosomal RNA | organism=Staphylococcus epidermidis' -> NZ_CP191136.1_|_locus_tag=ACP8I1_RS11130
NOTE: Change sequence name 'NZ_CP191136.1 | locus_tag=ACP8I1_RS11380 | product=16S ribosomal RNA | organism=Staphylococcus epidermidis' -> NZ_CP191136.1_|_locus_tag=ACP8I1_RS11380
NOTE: Change sequence name 'NZ_CP191102.1 | locus_tag=ACP8K2_RS03430 | product=16S ribosomal RNA | organism=Staphylococcus epidermidis' -> NZ_CP191102.1_|_locus_tag=ACP8K2_RS03430
NOTE: Change sequence name 'NZ_CP191102.1 | locus_tag=ACP8K2_RS03920 | product=16S ribosomal RNA | organism=Staphylococcus epidermidis' -> NZ_CP191102.1_|_locus_tag=ACP8K2_RS03920
NOTE: Change sequence name 'NZ_CP191102.1 | locus_tag=ACP8K2_RS11030 | product=16S ribosomal RNA | organism=Staphylococcus epidermidis' -> NZ_CP191102.1_|_locus_tag=ACP8K2_RS11030
NOTE: Change sequence name 'NZ_CP191102.1 | locus_tag=ACP8K2_RS11280 | product=16S ribosomal RNA | organism=Staphylococcus epidermidis' -> NZ_CP191102.1_|_locus_tag=ACP8K2_RS11280
NOTE: Change sequence name 'NZ_CP191109.1 | locus_tag=ACP8J6_RS03520 | product=16S ribosomal RNA | organism=Staphylococcus epidermidis' -> NZ_CP191109.1_|_locus_tag=ACP8J6_RS03520
NOTE: Change sequence name 'NZ_CP191109.1 | locus_tag=ACP8J6_RS04000 | product=16S ribosomal RNA | organism=Staphylococcus epidermidis' -> NZ_CP191109.1_|_locus_tag=ACP8J6_RS04000
NOTE: Change sequence name 'NZ_CP191109.1 | locus_tag=ACP8J6_RS04555 | product=16S ribosomal RNA | organism=Staphylococcus epidermidis' -> NZ_CP191109.1_|_locus_tag=ACP8J6_RS04555
NOTE: Change sequence name 'NZ_CP191109.1 | locus_tag=ACP8J6_RS10830 | product=16S ribosomal RNA | organism=Staphylococcus epidermidis' -> NZ_CP191109.1_|_locus_tag=ACP8J6_RS10830
NOTE: Change sequence name 'NZ_CP191109.1 | locus_tag=ACP8J6_RS10845 | product=16S ribosomal RNA | organism=Staphylococcus epidermidis' -> NZ_CP191109.1_|_locus_tag=ACP8J6_RS10845
NOTE: Change sequence name 'NZ_CP191109.1 | locus_tag=ACP8J6_RS11095 | product=16S ribosomal RNA | organism=Staphylococcus epidermidis' -> NZ_CP191109.1_|_locus_tag=ACP8J6_RS11095
NOTE: Change sequence name 'NZ_CP191099.1 | locus_tag=ACP8IB_RS04005 | product=16S ribosomal RNA | organism=Staphylococcus epidermidis' -> NZ_CP191099.1_|_locus_tag=ACP8IB_RS04005
NOTE: Change sequence name 'NZ_CP191099.1 | locus_tag=ACP8IB_RS10835 | product=16S ribosomal RNA | organism=Staphylococcus epidermidis' -> NZ_CP191099.1_|_locus_tag=ACP8IB_RS10835
NOTE: Change sequence name 'NZ_CP191099.1 | locus_tag=ACP8IB_RS11100 | product=16S ribosomal RNA | organism=Staphylococcus epidermidis' -> NZ_CP191099.1_|_locus_tag=ACP8IB_RS11100
NOTE: Change sequence name 'NZ_CP185372.1 | locus_tag=ACOQII_RS03875 | product=16S ribosomal RNA | organism=Staphylococcus epidermidis' -> NZ_CP185372.1_|_locus_tag=ACOQII_RS03875
NOTE: Change sequence name 'NZ_CP185372.1 | locus_tag=ACOQII_RS10675 | product=16S ribosomal RNA | organism=Staphylococcus epidermidis' -> NZ_CP185372.1_|_locus_tag=ACOQII_RS10675
NOTE: Change sequence name 'NZ_CP185372.1 | locus_tag=ACOQII_RS10690 | product=16S ribosomal RNA | organism=Staphylococcus epidermidis' -> NZ_CP185372.1_|_locus_tag=ACOQII_RS10690
NOTE: Change sequence name 'NZ_CP185372.1 | locus_tag=ACOQII_RS10940 | product=16S ribosomal RNA | organism=Staphylococcus epidermidis' -> NZ_CP185372.1_|_locus_tag=ACOQII_RS10940
NOTE: Change sequence name 'NZ_CP186575.1 | locus_tag=ACOKFZ_RS03530 | product=16S ribosomal RNA | organism=Staphylococcus epidermidis' -> NZ_CP186575.1_|_locus_tag=ACOKFZ_RS03530
NOTE: Change sequence name 'NZ_CP186575.1 | locus_tag=ACOKFZ_RS04010 | product=16S ribosomal RNA | organism=Staphylococcus epidermidis' -> NZ_CP186575.1_|_locus_tag=ACOKFZ_RS04010
NOTE: Change sequence name 'NZ_CP186575.1 | locus_tag=ACOKFZ_RS10965 | product=16S ribosomal RNA | organism=Staphylococcus epidermidis' -> NZ_CP186575.1_|_locus_tag=ACOKFZ_RS10965
NOTE: Change sequence name 'NZ_CP180449.1 | locus_tag=ACMYSJ_RS04025 | product=16S ribosomal RNA | organism=Staphylococcus epidermidis' -> NZ_CP180449.1_|_locus_tag=ACMYSJ_RS04025
NOTE: Change sequence name 'NZ_CP180449.1 | locus_tag=ACMYSJ_RS10665 | product=16S ribosomal RNA | organism=Staphylococcus epidermidis' -> NZ_CP180449.1_|_locus_tag=ACMYSJ_RS10665
NOTE: Change sequence name 'NZ_CP180449.1 | locus_tag=ACMYSJ_RS10680 | product=16S ribosomal RNA | organism=Staphylococcus epidermidis' -> NZ_CP180449.1_|_locus_tag=ACMYSJ_RS10680
NOTE: Change sequence name 'NZ_CP180449.1 | locus_tag=ACMYSJ_RS10930 | product=16S ribosomal RNA | organism=Staphylococcus epidermidis' -> NZ_CP180449.1_|_locus_tag=ACMYSJ_RS10930
NOTE: Change sequence name 'NZ_AP029231.1 | locus_tag=ACZ5VA_RS10635 | product=16S ribosomal RNA | organism=Staphylococcus epidermidis' -> NZ_AP029231.1_|_locus_tag=ACZ5VA_RS10635
NOTE: Change sequence name 'NZ_OZ408735.1 | locus_tag=ACZJZQ_RS00015 | product=16S ribosomal RNA | organism=Staphylococcus epidermidis' -> NZ_OZ408735.1_|_locus_tag=ACZJZQ_RS00015
NOTE: Change sequence name 'NZ_OZ408735.1 | locus_tag=ACZJZQ_RS00495 | product=16S ribosomal RNA | organism=Staphylococcus epidermidis' -> NZ_OZ408735.1_|_locus_tag=ACZJZQ_RS00495
NOTE: Change sequence name 'NZ_CP087416.1 | locus_tag=LPA61_RS11790 | product=16S ribosomal RNA | organism=Staphylococcus epidermidis' -> NZ_CP087416.1_|_locus_tag=LPA61_RS11790
NOTE: Change sequence name 'NZ_CP087416.1 | locus_tag=LPA61_RS12040 | product=16S ribosomal RNA | organism=Staphylococcus epidermidis' -> NZ_CP087416.1_|_locus_tag=LPA61_RS12040
NOTE: Change sequence name 'NZ_CP087409.1 | locus_tag=LPB26_RS11780 | product=16S ribosomal RNA | organism=Staphylococcus epidermidis' -> NZ_CP087409.1_|_locus_tag=LPB26_RS11780
NOTE: Change sequence name 'NZ_CP087402.1 | locus_tag=LPA77_RS11785 | product=16S ribosomal RNA | organism=Staphylococcus epidermidis' -> NZ_CP087402.1_|_locus_tag=LPA77_RS11785
NOTE: Change sequence name 'NZ_AP029231.1 | locus_tag=ACZ5VA_RS10650 | product=16S ribosomal RNA | organism=Staphylococcus epidermidis' -> NZ_AP029231.1_|_locus_tag=ACZ5VA_RS10650
NOTE: Change sequence name 'NZ_CP087422.1 | locus_tag=LPA88_RS04180 | product=16S ribosomal RNA | organism=Staphylococcus epidermidis' -> NZ_CP087422.1_|_locus_tag=LPA88_RS04180
NOTE: Change sequence name 'NZ_CP190853.1 | locus_tag=ACP8MJ_RS03550 | product=16S ribosomal RNA | organism=Staphylococcus epidermidis' -> NZ_CP190853.1_|_locus_tag=ACP8MJ_RS03550
NOTE: Change sequence name 'NZ_CP191067.1 | locus_tag=ACP8LX_RS03405 | product=16S ribosomal RNA | organism=Staphylococcus epidermidis' -> NZ_CP191067.1_|_locus_tag=ACP8LX_RS03405
NOTE: Change sequence name 'NZ_CP190856.1 | locus_tag=ACP8MF_RS03820 | product=16S ribosomal RNA | organism=Staphylococcus epidermidis' -> NZ_CP190856.1_|_locus_tag=ACP8MF_RS03820
NOTE: Change sequence name 'NZ_CP191099.1 | locus_tag=ACP8IB_RS03525 | product=16S ribosomal RNA | organism=Staphylococcus epidermidis' -> NZ_CP191099.1_|_locus_tag=ACP8IB_RS03525
NOTE: Change sequence name 'NZ_CP185372.1 | locus_tag=ACOQII_RS03395 | product=16S ribosomal RNA | organism=Staphylococcus epidermidis' -> NZ_CP185372.1_|_locus_tag=ACOQII_RS03395
NOTE: Change sequence name 'NZ_CP180449.1 | locus_tag=ACMYSJ_RS03545 | product=16S ribosomal RNA | organism=Staphylococcus epidermidis' -> NZ_CP180449.1_|_locus_tag=ACMYSJ_RS03545
NOTE: Change sequence name 'NZ_AP029231.1 | locus_tag=ACZ5VA_RS03310 | product=16S ribosomal RNA | organism=Staphylococcus epidermidis' -> NZ_AP029231.1_|_locus_tag=ACZ5VA_RS03310
NOTE: Change sequence name 'NZ_CP087422.1 | locus_tag=LPA88_RS03695 | product=16S ribosomal RNA | organism=Staphylococcus epidermidis' -> NZ_CP087422.1_|_locus_tag=LPA88_RS03695
NOTE: Change sequence name 'NZ_CP087416.1 | locus_tag=LPA61_RS03460 | product=16S ribosomal RNA | organism=Staphylococcus epidermidis' -> NZ_CP087416.1_|_locus_tag=LPA61_RS03460
NOTE: Change sequence name 'NZ_CP087409.1 | locus_tag=LPB26_RS03460 | product=16S ribosomal RNA | organism=Staphylococcus epidermidis' -> NZ_CP087409.1_|_locus_tag=LPB26_RS03460
NOTE: Change sequence name 'NZ_CP087402.1 | locus_tag=LPA77_RS03470 | product=16S ribosomal RNA | organism=Staphylococcus epidermidis' -> NZ_CP087402.1_|_locus_tag=LPA77_RS03470
NOTE: Change sequence name 'NZ_OZ408735.1 | locus_tag=ACZJZQ_RS04745 | product=16S ribosomal RNA | organism=Staphylococcus epidermidis' -> NZ_OZ408735.1_|_locus_tag=ACZJZQ_RS04745
NOTE: Change sequence name 'NZ_CP190841.1 | locus_tag=ACP8LS_RS04440 | product=16S ribosomal RNA | organism=Staphylococcus haemolyticus' -> NZ_CP190841.1_|_locus_tag=ACP8LS_RS04440
NOTE: Change sequence name 'NZ_CP186575.1 | locus_tag=ACOKFZ_RS11230 | product=16S ribosomal RNA | organism=Staphylococcus epidermidis' -> NZ_CP186575.1_|_locus_tag=ACOKFZ_RS11230
NOTE: Change sequence name 'NZ_CP195124.1 | locus_tag=ACR43Q_RS03870 | product=16S ribosomal RNA | organism=Staphylococcus epidermidis' -> NZ_CP195124.1_|_locus_tag=ACR43Q_RS03870
NOTE: Change sequence name 'NZ_CP191077.1 | locus_tag=ACP8KB_RS11335 | product=16S ribosomal RNA | organism=Staphylococcus epidermidis' -> NZ_CP191077.1_|_locus_tag=ACP8KB_RS11335
NOTE: Change sequence name 'NZ_CP191067.1 | locus_tag=ACP8LX_RS11500 | product=16S ribosomal RNA | organism=Staphylococcus epidermidis' -> NZ_CP191067.1_|_locus_tag=ACP8LX_RS11500
NOTE: Change sequence name 'NZ_CP190995.1 | locus_tag=ACP8LU_RS11420 | product=16S ribosomal RNA | organism=Staphylococcus epidermidis' -> NZ_CP190995.1_|_locus_tag=ACP8LU_RS11420
NOTE: Change sequence name 'NZ_CP190856.1 | locus_tag=ACP8MF_RS04905 | product=16S ribosomal RNA | organism=Staphylococcus epidermidis' -> NZ_CP190856.1_|_locus_tag=ACP8MF_RS04905
NOTE: Change sequence name 'NZ_CP191049.1 | locus_tag=ACP8K0_RS04480 | product=16S ribosomal RNA | organism=Staphylococcus epidermidis' -> NZ_CP191049.1_|_locus_tag=ACP8K0_RS04480
NOTE: Change sequence name 'NZ_CP190964.1 | locus_tag=ACP8KO_RS04500 | product=16S ribosomal RNA | organism=Staphylococcus epidermidis' -> NZ_CP190964.1_|_locus_tag=ACP8KO_RS04500
NOTE: Change sequence name 'NZ_CP190959.1 | locus_tag=ACP8JN_RS04675 | product=16S ribosomal RNA | organism=Staphylococcus epidermidis' -> NZ_CP190959.1_|_locus_tag=ACP8JN_RS04675
NOTE: Change sequence name 'NZ_CP185372.1 | locus_tag=ACOQII_RS04485 | product=16S ribosomal RNA | organism=Staphylococcus epidermidis' -> NZ_CP185372.1_|_locus_tag=ACOQII_RS04485
NOTE: Change sequence name 'NZ_CP186575.1 | locus_tag=ACOKFZ_RS04615 | product=16S ribosomal RNA | organism=Staphylococcus epidermidis' -> NZ_CP186575.1_|_locus_tag=ACOKFZ_RS04615
NOTE: Change sequence name 'NZ_CP186575.1 | locus_tag=ACOKFZ_RS10980 | product=16S ribosomal RNA | organism=Staphylococcus epidermidis' -> NZ_CP186575.1_|_locus_tag=ACOKFZ_RS10980
NOTE: Change sequence name 'NZ_CP180449.1 | locus_tag=ACMYSJ_RS04585 | product=16S ribosomal RNA | organism=Staphylococcus epidermidis' -> NZ_CP180449.1_|_locus_tag=ACMYSJ_RS04585
NOTE: Change sequence name 'NZ_AP029231.1 | locus_tag=ACZ5VA_RS10900 | product=16S ribosomal RNA | organism=Staphylococcus epidermidis' -> NZ_AP029231.1_|_locus_tag=ACZ5VA_RS10900
NOTE: Change sequence name 'NZ_CP190959.1 | locus_tag=ACP8JN_RS10795 | product=16S ribosomal RNA | organism=Staphylococcus epidermidis' -> NZ_CP190959.1_|_locus_tag=ACP8JN_RS10795
NOTE: Change sequence name 'NZ_CP191038.1 | locus_tag=ACP8MX_RS10985 | product=16S ribosomal RNA | organism=Staphylococcus epidermidis' -> NZ_CP191038.1_|_locus_tag=ACP8MX_RS10985
NOTE: Change sequence name 'NZ_CP087395.1 | locus_tag=LPB30_RS12265 | product=16S ribosomal RNA | organism=Staphylococcus epidermidis' -> NZ_CP087395.1_|_locus_tag=LPB30_RS12265
NOTE: Change sequence name 'NZ_CP087416.1 | locus_tag=LPA61_RS05320 | product=16S ribosomal RNA | organism=Staphylococcus epidermidis' -> NZ_CP087416.1_|_locus_tag=LPA61_RS05320
NOTE: Change sequence name 'NZ_CP087409.1 | locus_tag=LPB26_RS05320 | product=16S ribosomal RNA | organism=Staphylococcus epidermidis' -> NZ_CP087409.1_|_locus_tag=LPB26_RS05320
NOTE: Change sequence name 'NZ_CP087402.1 | locus_tag=LPA77_RS05330 | product=16S ribosomal RNA | organism=Staphylococcus epidermidis' -> NZ_CP087402.1_|_locus_tag=LPA77_RS05330
NOTE: Change sequence name 'NZ_CP190977.1 | locus_tag=ACP8M9_RS04045 | product=16S ribosomal RNA | organism=Staphylococcus lugdunensis' -> NZ_CP190977.1_|_locus_tag=ACP8M9_RS04045
NOTE: Change sequence name 'NZ_CP190977.1 | locus_tag=ACP8M9_RS04565 | product=16S ribosomal RNA | organism=Staphylococcus lugdunensis' -> NZ_CP190977.1_|_locus_tag=ACP8M9_RS04565
NOTE: Change sequence name 'NZ_CP190977.1 | locus_tag=ACP8M9_RS05235 | product=16S ribosomal RNA | organism=Staphylococcus lugdunensis' -> NZ_CP190977.1_|_locus_tag=ACP8M9_RS05235
NOTE: Change sequence name 'NZ_CP190977.1 | locus_tag=ACP8M9_RS11740 | product=16S ribosomal RNA | organism=Staphylococcus lugdunensis' -> NZ_CP190977.1_|_locus_tag=ACP8M9_RS11740
NOTE: Change sequence name 'NZ_CP190853.1 | locus_tag=ACP8MJ_RS04640 | product=16S ribosomal RNA | organism=Staphylococcus epidermidis' -> NZ_CP190853.1_|_locus_tag=ACP8MJ_RS04640
NOTE: Change sequence name 'NZ_CP190848.1 | locus_tag=ACP8M6_RS04680 | product=16S ribosomal RNA | organism=Staphylococcus epidermidis' -> NZ_CP190848.1_|_locus_tag=ACP8M6_RS04680
NOTE: Change sequence name 'NZ_CP191038.1 | locus_tag=ACP8MX_RS04560 | product=16S ribosomal RNA | organism=Staphylococcus epidermidis' -> NZ_CP191038.1_|_locus_tag=ACP8MX_RS04560
NOTE: Change sequence name 'NZ_CP195124.1 | locus_tag=ACR43Q_RS03390 | product=16S ribosomal RNA | organism=Staphylococcus epidermidis' -> NZ_CP195124.1_|_locus_tag=ACR43Q_RS03390
NOTE: Change sequence name 'NZ_CP195124.1 | locus_tag=ACR43Q_RS04470 | product=16S ribosomal RNA | organism=Staphylococcus epidermidis' -> NZ_CP195124.1_|_locus_tag=ACR43Q_RS04470
NOTE: Change sequence name 'NZ_AP029227.1 | locus_tag=ACZ5V5_RS04660 | product=16S ribosomal RNA | organism=Staphylococcus epidermidis' -> NZ_AP029227.1_|_locus_tag=ACZ5V5_RS04660
NOTE: Change sequence name 'NZ_CP190853.1 | locus_tag=ACP8MJ_RS11200 | product=16S ribosomal RNA | organism=Staphylococcus epidermidis' -> NZ_CP190853.1_|_locus_tag=ACP8MJ_RS11200
NOTE: Change sequence name 'NZ_CP190848.1 | locus_tag=ACP8M6_RS03515 | product=16S ribosomal RNA | organism=Staphylococcus epidermidis' -> NZ_CP190848.1_|_locus_tag=ACP8M6_RS03515
NOTE: Change sequence name 'NZ_CP190848.1 | locus_tag=ACP8M6_RS04000 | product=16S ribosomal RNA | organism=Staphylococcus epidermidis' -> NZ_CP190848.1_|_locus_tag=ACP8M6_RS04000
NOTE: Change sequence name 'NZ_CP190848.1 | locus_tag=ACP8M6_RS10780 | product=16S ribosomal RNA | organism=Staphylococcus epidermidis' -> NZ_CP190848.1_|_locus_tag=ACP8M6_RS10780
NOTE: Change sequence name 'NZ_CP190848.1 | locus_tag=ACP8M6_RS10795 | product=16S ribosomal RNA | organism=Staphylococcus epidermidis' -> NZ_CP190848.1_|_locus_tag=ACP8M6_RS10795
NOTE: Change sequence name 'NZ_CP190848.1 | locus_tag=ACP8M6_RS11045 | product=16S ribosomal RNA | organism=Staphylococcus epidermidis' -> NZ_CP190848.1_|_locus_tag=ACP8M6_RS11045
NOTE: Change sequence name 'NZ_CP191073.1 | locus_tag=ACP8K9_RS03460 | product=16S ribosomal RNA | organism=Staphylococcus epidermidis' -> NZ_CP191073.1_|_locus_tag=ACP8K9_RS03460
NOTE: Change sequence name 'NZ_CP191073.1 | locus_tag=ACP8K9_RS03945 | product=16S ribosomal RNA | organism=Staphylococcus epidermidis' -> NZ_CP191073.1_|_locus_tag=ACP8K9_RS03945
NOTE: Change sequence name 'NZ_CP191073.1 | locus_tag=ACP8K9_RS04500 | product=16S ribosomal RNA | organism=Staphylococcus epidermidis' -> NZ_CP191073.1_|_locus_tag=ACP8K9_RS04500
NOTE: Change sequence name 'NZ_CP191073.1 | locus_tag=ACP8K9_RS10940 | product=16S ribosomal RNA | organism=Staphylococcus epidermidis' -> NZ_CP191073.1_|_locus_tag=ACP8K9_RS10940
NOTE: Change sequence name 'NZ_CP191073.1 | locus_tag=ACP8K9_RS10955 | product=16S ribosomal RNA | organism=Staphylococcus epidermidis' -> NZ_CP191073.1_|_locus_tag=ACP8K9_RS10955
NOTE: Change sequence name 'NZ_CP191073.1 | locus_tag=ACP8K9_RS11205 | product=16S ribosomal RNA | organism=Staphylococcus epidermidis' -> NZ_CP191073.1_|_locus_tag=ACP8K9_RS11205
NOTE: Change sequence name 'NZ_CP191067.1 | locus_tag=ACP8LX_RS04485 | product=16S ribosomal RNA | organism=Staphylococcus epidermidis' -> NZ_CP191067.1_|_locus_tag=ACP8LX_RS04485
NOTE: Change sequence name 'NZ_CP191038.1 | locus_tag=ACP8MX_RS03835 | product=16S ribosomal RNA | organism=Staphylococcus epidermidis' -> NZ_CP191038.1_|_locus_tag=ACP8MX_RS03835
NOTE: Change sequence name 'NZ_CP191038.1 | locus_tag=ACP8MX_RS10970 | product=16S ribosomal RNA | organism=Staphylococcus epidermidis' -> NZ_CP191038.1_|_locus_tag=ACP8MX_RS10970
NOTE: Change sequence name 'NZ_CP191038.1 | locus_tag=ACP8MX_RS11235 | product=16S ribosomal RNA | organism=Staphylococcus epidermidis' -> NZ_CP191038.1_|_locus_tag=ACP8MX_RS11235
NOTE: Change sequence name 'NZ_CP195124.1 | locus_tag=ACR43Q_RS10695 | product=16S ribosomal RNA | organism=Staphylococcus epidermidis' -> NZ_CP195124.1_|_locus_tag=ACR43Q_RS10695
NOTE: Change sequence name 'NZ_CP195124.1 | locus_tag=ACR43Q_RS10945 | product=16S ribosomal RNA | organism=Staphylococcus epidermidis' -> NZ_CP195124.1_|_locus_tag=ACR43Q_RS10945
NOTE: Change sequence name 'NZ_AP029227.1 | locus_tag=ACZ5V5_RS10795 | product=16S ribosomal RNA | organism=Staphylococcus epidermidis' -> NZ_AP029227.1_|_locus_tag=ACZ5V5_RS10795
NOTE: Change sequence name 'NZ_AP029227.1 | locus_tag=ACZ5V5_RS10810 | product=16S ribosomal RNA | organism=Staphylococcus epidermidis' -> NZ_AP029227.1_|_locus_tag=ACZ5V5_RS10810
NOTE: Change sequence name 'NZ_AP029231.1 | locus_tag=ACZ5VA_RS04345 | product=16S ribosomal RNA | organism=Staphylococcus epidermidis' -> NZ_AP029231.1_|_locus_tag=ACZ5VA_RS04345
NOTE: Change sequence name 'NZ_CP087413.1 | locus_tag=LPB35_RS03950 | product=16S ribosomal RNA | organism=Staphylococcus epidermidis' -> NZ_CP087413.1_|_locus_tag=LPB35_RS03950
NOTE: Change sequence name 'NZ_CP087413.1 | locus_tag=LPB35_RS11315 | product=16S ribosomal RNA | organism=Staphylococcus epidermidis' -> NZ_CP087413.1_|_locus_tag=LPB35_RS11315
NOTE: Change sequence name 'NZ_CP087397.1 | locus_tag=LPA66_RS04365 | product=16S ribosomal RNA | organism=Staphylococcus epidermidis' -> NZ_CP087397.1_|_locus_tag=LPA66_RS04365
NOTE: Change sequence name 'NZ_CP190977.1 | locus_tag=ACP8M9_RS11475 | product=16S ribosomal RNA | organism=Staphylococcus lugdunensis' -> NZ_CP190977.1_|_locus_tag=ACP8M9_RS11475
NOTE: Change sequence name 'NZ_CP191067.1 | locus_tag=ACP8LX_RS11250 | product=16S ribosomal RNA | organism=Staphylococcus epidermidis' -> NZ_CP191067.1_|_locus_tag=ACP8LX_RS11250
NOTE: Change sequence name 'NZ_CP190841.1 | locus_tag=ACP8LS_RS03935 | product=16S ribosomal RNA | organism=Staphylococcus haemolyticus' -> NZ_CP190841.1_|_locus_tag=ACP8LS_RS03935
NOTE: Change sequence name 'NZ_CP190841.1 | locus_tag=ACP8LS_RS11600 | product=16S ribosomal RNA | organism=Staphylococcus haemolyticus' -> NZ_CP190841.1_|_locus_tag=ACP8LS_RS11600
NOTE: Change sequence name 'NZ_CP190841.1 | locus_tag=ACP8LS_RS11875 | product=16S ribosomal RNA | organism=Staphylococcus haemolyticus' -> NZ_CP190841.1_|_locus_tag=ACP8LS_RS11875
NOTE: Change sequence name 'NZ_CP190841.1 | locus_tag=ACP8LS_RS11615 | product=16S ribosomal RNA | organism=Staphylococcus haemolyticus' -> NZ_CP190841.1_|_locus_tag=ACP8LS_RS11615
NOTE: Change sequence name 'NZ_CP190841.1 | locus_tag=ACP8LS_RS05130 | product=16S ribosomal RNA | organism=Staphylococcus haemolyticus' -> NZ_CP190841.1_|_locus_tag=ACP8LS_RS05130
NOTE: Change sequence name 'NZ_CP191136.1 | locus_tag=ACP8I1_RS07275 | product=16S ribosomal RNA | organism=Staphylococcus epidermidis' -> NZ_CP191136.1_|_locus_tag=ACP8I1_RS07275
NOTE: Change sequence name 'NZ_CP191102.1 | locus_tag=ACP8K2_RS04480 | product=16S ribosomal RNA | organism=Staphylococcus epidermidis' -> NZ_CP191102.1_|_locus_tag=ACP8K2_RS04480
NOTE: Change sequence name 'NZ_CP190877.1 | locus_tag=ACP8I5_RS10985 | product=16S ribosomal RNA | organism=Staphylococcus capitis' -> NZ_CP190877.1_|_locus_tag=ACP8I5_RS10985
NOTE: Change sequence name 'NZ_CP190871.1 | locus_tag=ACP8KJ_RS10770 | product=16S ribosomal RNA | organism=Staphylococcus capitis' -> NZ_CP190871.1_|_locus_tag=ACP8KJ_RS10770
NOTE: Change sequence name 'NZ_CP191043.1 | locus_tag=ACP8ND_RS04765 | product=16S ribosomal RNA | organism=Staphylococcus capitis' -> NZ_CP191043.1_|_locus_tag=ACP8ND_RS04765
NOTE: Change sequence name 'NZ_CP087395.1 | locus_tag=LPB30_RS03890 | product=16S ribosomal RNA | organism=Staphylococcus epidermidis' -> NZ_CP087395.1_|_locus_tag=LPB30_RS03890
NOTE: Change sequence name 'NZ_CP191043.1 | locus_tag=ACP8ND_RS04195 | product=16S ribosomal RNA | organism=Staphylococcus capitis' -> NZ_CP191043.1_|_locus_tag=ACP8ND_RS04195
NOTE: Change sequence name 'NZ_CP190871.1 | locus_tag=ACP8KJ_RS11035 | product=16S ribosomal RNA | organism=Staphylococcus capitis' -> NZ_CP190871.1_|_locus_tag=ACP8KJ_RS11035
NOTE: Change sequence name 'NZ_CP190877.1 | locus_tag=ACP8I5_RS10720 | product=16S ribosomal RNA | organism=Staphylococcus capitis' -> NZ_CP190877.1_|_locus_tag=ACP8I5_RS10720
NOTE: Change sequence name 'NZ_CP190877.1 | locus_tag=ACP8I5_RS10735 | product=16S ribosomal RNA | organism=Staphylococcus capitis' -> NZ_CP190877.1_|_locus_tag=ACP8I5_RS10735
NOTE: Change sequence name 'NZ_CP190871.1 | locus_tag=ACP8KJ_RS10785 | product=16S ribosomal RNA | organism=Staphylococcus capitis' -> NZ_CP190871.1_|_locus_tag=ACP8KJ_RS10785
NOTE: Change sequence name 'NZ_CP191043.1 | locus_tag=ACP8ND_RS03680 | product=16S ribosomal RNA | organism=Staphylococcus capitis' -> NZ_CP191043.1_|_locus_tag=ACP8ND_RS03680
NOTE: Change sequence name 'NZ_CP191043.1 | locus_tag=ACP8ND_RS11155 | product=16S ribosomal RNA | organism=Staphylococcus capitis' -> NZ_CP191043.1_|_locus_tag=ACP8ND_RS11155
NOTE: Change sequence name 'NZ_CP191043.1 | locus_tag=ACP8ND_RS11170 | product=16S ribosomal RNA | organism=Staphylococcus capitis' -> NZ_CP191043.1_|_locus_tag=ACP8ND_RS11170
NOTE: Change sequence name 'NZ_CP191043.1 | locus_tag=ACP8ND_RS11420 | product=16S ribosomal RNA | organism=Staphylococcus capitis' -> NZ_CP191043.1_|_locus_tag=ACP8ND_RS11420
NOTE: Change sequence name 'NZ_CP190877.1 | locus_tag=ACP8I5_RS04695 | product=16S ribosomal RNA | organism=Staphylococcus capitis' -> NZ_CP190877.1_|_locus_tag=ACP8I5_RS04695
NOTE: Change sequence name 'NZ_CP190871.1 | locus_tag=ACP8KJ_RS04700 | product=16S ribosomal RNA | organism=Staphylococcus capitis' -> NZ_CP190871.1_|_locus_tag=ACP8KJ_RS04700
NOTE: Change sequence name 'NZ_CP087397.1 | locus_tag=LPA66_RS03880 | product=16S ribosomal RNA | organism=Staphylococcus epidermidis' -> NZ_CP087397.1_|_locus_tag=LPA66_RS03880
NOTE: Change sequence name 'NZ_CP190877.1 | locus_tag=ACP8I5_RS03565 | product=16S ribosomal RNA | organism=Staphylococcus capitis' -> NZ_CP190877.1_|_locus_tag=ACP8I5_RS03565
NOTE: Change sequence name 'NZ_CP190871.1 | locus_tag=ACP8KJ_RS03570 | product=16S ribosomal RNA | organism=Staphylococcus capitis' -> NZ_CP190871.1_|_locus_tag=ACP8KJ_RS03570
NOTE: Change sequence name 'NZ_CP190853.1 | locus_tag=ACP8MJ_RS04030 | product=16S ribosomal RNA | organism=Staphylococcus epidermidis' -> NZ_CP190853.1_|_locus_tag=ACP8MJ_RS04030
NOTE: Change sequence name 'NZ_CP191067.1 | locus_tag=ACP8LX_RS03885 | product=16S ribosomal RNA | organism=Staphylococcus epidermidis' -> NZ_CP191067.1_|_locus_tag=ACP8LX_RS03885
NOTE: Change sequence name 'NZ_AP029227.1 | locus_tag=ACZ5V5_RS04065 | product=16S ribosomal RNA | organism=Staphylococcus epidermidis' -> NZ_AP029227.1_|_locus_tag=ACZ5V5_RS04065
NOTE: Change sequence name 'NZ_CP087416.1 | locus_tag=LPA61_RS03945 | product=16S ribosomal RNA | organism=Staphylococcus epidermidis' -> NZ_CP087416.1_|_locus_tag=LPA61_RS03945
NOTE: Change sequence name 'NZ_CP087409.1 | locus_tag=LPB26_RS03945 | product=16S ribosomal RNA | organism=Staphylococcus epidermidis' -> NZ_CP087409.1_|_locus_tag=LPB26_RS03945
NOTE: Change sequence name 'NZ_CP087402.1 | locus_tag=LPA77_RS03955 | product=16S ribosomal RNA | organism=Staphylococcus epidermidis' -> NZ_CP087402.1_|_locus_tag=LPA77_RS03955
NOTE: Change sequence name 'NZ_CP190877.1 | locus_tag=ACP8I5_RS04080 | product=16S ribosomal RNA | organism=Staphylococcus capitis' -> NZ_CP190877.1_|_locus_tag=ACP8I5_RS04080
NOTE: Change sequence name 'NZ_CP190871.1 | locus_tag=ACP8KJ_RS04085 | product=16S ribosomal RNA | organism=Staphylococcus capitis' -> NZ_CP190871.1_|_locus_tag=ACP8KJ_RS04085
NOTE: Change sequence name 'NZ_CP190856.1 | locus_tag=ACP8MF_RS04300 | product=16S ribosomal RNA | organism=Staphylococcus epidermidis' -> NZ_CP190856.1_|_locus_tag=ACP8MF_RS04300
NOTE: Change sequence name 'NZ_CP166525.1 | locus_tag=AB6X74_RS04570 | product=16S ribosomal RNA | organism=Staphylococcus aureus' -> NZ_CP166525.1_|_locus_tag=AB6X74_RS04570
NOTE: Change sequence name 'NZ_CP190357.1 | locus_tag=N3P47_RS02405 | product=16S ribosomal RNA | organism=Staphylococcus aureus' -> NZ_CP190357.1_|_locus_tag=N3P47_RS02405
NOTE: Change sequence name 'NZ_CP166528.1 | locus_tag=AB6X57_RS10245 | product=16S ribosomal RNA | organism=Staphylococcus aureus' -> NZ_CP166528.1_|_locus_tag=AB6X57_RS10245
NOTE: Change sequence name 'NZ_CP166534.1 | locus_tag=AB6X48_RS02580 | product=16S ribosomal RNA | organism=Staphylococcus aureus' -> NZ_CP166534.1_|_locus_tag=AB6X48_RS02580
NOTE: Change sequence name 'NZ_CP166530.1 | locus_tag=AB6X80_RS09870 | product=16S ribosomal RNA | organism=Staphylococcus aureus' -> NZ_CP166530.1_|_locus_tag=AB6X80_RS09870
NOTE: Change sequence name 'NZ_CP166577.1 | locus_tag=AB6X62_RS05810 | product=16S ribosomal RNA | organism=Staphylococcus aureus' -> NZ_CP166577.1_|_locus_tag=AB6X62_RS05810
NOTE: Change sequence name 'NZ_CP166525.1 | locus_tag=AB6X74_RS10385 | product=16S ribosomal RNA | organism=Staphylococcus aureus' -> NZ_CP166525.1_|_locus_tag=AB6X74_RS10385
NOTE: Change sequence name 'NZ_CP166554.1 | locus_tag=AB6X89_RS09800 | product=16S ribosomal RNA | organism=Staphylococcus aureus' -> NZ_CP166554.1_|_locus_tag=AB6X89_RS09800
NOTE: Change sequence name 'NZ_CP166533.1 | locus_tag=AB6X95_RS09430 | product=16S ribosomal RNA | organism=Staphylococcus aureus' -> NZ_CP166533.1_|_locus_tag=AB6X95_RS09430
NOTE: Change sequence name 'NZ_CP166525.1 | locus_tag=AB6X74_RS11860 | product=16S ribosomal RNA | organism=Staphylococcus aureus' -> NZ_CP166525.1_|_locus_tag=AB6X74_RS11860
NOTE: Change sequence name 'NZ_CP166524.1 | locus_tag=AB6X68_RS09705 | product=16S ribosomal RNA | organism=Staphylococcus aureus' -> NZ_CP166524.1_|_locus_tag=AB6X68_RS09705
NOTE: Change sequence name 'NZ_CP166532.1 | locus_tag=AB6X60_RS09425 | product=16S ribosomal RNA | organism=Staphylococcus aureus' -> NZ_CP166532.1_|_locus_tag=AB6X60_RS09425
NOTE: Change sequence name 'NZ_CP142803.1 | locus_tag=VW783_RS04650 | product=16S ribosomal RNA | organism=Staphylococcus aureus' -> NZ_CP142803.1_|_locus_tag=VW783_RS04650
NOTE: Change sequence name 'NZ_CP166563.1 | locus_tag=AB6X69_RS11410 | product=16S ribosomal RNA | organism=Staphylococcus aureus' -> NZ_CP166563.1_|_locus_tag=AB6X69_RS11410
NOTE: Change sequence name 'NZ_CP166542.1 | locus_tag=AB6X49_RS02365 | product=16S ribosomal RNA | organism=Staphylococcus aureus' -> NZ_CP166542.1_|_locus_tag=AB6X49_RS02365
NOTE: Change sequence name 'NZ_CP166857.1 | locus_tag=ACA491_RS06870 | product=16S ribosomal RNA | organism=Staphylococcus aureus' -> NZ_CP166857.1_|_locus_tag=ACA491_RS06870
NOTE: Change sequence name 'NZ_CP166858.1 | locus_tag=ACA496_RS09850 | product=16S ribosomal RNA | organism=Staphylococcus aureus' -> NZ_CP166858.1_|_locus_tag=ACA496_RS09850
NOTE: Change sequence name 'NZ_CP166856.1 | locus_tag=ACA490_RS09520 | product=16S ribosomal RNA | organism=Staphylococcus aureus' -> NZ_CP166856.1_|_locus_tag=ACA490_RS09520
NOTE: Change sequence name 'NZ_CP166855.1 | locus_tag=ACA488_RS10485 | product=16S ribosomal RNA | organism=Staphylococcus aureus' -> NZ_CP166855.1_|_locus_tag=ACA488_RS10485
NOTE: Change sequence name 'NZ_CP166854.1 | locus_tag=ACA487_RS09375 | product=16S ribosomal RNA | organism=Staphylococcus aureus' -> NZ_CP166854.1_|_locus_tag=ACA487_RS09375
NOTE: Change sequence name 'NZ_CP166853.1 | locus_tag=ACA492_RS09340 | product=16S ribosomal RNA | organism=Staphylococcus aureus' -> NZ_CP166853.1_|_locus_tag=ACA492_RS09340
NOTE: Change sequence name 'NZ_CP166852.1 | locus_tag=ACA489_RS09625 | product=16S ribosomal RNA | organism=Staphylococcus aureus' -> NZ_CP166852.1_|_locus_tag=ACA489_RS09625
NOTE: Change sequence name 'NZ_CP166552.1 | locus_tag=AB6X53_RS02325 | product=16S ribosomal RNA | organism=Staphylococcus aureus' -> NZ_CP166552.1_|_locus_tag=AB6X53_RS02325
NOTE: Change sequence name 'NZ_CP166538.1 | locus_tag=AB6X71_RS02325 | product=16S ribosomal RNA | organism=Staphylococcus aureus' -> NZ_CP166538.1_|_locus_tag=AB6X71_RS02325
NOTE: Change sequence name 'NZ_CP166536.1 | locus_tag=AB6X61_RS02325 | product=16S ribosomal RNA | organism=Staphylococcus aureus' -> NZ_CP166536.1_|_locus_tag=AB6X61_RS02325
NOTE: Change sequence name 'NZ_CP166534.1 | locus_tag=AB6X48_RS02325 | product=16S ribosomal RNA | organism=Staphylococcus aureus' -> NZ_CP166534.1_|_locus_tag=AB6X48_RS02325
NOTE: Change sequence name 'NZ_AP040286.1 | locus_tag=ACZ354_RS02195 | product=16S ribosomal RNA | organism=Staphylococcus aureus' -> NZ_AP040286.1_|_locus_tag=ACZ354_RS02195
NOTE: Change sequence name 'NZ_CP142804.1 | locus_tag=VW782_RS11315 | product=16S ribosomal RNA | organism=Staphylococcus aureus' -> NZ_CP142804.1_|_locus_tag=VW782_RS11315
NOTE: Change sequence name 'NZ_CP199996.1 | locus_tag=ACUBUE_RS02085 | product=16S ribosomal RNA | organism=Staphylococcus aureus' -> NZ_CP199996.1_|_locus_tag=ACUBUE_RS02085
NOTE: Change sequence name 'NZ_CP166862.1 | locus_tag=ACA493_RS09050 | product=16S ribosomal RNA | organism=Staphylococcus aureus' -> NZ_CP166862.1_|_locus_tag=ACA493_RS09050
NOTE: Change sequence name 'NZ_CP166547.1 | locus_tag=AB6X94_RS02405 | product=16S ribosomal RNA | organism=Staphylococcus aureus' -> NZ_CP166547.1_|_locus_tag=AB6X94_RS02405
NOTE: Change sequence name 'NZ_CP166548.1 | locus_tag=AB6X44_RS02395 | product=16S ribosomal RNA | organism=Staphylococcus aureus' -> NZ_CP166548.1_|_locus_tag=AB6X44_RS02395
NOTE: Change sequence name 'NZ_CP166509.1 | locus_tag=AB6X63_RS02385 | product=16S ribosomal RNA | organism=Staphylococcus aureus' -> NZ_CP166509.1_|_locus_tag=AB6X63_RS02385
NOTE: Change sequence name 'NZ_CP166507.1 | locus_tag=AB6X50_RS02375 | product=16S ribosomal RNA | organism=Staphylococcus aureus' -> NZ_CP166507.1_|_locus_tag=AB6X50_RS02375
NOTE: Change sequence name 'NZ_CP166506.1 | locus_tag=AB6X78_RS02405 | product=16S ribosomal RNA | organism=Staphylococcus aureus' -> NZ_CP166506.1_|_locus_tag=AB6X78_RS02405
NOTE: Change sequence name 'NZ_CP166567.1 | locus_tag=AB6X76_RS02365 | product=16S ribosomal RNA | organism=Staphylococcus aureus' -> NZ_CP166567.1_|_locus_tag=AB6X76_RS02365
NOTE: Change sequence name 'NZ_CP166565.1 | locus_tag=AB6X77_RS02355 | product=16S ribosomal RNA | organism=Staphylococcus aureus' -> NZ_CP166565.1_|_locus_tag=AB6X77_RS02355
NOTE: Change sequence name 'NZ_CP166540.1 | locus_tag=AB6X82_RS02360 | product=16S ribosomal RNA | organism=Staphylococcus aureus' -> NZ_CP166540.1_|_locus_tag=AB6X82_RS02360
NOTE: Change sequence name 'NZ_CP166860.1 | locus_tag=ACA497_RS09585 | product=16S ribosomal RNA | organism=Staphylococcus aureus' -> NZ_CP166860.1_|_locus_tag=ACA497_RS09585
NOTE: Change sequence name 'NZ_CP093064.1 | locus_tag=MMZ60_RS10110 | product=16S ribosomal RNA | organism=Staphylococcus aureus' -> NZ_CP093064.1_|_locus_tag=MMZ60_RS10110
NOTE: Change sequence name 'NZ_CP166853.1 | locus_tag=ACA492_RS02560 | product=16S ribosomal RNA | organism=Staphylococcus aureus' -> NZ_CP166853.1_|_locus_tag=ACA492_RS02560
NOTE: Change sequence name 'NZ_CP096462.1 | locus_tag=M1D64_RS03620 | product=16S ribosomal RNA | organism=Staphylococcus sp. Z5-21' -> NZ_CP096462.1_|_locus_tag=M1D64_RS03620
NOTE: Change sequence name 'NZ_CP166542.1 | locus_tag=AB6X49_RS02090 | product=16S ribosomal RNA | organism=Staphylococcus aureus' -> NZ_CP166542.1_|_locus_tag=AB6X49_RS02090
NOTE: Change sequence name 'NZ_CP166540.1 | locus_tag=AB6X82_RS02085 | product=16S ribosomal RNA | organism=Staphylococcus aureus' -> NZ_CP166540.1_|_locus_tag=AB6X82_RS02085
NOTE: Change sequence name 'NZ_CP166577.1 | locus_tag=AB6X62_RS04740 | product=16S ribosomal RNA | organism=Staphylococcus aureus' -> NZ_CP166577.1_|_locus_tag=AB6X62_RS04740
NOTE: Change sequence name 'NZ_CP166575.1 | locus_tag=AB6X81_RS04725 | product=16S ribosomal RNA | organism=Staphylococcus aureus' -> NZ_CP166575.1_|_locus_tag=AB6X81_RS04725
NOTE: Change sequence name 'NZ_CP166559.1 | locus_tag=AB6X87_RS10330 | product=16S ribosomal RNA | organism=Staphylococcus aureus' -> NZ_CP166559.1_|_locus_tag=AB6X87_RS10330
NOTE: Change sequence name 'NZ_CP166557.1 | locus_tag=AB6X64_RS10330 | product=16S ribosomal RNA | organism=Staphylococcus aureus' -> NZ_CP166557.1_|_locus_tag=AB6X64_RS10330
NOTE: Change sequence name 'NZ_CP166555.1 | locus_tag=AB6X65_RS10330 | product=16S ribosomal RNA | organism=Staphylococcus aureus' -> NZ_CP166555.1_|_locus_tag=AB6X65_RS10330
NOTE: Change sequence name 'NZ_CP166544.1 | locus_tag=AB6X43_RS11005 | product=16S ribosomal RNA | organism=Staphylococcus aureus' -> NZ_CP166544.1_|_locus_tag=AB6X43_RS11005
NOTE: Change sequence name 'NZ_CP166520.1 | locus_tag=AB6X83_RS10160 | product=16S ribosomal RNA | organism=Staphylococcus aureus' -> NZ_CP166520.1_|_locus_tag=AB6X83_RS10160
NOTE: Change sequence name 'NZ_AP040284.1 | locus_tag=ACZ35Y_RS10535 | product=16S ribosomal RNA | organism=Staphylococcus aureus' -> NZ_AP040284.1_|_locus_tag=ACZ35Y_RS10535
NOTE: Change sequence name 'NZ_AP040287.1 | locus_tag=ACZ5SG_RS10435 | product=16S ribosomal RNA | organism=Staphylococcus aureus' -> NZ_AP040287.1_|_locus_tag=ACZ5SG_RS10435
NOTE: Change sequence name 'NZ_CP180165.1 | locus_tag=ACMTNW_RS11035 | product=16S ribosomal RNA | organism=Staphylococcus aureus' -> NZ_CP180165.1_|_locus_tag=ACMTNW_RS11035
NOTE: Change sequence name 'NZ_CP195881.1 | locus_tag=ACSNDX_RS14370 | product=16S ribosomal RNA | organism=Staphylococcus aureus' -> NZ_CP195881.1_|_locus_tag=ACSNDX_RS14370
NOTE: Change sequence name 'NZ_CP195878.1 | locus_tag=ACSLFG_RS08445 | product=16S ribosomal RNA | organism=Staphylococcus aureus' -> NZ_CP195878.1_|_locus_tag=ACSLFG_RS08445
NOTE: Change sequence name 'NZ_CP166575.1 | locus_tag=AB6X81_RS13425 | product=16S ribosomal RNA | organism=Staphylococcus aureus' -> NZ_CP166575.1_|_locus_tag=AB6X81_RS13425
NOTE: Change sequence name 'NZ_CP166557.1 | locus_tag=AB6X64_RS02230 | product=16S ribosomal RNA | organism=Staphylococcus aureus' -> NZ_CP166557.1_|_locus_tag=AB6X64_RS02230
NOTE: Change sequence name 'NZ_CP166555.1 | locus_tag=AB6X65_RS02230 | product=16S ribosomal RNA | organism=Staphylococcus aureus' -> NZ_CP166555.1_|_locus_tag=AB6X65_RS02230
NOTE: Change sequence name 'NZ_CP166544.1 | locus_tag=AB6X43_RS02250 | product=16S ribosomal RNA | organism=Staphylococcus aureus' -> NZ_CP166544.1_|_locus_tag=AB6X43_RS02250
NOTE: Change sequence name 'NZ_CP166520.1 | locus_tag=AB6X83_RS02125 | product=16S ribosomal RNA | organism=Staphylococcus aureus' -> NZ_CP166520.1_|_locus_tag=AB6X83_RS02125
NOTE: Change sequence name 'NZ_CP166515.1 | locus_tag=AB6X90_RS02640 | product=16S ribosomal RNA | organism=Staphylococcus aureus' -> NZ_CP166515.1_|_locus_tag=AB6X90_RS02640
NOTE: Change sequence name 'NZ_CP166514.1 | locus_tag=AB6X72_RS02645 | product=16S ribosomal RNA | organism=Staphylococcus aureus' -> NZ_CP166514.1_|_locus_tag=AB6X72_RS02645
NOTE: Change sequence name 'NZ_AP040284.1 | locus_tag=ACZ35Y_RS02380 | product=16S ribosomal RNA | organism=Staphylococcus aureus' -> NZ_AP040284.1_|_locus_tag=ACZ35Y_RS02380
NOTE: Change sequence name 'NZ_AP040287.1 | locus_tag=ACZ5SG_RS02385 | product=16S ribosomal RNA | organism=Staphylococcus aureus' -> NZ_AP040287.1_|_locus_tag=ACZ5SG_RS02385
NOTE: Change sequence name 'NZ_CP180165.1 | locus_tag=ACMTNW_RS02440 | product=16S ribosomal RNA | organism=Staphylococcus aureus' -> NZ_CP180165.1_|_locus_tag=ACMTNW_RS02440
NOTE: Change sequence name 'NZ_CP087451.1 | locus_tag=LPA74_RS02560 | product=16S ribosomal RNA | organism=Staphylococcus aureus' -> NZ_CP087451.1_|_locus_tag=LPA74_RS02560
NOTE: Change sequence name 'NZ_CP087449.1 | locus_tag=LPB34_RS02570 | product=16S ribosomal RNA | organism=Staphylococcus aureus' -> NZ_CP087449.1_|_locus_tag=LPB34_RS02570
NOTE: Change sequence name 'NZ_CP087447.1 | locus_tag=LPB22_RS02565 | product=16S ribosomal RNA | organism=Staphylococcus aureus' -> NZ_CP087447.1_|_locus_tag=LPB22_RS02565
NOTE: Change sequence name 'NZ_CP087444.1 | locus_tag=LPB14_RS02270 | product=16S ribosomal RNA | organism=Staphylococcus aureus' -> NZ_CP087444.1_|_locus_tag=LPB14_RS02270
NOTE: Change sequence name 'NZ_CP195881.1 | locus_tag=ACSNDX_RS08450 | product=16S ribosomal RNA | organism=Staphylococcus aureus' -> NZ_CP195881.1_|_locus_tag=ACSNDX_RS08450
NOTE: Change sequence name 'NZ_CP166571.1 | locus_tag=AB6X92_RS11130 | product=16S ribosomal RNA | organism=Staphylococcus aureus' -> NZ_CP166571.1_|_locus_tag=AB6X92_RS11130
NOTE: Change sequence name 'NZ_CP166569.1 | locus_tag=AB6X75_RS11125 | product=16S ribosomal RNA | organism=Staphylococcus aureus' -> NZ_CP166569.1_|_locus_tag=AB6X75_RS11125
NOTE: Change sequence name 'NZ_CP166517.1 | locus_tag=AB6X55_RS11100 | product=16S ribosomal RNA | organism=Staphylococcus aureus' -> NZ_CP166517.1_|_locus_tag=AB6X55_RS11100
NOTE: Change sequence name 'NZ_CP166513.1 | locus_tag=AB6X73_RS10730 | product=16S ribosomal RNA | organism=Staphylococcus aureus' -> NZ_CP166513.1_|_locus_tag=AB6X73_RS10730
NOTE: Change sequence name 'NZ_CP166512.1 | locus_tag=AB6X86_RS10730 | product=16S ribosomal RNA | organism=Staphylococcus aureus' -> NZ_CP166512.1_|_locus_tag=AB6X86_RS10730
NOTE: Change sequence name 'NZ_CP166511.1 | locus_tag=AB6X96_RS10730 | product=16S ribosomal RNA | organism=Staphylococcus aureus' -> NZ_CP166511.1_|_locus_tag=AB6X96_RS10730
NOTE: Change sequence name 'NZ_CP195878.1 | locus_tag=ACSLFG_RS08170 | product=16S ribosomal RNA | organism=Staphylococcus aureus' -> NZ_CP195878.1_|_locus_tag=ACSLFG_RS08170
NOTE: Change sequence name 'NZ_CP180165.1 | locus_tag=ACMTNW_RS02715 | product=16S ribosomal RNA | organism=Staphylococcus aureus' -> NZ_CP180165.1_|_locus_tag=ACMTNW_RS02715
NOTE: Change sequence name 'NZ_CP195881.1 | locus_tag=ACSNDX_RS08175 | product=16S ribosomal RNA | organism=Staphylococcus aureus' -> NZ_CP195881.1_|_locus_tag=ACSNDX_RS08175
NOTE: Change sequence name 'NZ_CP195881.1 | locus_tag=ACSNDX_RS08195 | product=16S ribosomal RNA | organism=Staphylococcus aureus' -> NZ_CP195881.1_|_locus_tag=ACSNDX_RS08195
NOTE: Change sequence name 'NZ_CP190843.1 | locus_tag=ACP8JA_RS02405 | product=16S ribosomal RNA | organism=Staphylococcus aureus' -> NZ_CP190843.1_|_locus_tag=ACP8JA_RS02405
NOTE: Change sequence name 'NZ_CP166574.1 | locus_tag=AB6X59_RS02420 | product=16S ribosomal RNA | organism=Staphylococcus aureus' -> NZ_CP166574.1_|_locus_tag=AB6X59_RS02420
NOTE: Change sequence name 'NZ_CP166573.1 | locus_tag=AB6X54_RS02420 | product=16S ribosomal RNA | organism=Staphylococcus aureus' -> NZ_CP166573.1_|_locus_tag=AB6X54_RS02420
NOTE: Change sequence name 'NZ_CP166547.1 | locus_tag=AB6X94_RS02660 | product=16S ribosomal RNA | organism=Staphylococcus aureus' -> NZ_CP166547.1_|_locus_tag=AB6X94_RS02660
NOTE: Change sequence name 'NZ_CP166548.1 | locus_tag=AB6X44_RS02650 | product=16S ribosomal RNA | organism=Staphylococcus aureus' -> NZ_CP166548.1_|_locus_tag=AB6X44_RS02650
NOTE: Change sequence name 'NZ_CP166509.1 | locus_tag=AB6X63_RS02640 | product=16S ribosomal RNA | organism=Staphylococcus aureus' -> NZ_CP166509.1_|_locus_tag=AB6X63_RS02640
NOTE: Change sequence name 'NZ_CP166507.1 | locus_tag=AB6X50_RS02630 | product=16S ribosomal RNA | organism=Staphylococcus aureus' -> NZ_CP166507.1_|_locus_tag=AB6X50_RS02630
NOTE: Change sequence name 'NZ_CP166506.1 | locus_tag=AB6X78_RS02660 | product=16S ribosomal RNA | organism=Staphylococcus aureus' -> NZ_CP166506.1_|_locus_tag=AB6X78_RS02660
NOTE: Change sequence name 'NZ_AP040286.1 | locus_tag=ACZ354_RS02450 | product=16S ribosomal RNA | organism=Staphylococcus aureus' -> NZ_AP040286.1_|_locus_tag=ACZ354_RS02450
NOTE: Change sequence name 'NZ_CP199996.1 | locus_tag=ACUBUE_RS02340 | product=16S ribosomal RNA | organism=Staphylococcus aureus' -> NZ_CP199996.1_|_locus_tag=ACUBUE_RS02340
NOTE: Change sequence name 'NZ_CP191062.1 | locus_tag=ACP8K4_RS02450 | product=16S ribosomal RNA | organism=Staphylococcus aureus' -> NZ_CP191062.1_|_locus_tag=ACP8K4_RS02450
NOTE: Change sequence name 'NZ_CP191061.1 | locus_tag=ACP8KY_RS02430 | product=16S ribosomal RNA | organism=Staphylococcus aureus' -> NZ_CP191061.1_|_locus_tag=ACP8KY_RS02430
NOTE: Change sequence name 'NZ_CP191062.1 | locus_tag=ACP8K4_RS02430 | product=16S ribosomal RNA | organism=Staphylococcus aureus' -> NZ_CP191062.1_|_locus_tag=ACP8K4_RS02430
NOTE: Change sequence name 'NZ_CP191059.1 | locus_tag=ACP8MQ_RS02430 | product=16S ribosomal RNA | organism=Staphylococcus aureus' -> NZ_CP191059.1_|_locus_tag=ACP8MQ_RS02430
NOTE: Change sequence name 'NZ_AP040284.1 | locus_tag=ACZ35Y_RS09470 | product=16S ribosomal RNA | organism=Staphylococcus aureus' -> NZ_AP040284.1_|_locus_tag=ACZ35Y_RS09470
NOTE: Change sequence name 'NZ_AP040287.1 | locus_tag=ACZ5SG_RS09370 | product=16S ribosomal RNA | organism=Staphylococcus aureus' -> NZ_AP040287.1_|_locus_tag=ACZ5SG_RS09370
NOTE: Change sequence name 'NZ_CP166858.1 | locus_tag=ACA496_RS02450 | product=16S ribosomal RNA | organism=Staphylococcus aureus' -> NZ_CP166858.1_|_locus_tag=ACA496_RS02450
NOTE: Change sequence name 'NZ_CP166857.1 | locus_tag=ACA491_RS14015 | product=16S ribosomal RNA | organism=Staphylococcus aureus' -> NZ_CP166857.1_|_locus_tag=ACA491_RS14015
NOTE: Change sequence name 'NZ_CP166857.1 | locus_tag=ACA491_RS14290 | product=16S ribosomal RNA | organism=Staphylococcus aureus' -> NZ_CP166857.1_|_locus_tag=ACA491_RS14290
NOTE: Change sequence name 'NZ_CP166856.1 | locus_tag=ACA490_RS02410 | product=16S ribosomal RNA | organism=Staphylococcus aureus' -> NZ_CP166856.1_|_locus_tag=ACA490_RS02410
NOTE: Change sequence name 'NZ_CP166855.1 | locus_tag=ACA488_RS02285 | product=16S ribosomal RNA | organism=Staphylococcus aureus' -> NZ_CP166855.1_|_locus_tag=ACA488_RS02285
NOTE: Change sequence name 'NZ_CP166854.1 | locus_tag=ACA487_RS02285 | product=16S ribosomal RNA | organism=Staphylococcus aureus' -> NZ_CP166854.1_|_locus_tag=ACA487_RS02285
NOTE: Change sequence name 'NZ_CP166853.1 | locus_tag=ACA492_RS02285 | product=16S ribosomal RNA | organism=Staphylococcus aureus' -> NZ_CP166853.1_|_locus_tag=ACA492_RS02285
NOTE: Change sequence name 'NZ_CP166852.1 | locus_tag=ACA489_RS02405 | product=16S ribosomal RNA | organism=Staphylococcus aureus' -> NZ_CP166852.1_|_locus_tag=ACA489_RS02405
NOTE: Change sequence name 'NZ_CP166865.1 | locus_tag=ACA498_RS02400 | product=16S ribosomal RNA | organism=Staphylococcus aureus' -> NZ_CP166865.1_|_locus_tag=ACA498_RS02400
NOTE: Change sequence name 'NZ_CP166865.1 | locus_tag=ACA498_RS02420 | product=16S ribosomal RNA | organism=Staphylococcus aureus' -> NZ_CP166865.1_|_locus_tag=ACA498_RS02420
NOTE: Change sequence name 'NZ_CP199774.1 | locus_tag=ACUHZX_RS00830 | product=16S ribosomal RNA | organism=Staphylococcus aureus' -> NZ_CP199774.1_|_locus_tag=ACUHZX_RS00830
NOTE: Change sequence name 'NZ_CP093064.1 | locus_tag=MMZ60_RS02290 | product=16S ribosomal RNA | organism=Staphylococcus aureus' -> NZ_CP093064.1_|_locus_tag=MMZ60_RS02290
NOTE: Change sequence name 'NZ_AP044060.1 | locus_tag=ACZ5OM_RS09545 | product=16S ribosomal RNA | organism=Staphylococcus aureus' -> NZ_AP044060.1_|_locus_tag=ACZ5OM_RS09545
NOTE: Change sequence name 'NZ_AP044062.1 | locus_tag=ACZ5K1_RS04720 | product=16S ribosomal RNA | organism=Staphylococcus aureus' -> NZ_AP044062.1_|_locus_tag=ACZ5K1_RS04720
NOTE: Change sequence name 'NZ_CP087451.1 | locus_tag=LPA74_RS12095 | product=16S ribosomal RNA | organism=Staphylococcus aureus' -> NZ_CP087451.1_|_locus_tag=LPA74_RS12095
NOTE: Change sequence name 'NZ_AP044063.1 | locus_tag=ACZ41Y_RS02360 | product=16S ribosomal RNA | organism=Staphylococcus aureus' -> NZ_AP044063.1_|_locus_tag=ACZ41Y_RS02360
NOTE: Change sequence name 'NZ_AP041587.1 | locus_tag=ACZ5QC_RS02470 | product=16S ribosomal RNA | organism=Staphylococcus aureus' -> NZ_AP041587.1_|_locus_tag=ACZ5QC_RS02470
NOTE: Change sequence name 'NZ_AP043709.1 | locus_tag=ACZ471_RS11675 | product=16S ribosomal RNA | organism=Staphylococcus aureus' -> NZ_AP043709.1_|_locus_tag=ACZ471_RS11675
NOTE: Change sequence name 'NZ_CP087437.1 | locus_tag=LPA86_RS11165 | product=16S ribosomal RNA | organism=Staphylococcus aureus' -> NZ_CP087437.1_|_locus_tag=LPA86_RS11165
NOTE: Change sequence name 'NZ_CP087435.1 | locus_tag=LPA64_RS11165 | product=16S ribosomal RNA | organism=Staphylococcus aureus' -> NZ_CP087435.1_|_locus_tag=LPA64_RS11165
NOTE: Change sequence name 'NZ_CP087446.1 | locus_tag=LPB37_RS11265 | product=16S ribosomal RNA | organism=Staphylococcus aureus' -> NZ_CP087446.1_|_locus_tag=LPB37_RS11265
NOTE: Change sequence name 'NZ_AP043700.1 | locus_tag=ACZ49O_RS01400 | product=16S ribosomal RNA | organism=Staphylococcus aureus' -> NZ_AP043700.1_|_locus_tag=ACZ49O_RS01400
NOTE: Change sequence name 'NZ_CP087442.1 | locus_tag=LPB05_RS10795 | product=16S ribosomal RNA | organism=Staphylococcus aureus' -> NZ_CP087442.1_|_locus_tag=LPB05_RS10795
NOTE: Change sequence name 'NZ_CP087441.1 | locus_tag=LPA95_RS10805 | product=16S ribosomal RNA | organism=Staphylococcus aureus' -> NZ_CP087441.1_|_locus_tag=LPA95_RS10805
NOTE: Change sequence name 'NZ_CP087439.1 | locus_tag=LPB17_RS10815 | product=16S ribosomal RNA | organism=Staphylococcus aureus' -> NZ_CP087439.1_|_locus_tag=LPB17_RS10815
NOTE: Change sequence name 'NZ_CP087432.1 | locus_tag=LPA89_RS11175 | product=16S ribosomal RNA | organism=Staphylococcus aureus' -> NZ_CP087432.1_|_locus_tag=LPA89_RS11175
NOTE: Change sequence name 'NZ_CP087449.1 | locus_tag=LPB34_RS11665 | product=16S ribosomal RNA | organism=Staphylococcus aureus' -> NZ_CP087449.1_|_locus_tag=LPB34_RS11665
NOTE: Change sequence name 'NZ_CP087447.1 | locus_tag=LPB22_RS11650 | product=16S ribosomal RNA | organism=Staphylococcus aureus' -> NZ_CP087447.1_|_locus_tag=LPB22_RS11650
NOTE: Change sequence name 'NZ_CP166861.1 | locus_tag=ACA499_RS02405 | product=16S ribosomal RNA | organism=Staphylococcus aureus' -> NZ_CP166861.1_|_locus_tag=ACA499_RS02405
NOTE: Change sequence name 'NZ_AP044060.1 | locus_tag=ACZ5OM_RS10615 | product=16S ribosomal RNA | organism=Staphylococcus aureus' -> NZ_AP044060.1_|_locus_tag=ACZ5OM_RS10615
NOTE: Change sequence name 'NZ_AP044062.1 | locus_tag=ACZ5K1_RS10615 | product=16S ribosomal RNA | organism=Staphylococcus aureus' -> NZ_AP044062.1_|_locus_tag=ACZ5K1_RS10615
NOTE: Change sequence name 'NZ_CP166858.1 | locus_tag=ACA496_RS11515 | product=16S ribosomal RNA | organism=Staphylococcus aureus' -> NZ_CP166858.1_|_locus_tag=ACA496_RS11515
NOTE: Change sequence name 'NZ_CP166857.1 | locus_tag=ACA491_RS04850 | product=16S ribosomal RNA | organism=Staphylococcus aureus' -> NZ_CP166857.1_|_locus_tag=ACA491_RS04850
NOTE: Change sequence name 'NZ_CP166856.1 | locus_tag=ACA490_RS11185 | product=16S ribosomal RNA | organism=Staphylococcus aureus' -> NZ_CP166856.1_|_locus_tag=ACA490_RS11185
NOTE: Change sequence name 'NZ_CP166855.1 | locus_tag=ACA488_RS12160 | product=16S ribosomal RNA | organism=Staphylococcus aureus' -> NZ_CP166855.1_|_locus_tag=ACA488_RS12160
NOTE: Change sequence name 'NZ_CP166854.1 | locus_tag=ACA487_RS11400 | product=16S ribosomal RNA | organism=Staphylococcus aureus' -> NZ_CP166854.1_|_locus_tag=ACA487_RS11400
NOTE: Change sequence name 'NZ_CP166853.1 | locus_tag=ACA492_RS11010 | product=16S ribosomal RNA | organism=Staphylococcus aureus' -> NZ_CP166853.1_|_locus_tag=ACA492_RS11010
NOTE: Change sequence name 'NZ_CP166852.1 | locus_tag=ACA489_RS11290 | product=16S ribosomal RNA | organism=Staphylococcus aureus' -> NZ_CP166852.1_|_locus_tag=ACA489_RS11290
NOTE: Change sequence name 'NZ_AP044062.1 | locus_tag=ACZ5K1_RS02310 | product=16S ribosomal RNA | organism=Staphylococcus aureus' -> NZ_AP044062.1_|_locus_tag=ACZ5K1_RS02310
NOTE: Change sequence name 'NZ_CP166524.1 | locus_tag=AB6X68_RS02400 | product=16S ribosomal RNA | organism=Staphylococcus aureus' -> NZ_CP166524.1_|_locus_tag=AB6X68_RS02400
NOTE: Change sequence name 'NZ_AP040284.1 | locus_tag=ACZ35Y_RS02635 | product=16S ribosomal RNA | organism=Staphylococcus aureus' -> NZ_AP040284.1_|_locus_tag=ACZ35Y_RS02635
NOTE: Change sequence name 'NZ_AP040287.1 | locus_tag=ACZ5SG_RS02640 | product=16S ribosomal RNA | organism=Staphylococcus aureus' -> NZ_AP040287.1_|_locus_tag=ACZ5SG_RS02640
NOTE: Change sequence name 'NZ_CP166574.1 | locus_tag=AB6X59_RS02160 | product=16S ribosomal RNA | organism=Staphylococcus aureus' -> NZ_CP166574.1_|_locus_tag=AB6X59_RS02160
NOTE: Change sequence name 'NZ_CP166573.1 | locus_tag=AB6X54_RS02160 | product=16S ribosomal RNA | organism=Staphylococcus aureus' -> NZ_CP166573.1_|_locus_tag=AB6X54_RS02160
NOTE: Change sequence name 'NZ_CP166546.1 | locus_tag=AB6X58_RS02780 | product=16S ribosomal RNA | organism=Staphylococcus aureus' -> NZ_CP166546.1_|_locus_tag=AB6X58_RS02780
NOTE: Change sequence name 'NZ_CP166864.1 | locus_tag=ACA495_RS02430 | product=16S ribosomal RNA | organism=Staphylococcus aureus' -> NZ_CP166864.1_|_locus_tag=ACA495_RS02430
NOTE: Change sequence name 'NZ_CP166863.1 | locus_tag=ACA494_RS02450 | product=16S ribosomal RNA | organism=Staphylococcus aureus' -> NZ_CP166863.1_|_locus_tag=ACA494_RS02450
NOTE: Change sequence name 'NZ_CP166861.1 | locus_tag=ACA499_RS02425 | product=16S ribosomal RNA | organism=Staphylococcus aureus' -> NZ_CP166861.1_|_locus_tag=ACA499_RS02425
NOTE: Change sequence name 'NZ_CP166860.1 | locus_tag=ACA497_RS02540 | product=16S ribosomal RNA | organism=Staphylococcus aureus' -> NZ_CP166860.1_|_locus_tag=ACA497_RS02540
NOTE: Change sequence name 'NZ_CP166860.1 | locus_tag=ACA497_RS02560 | product=16S ribosomal RNA | organism=Staphylococcus aureus' -> NZ_CP166860.1_|_locus_tag=ACA497_RS02560
NOTE: Change sequence name 'NZ_CP166859.1 | locus_tag=ACA486_RS02510 | product=16S ribosomal RNA | organism=Staphylococcus aureus' -> NZ_CP166859.1_|_locus_tag=ACA486_RS02510
NOTE: Change sequence name 'NZ_CP166551.1 | locus_tag=AB6X51_RS02455 | product=16S ribosomal RNA | organism=Staphylococcus aureus' -> NZ_CP166551.1_|_locus_tag=AB6X51_RS02455
NOTE: Change sequence name 'NZ_CP166550.1 | locus_tag=AB6X85_RS02455 | product=16S ribosomal RNA | organism=Staphylococcus aureus' -> NZ_CP166550.1_|_locus_tag=AB6X85_RS02455
NOTE: Change sequence name 'NZ_CP166549.1 | locus_tag=AB6X66_RS02455 | product=16S ribosomal RNA | organism=Staphylococcus aureus' -> NZ_CP166549.1_|_locus_tag=AB6X66_RS02455
NOTE: Change sequence name 'NZ_CP190843.1 | locus_tag=ACP8JA_RS02145 | product=16S ribosomal RNA | organism=Staphylococcus aureus' -> NZ_CP190843.1_|_locus_tag=ACP8JA_RS02145
NOTE: Change sequence name 'NZ_CP190843.1 | locus_tag=ACP8JA_RS02425 | product=16S ribosomal RNA | organism=Staphylococcus aureus' -> NZ_CP190843.1_|_locus_tag=ACP8JA_RS02425
NOTE: Change sequence name 'NZ_CP190843.1 | locus_tag=ACP8JA_RS09060 | product=16S ribosomal RNA | organism=Staphylococcus aureus' -> NZ_CP190843.1_|_locus_tag=ACP8JA_RS09060
NOTE: Change sequence name 'NZ_CP190843.1 | locus_tag=ACP8JA_RS10080 | product=16S ribosomal RNA | organism=Staphylococcus aureus' -> NZ_CP190843.1_|_locus_tag=ACP8JA_RS10080
NOTE: Change sequence name 'NZ_CP190843.1 | locus_tag=ACP8JA_RS10640 | product=16S ribosomal RNA | organism=Staphylococcus aureus' -> NZ_CP190843.1_|_locus_tag=ACP8JA_RS10640
NOTE: Change sequence name 'NZ_CP191061.1 | locus_tag=ACP8KY_RS02175 | product=16S ribosomal RNA | organism=Staphylococcus aureus' -> NZ_CP191061.1_|_locus_tag=ACP8KY_RS02175
NOTE: Change sequence name 'NZ_CP191061.1 | locus_tag=ACP8KY_RS10745 | product=16S ribosomal RNA | organism=Staphylococcus aureus' -> NZ_CP191061.1_|_locus_tag=ACP8KY_RS10745
NOTE: Change sequence name 'NZ_CP191062.1 | locus_tag=ACP8K4_RS02175 | product=16S ribosomal RNA | organism=Staphylococcus aureus' -> NZ_CP191062.1_|_locus_tag=ACP8K4_RS02175
NOTE: Change sequence name 'NZ_CP191062.1 | locus_tag=ACP8K4_RS09175 | product=16S ribosomal RNA | organism=Staphylococcus aureus' -> NZ_CP191062.1_|_locus_tag=ACP8K4_RS09175
NOTE: Change sequence name 'NZ_CP191062.1 | locus_tag=ACP8K4_RS10180 | product=16S ribosomal RNA | organism=Staphylococcus aureus' -> NZ_CP191062.1_|_locus_tag=ACP8K4_RS10180
NOTE: Change sequence name 'NZ_CP191062.1 | locus_tag=ACP8K4_RS10745 | product=16S ribosomal RNA | organism=Staphylococcus aureus' -> NZ_CP191062.1_|_locus_tag=ACP8K4_RS10745
NOTE: Change sequence name 'NZ_CP191059.1 | locus_tag=ACP8MQ_RS02175 | product=16S ribosomal RNA | organism=Staphylococcus aureus' -> NZ_CP191059.1_|_locus_tag=ACP8MQ_RS02175
NOTE: Change sequence name 'NZ_CP191059.1 | locus_tag=ACP8MQ_RS09175 | product=16S ribosomal RNA | organism=Staphylococcus aureus' -> NZ_CP191059.1_|_locus_tag=ACP8MQ_RS09175
NOTE: Change sequence name 'NZ_CP191059.1 | locus_tag=ACP8MQ_RS10180 | product=16S ribosomal RNA | organism=Staphylococcus aureus' -> NZ_CP191059.1_|_locus_tag=ACP8MQ_RS10180
NOTE: Change sequence name 'NZ_CP191059.1 | locus_tag=ACP8MQ_RS10745 | product=16S ribosomal RNA | organism=Staphylococcus aureus' -> NZ_CP191059.1_|_locus_tag=ACP8MQ_RS10745
NOTE: Change sequence name 'NZ_CP195878.1 | locus_tag=ACSLFG_RS00950 | product=16S ribosomal RNA | organism=Staphylococcus aureus' -> NZ_CP195878.1_|_locus_tag=ACSLFG_RS00950
NOTE: Change sequence name 'NZ_CP195878.1 | locus_tag=ACSLFG_RS08190 | product=16S ribosomal RNA | organism=Staphylococcus aureus' -> NZ_CP195878.1_|_locus_tag=ACSLFG_RS08190
NOTE: Change sequence name 'NZ_CP195878.1 | locus_tag=ACSLFG_RS13785 | product=16S ribosomal RNA | organism=Staphylococcus aureus' -> NZ_CP195878.1_|_locus_tag=ACSLFG_RS13785
NOTE: Change sequence name 'NZ_CP195878.1 | locus_tag=ACSLFG_RS14360 | product=16S ribosomal RNA | organism=Staphylococcus aureus' -> NZ_CP195878.1_|_locus_tag=ACSLFG_RS14360
NOTE: Change sequence name 'NZ_CP166577.1 | locus_tag=AB6X62_RS04165 | product=16S ribosomal RNA | organism=Staphylococcus aureus' -> NZ_CP166577.1_|_locus_tag=AB6X62_RS04165
NOTE: Change sequence name 'NZ_CP166577.1 | locus_tag=AB6X62_RS13070 | product=16S ribosomal RNA | organism=Staphylococcus aureus' -> NZ_CP166577.1_|_locus_tag=AB6X62_RS13070
NOTE: Change sequence name 'NZ_CP166575.1 | locus_tag=AB6X81_RS04150 | product=16S ribosomal RNA | organism=Staphylococcus aureus' -> NZ_CP166575.1_|_locus_tag=AB6X81_RS04150
NOTE: Change sequence name 'NZ_CP166575.1 | locus_tag=AB6X81_RS13160 | product=16S ribosomal RNA | organism=Staphylococcus aureus' -> NZ_CP166575.1_|_locus_tag=AB6X81_RS13160
NOTE: Change sequence name 'NZ_CP166574.1 | locus_tag=AB6X59_RS10685 | product=16S ribosomal RNA | organism=Staphylococcus aureus' -> NZ_CP166574.1_|_locus_tag=AB6X59_RS10685
NOTE: Change sequence name 'NZ_CP166573.1 | locus_tag=AB6X54_RS02440 | product=16S ribosomal RNA | organism=Staphylococcus aureus' -> NZ_CP166573.1_|_locus_tag=AB6X54_RS02440
NOTE: Change sequence name 'NZ_CP166573.1 | locus_tag=AB6X54_RS10685 | product=16S ribosomal RNA | organism=Staphylococcus aureus' -> NZ_CP166573.1_|_locus_tag=AB6X54_RS10685
NOTE: Change sequence name 'NZ_CP166567.1 | locus_tag=AB6X76_RS02090 | product=16S ribosomal RNA | organism=Staphylococcus aureus' -> NZ_CP166567.1_|_locus_tag=AB6X76_RS02090
NOTE: Change sequence name 'NZ_CP166565.1 | locus_tag=AB6X77_RS02080 | product=16S ribosomal RNA | organism=Staphylococcus aureus' -> NZ_CP166565.1_|_locus_tag=AB6X77_RS02080
NOTE: Change sequence name 'NZ_CP166564.1 | locus_tag=AB6X84_RS04480 | product=16S ribosomal RNA | organism=Staphylococcus aureus' -> NZ_CP166564.1_|_locus_tag=AB6X84_RS04480
NOTE: Change sequence name 'NZ_CP166563.1 | locus_tag=AB6X69_RS02140 | product=16S ribosomal RNA | organism=Staphylococcus aureus' -> NZ_CP166563.1_|_locus_tag=AB6X69_RS02140
NOTE: Change sequence name 'NZ_CP166563.1 | locus_tag=AB6X69_RS02395 | product=16S ribosomal RNA | organism=Staphylococcus aureus' -> NZ_CP166563.1_|_locus_tag=AB6X69_RS02395
NOTE: Change sequence name 'NZ_CP166563.1 | locus_tag=AB6X69_RS02415 | product=16S ribosomal RNA | organism=Staphylococcus aureus' -> NZ_CP166563.1_|_locus_tag=AB6X69_RS02415
NOTE: Change sequence name 'NZ_CP166563.1 | locus_tag=AB6X69_RS09715 | product=16S ribosomal RNA | organism=Staphylococcus aureus' -> NZ_CP166563.1_|_locus_tag=AB6X69_RS09715
NOTE: Change sequence name 'NZ_CP166563.1 | locus_tag=AB6X69_RS10835 | product=16S ribosomal RNA | organism=Staphylococcus aureus' -> NZ_CP166563.1_|_locus_tag=AB6X69_RS10835
NOTE: Change sequence name 'NZ_CP166562.1 | locus_tag=AB6X56_RS02165 | product=16S ribosomal RNA | organism=Staphylococcus aureus' -> NZ_CP166562.1_|_locus_tag=AB6X56_RS02165
NOTE: Change sequence name 'NZ_CP166562.1 | locus_tag=AB6X56_RS10695 | product=16S ribosomal RNA | organism=Staphylococcus aureus' -> NZ_CP166562.1_|_locus_tag=AB6X56_RS10695
NOTE: Change sequence name 'NZ_CP166559.1 | locus_tag=AB6X87_RS02485 | product=16S ribosomal RNA | organism=Staphylococcus aureus' -> NZ_CP166559.1_|_locus_tag=AB6X87_RS02485
NOTE: Change sequence name 'NZ_CP166559.1 | locus_tag=AB6X87_RS02505 | product=16S ribosomal RNA | organism=Staphylococcus aureus' -> NZ_CP166559.1_|_locus_tag=AB6X87_RS02505
NOTE: Change sequence name 'NZ_CP166559.1 | locus_tag=AB6X87_RS10905 | product=16S ribosomal RNA | organism=Staphylococcus aureus' -> NZ_CP166559.1_|_locus_tag=AB6X87_RS10905
NOTE: Change sequence name 'NZ_CP166561.1 | locus_tag=AB6X45_RS02165 | product=16S ribosomal RNA | organism=Staphylococcus aureus' -> NZ_CP166561.1_|_locus_tag=AB6X45_RS02165
NOTE: Change sequence name 'NZ_CP166561.1 | locus_tag=AB6X45_RS02445 | product=16S ribosomal RNA | organism=Staphylococcus aureus' -> NZ_CP166561.1_|_locus_tag=AB6X45_RS02445
NOTE: Change sequence name 'NZ_CP166561.1 | locus_tag=AB6X45_RS10695 | product=16S ribosomal RNA | organism=Staphylococcus aureus' -> NZ_CP166561.1_|_locus_tag=AB6X45_RS10695
NOTE: Change sequence name 'NZ_CP166557.1 | locus_tag=AB6X64_RS02485 | product=16S ribosomal RNA | organism=Staphylococcus aureus' -> NZ_CP166557.1_|_locus_tag=AB6X64_RS02485
NOTE: Change sequence name 'NZ_CP166557.1 | locus_tag=AB6X64_RS02505 | product=16S ribosomal RNA | organism=Staphylococcus aureus' -> NZ_CP166557.1_|_locus_tag=AB6X64_RS02505
NOTE: Change sequence name 'NZ_CP166557.1 | locus_tag=AB6X64_RS10905 | product=16S ribosomal RNA | organism=Staphylococcus aureus' -> NZ_CP166557.1_|_locus_tag=AB6X64_RS10905
NOTE: Change sequence name 'NZ_CP166555.1 | locus_tag=AB6X65_RS02485 | product=16S ribosomal RNA | organism=Staphylococcus aureus' -> NZ_CP166555.1_|_locus_tag=AB6X65_RS02485
NOTE: Change sequence name 'NZ_CP166555.1 | locus_tag=AB6X65_RS02505 | product=16S ribosomal RNA | organism=Staphylococcus aureus' -> NZ_CP166555.1_|_locus_tag=AB6X65_RS02505
NOTE: Change sequence name 'NZ_CP166555.1 | locus_tag=AB6X65_RS10905 | product=16S ribosomal RNA | organism=Staphylococcus aureus' -> NZ_CP166555.1_|_locus_tag=AB6X65_RS10905
NOTE: Change sequence name 'NZ_CP166552.1 | locus_tag=AB6X53_RS02580 | product=16S ribosomal RNA | organism=Staphylococcus aureus' -> NZ_CP166552.1_|_locus_tag=AB6X53_RS02580
NOTE: Change sequence name 'NZ_CP166552.1 | locus_tag=AB6X53_RS02600 | product=16S ribosomal RNA | organism=Staphylococcus aureus' -> NZ_CP166552.1_|_locus_tag=AB6X53_RS02600
NOTE: Change sequence name 'NZ_CP166552.1 | locus_tag=AB6X53_RS11090 | product=16S ribosomal RNA | organism=Staphylococcus aureus' -> NZ_CP166552.1_|_locus_tag=AB6X53_RS11090
NOTE: Change sequence name 'NZ_CP166551.1 | locus_tag=AB6X51_RS02710 | product=16S ribosomal RNA | organism=Staphylococcus aureus' -> NZ_CP166551.1_|_locus_tag=AB6X51_RS02710
NOTE: Change sequence name 'NZ_CP166551.1 | locus_tag=AB6X51_RS02730 | product=16S ribosomal RNA | organism=Staphylococcus aureus' -> NZ_CP166551.1_|_locus_tag=AB6X51_RS02730
NOTE: Change sequence name 'NZ_CP166551.1 | locus_tag=AB6X51_RS11005 | product=16S ribosomal RNA | organism=Staphylococcus aureus' -> NZ_CP166551.1_|_locus_tag=AB6X51_RS11005
NOTE: Change sequence name 'NZ_CP166551.1 | locus_tag=AB6X51_RS11575 | product=16S ribosomal RNA | organism=Staphylococcus aureus' -> NZ_CP166551.1_|_locus_tag=AB6X51_RS11575
NOTE: Change sequence name 'NZ_CP166550.1 | locus_tag=AB6X85_RS02710 | product=16S ribosomal RNA | organism=Staphylococcus aureus' -> NZ_CP166550.1_|_locus_tag=AB6X85_RS02710
NOTE: Change sequence name 'NZ_CP166550.1 | locus_tag=AB6X85_RS02730 | product=16S ribosomal RNA | organism=Staphylococcus aureus' -> NZ_CP166550.1_|_locus_tag=AB6X85_RS02730
NOTE: Change sequence name 'NZ_CP166550.1 | locus_tag=AB6X85_RS11030 | product=16S ribosomal RNA | organism=Staphylococcus aureus' -> NZ_CP166550.1_|_locus_tag=AB6X85_RS11030
NOTE: Change sequence name 'NZ_CP166550.1 | locus_tag=AB6X85_RS11600 | product=16S ribosomal RNA | organism=Staphylococcus aureus' -> NZ_CP166550.1_|_locus_tag=AB6X85_RS11600
NOTE: Change sequence name 'NZ_CP166549.1 | locus_tag=AB6X66_RS02710 | product=16S ribosomal RNA | organism=Staphylococcus aureus' -> NZ_CP166549.1_|_locus_tag=AB6X66_RS02710
NOTE: Change sequence name 'NZ_CP166549.1 | locus_tag=AB6X66_RS02730 | product=16S ribosomal RNA | organism=Staphylococcus aureus' -> NZ_CP166549.1_|_locus_tag=AB6X66_RS02730
NOTE: Change sequence name 'NZ_CP166549.1 | locus_tag=AB6X66_RS11010 | product=16S ribosomal RNA | organism=Staphylococcus aureus' -> NZ_CP166549.1_|_locus_tag=AB6X66_RS11010
NOTE: Change sequence name 'NZ_CP166549.1 | locus_tag=AB6X66_RS11580 | product=16S ribosomal RNA | organism=Staphylococcus aureus' -> NZ_CP166549.1_|_locus_tag=AB6X66_RS11580
NOTE: Change sequence name 'NZ_CP166547.1 | locus_tag=AB6X94_RS11620 | product=16S ribosomal RNA | organism=Staphylococcus aureus' -> NZ_CP166547.1_|_locus_tag=AB6X94_RS11620
NOTE: Change sequence name 'NZ_CP166548.1 | locus_tag=AB6X44_RS11595 | product=16S ribosomal RNA | organism=Staphylococcus aureus' -> NZ_CP166548.1_|_locus_tag=AB6X44_RS11595
NOTE: Change sequence name 'NZ_CP166546.1 | locus_tag=AB6X58_RS02505 | product=16S ribosomal RNA | organism=Staphylococcus aureus' -> NZ_CP166546.1_|_locus_tag=AB6X58_RS02505
NOTE: Change sequence name 'NZ_CP166546.1 | locus_tag=AB6X58_RS02760 | product=16S ribosomal RNA | organism=Staphylococcus aureus' -> NZ_CP166546.1_|_locus_tag=AB6X58_RS02760
NOTE: Change sequence name 'NZ_CP166546.1 | locus_tag=AB6X58_RS11195 | product=16S ribosomal RNA | organism=Staphylococcus aureus' -> NZ_CP166546.1_|_locus_tag=AB6X58_RS11195
NOTE: Change sequence name 'NZ_CP166544.1 | locus_tag=AB6X43_RS02505 | product=16S ribosomal RNA | organism=Staphylococcus aureus' -> NZ_CP166544.1_|_locus_tag=AB6X43_RS02505
NOTE: Change sequence name 'NZ_CP166544.1 | locus_tag=AB6X43_RS11580 | product=16S ribosomal RNA | organism=Staphylococcus aureus' -> NZ_CP166544.1_|_locus_tag=AB6X43_RS11580
NOTE: Change sequence name 'NZ_CP166538.1 | locus_tag=AB6X71_RS02580 | product=16S ribosomal RNA | organism=Staphylococcus aureus' -> NZ_CP166538.1_|_locus_tag=AB6X71_RS02580
NOTE: Change sequence name 'NZ_CP166538.1 | locus_tag=AB6X71_RS02600 | product=16S ribosomal RNA | organism=Staphylococcus aureus' -> NZ_CP166538.1_|_locus_tag=AB6X71_RS02600
NOTE: Change sequence name 'NZ_CP166538.1 | locus_tag=AB6X71_RS11090 | product=16S ribosomal RNA | organism=Staphylococcus aureus' -> NZ_CP166538.1_|_locus_tag=AB6X71_RS11090
NOTE: Change sequence name 'NZ_CP166536.1 | locus_tag=AB6X61_RS02580 | product=16S ribosomal RNA | organism=Staphylococcus aureus' -> NZ_CP166536.1_|_locus_tag=AB6X61_RS02580
NOTE: Change sequence name 'NZ_CP166536.1 | locus_tag=AB6X61_RS02600 | product=16S ribosomal RNA | organism=Staphylococcus aureus' -> NZ_CP166536.1_|_locus_tag=AB6X61_RS02600
NOTE: Change sequence name 'NZ_CP166536.1 | locus_tag=AB6X61_RS11090 | product=16S ribosomal RNA | organism=Staphylococcus aureus' -> NZ_CP166536.1_|_locus_tag=AB6X61_RS11090
NOTE: Change sequence name 'NZ_CP166534.1 | locus_tag=AB6X48_RS02600 | product=16S ribosomal RNA | organism=Staphylococcus aureus' -> NZ_CP166534.1_|_locus_tag=AB6X48_RS02600
NOTE: Change sequence name 'NZ_CP166534.1 | locus_tag=AB6X48_RS11090 | product=16S ribosomal RNA | organism=Staphylococcus aureus' -> NZ_CP166534.1_|_locus_tag=AB6X48_RS11090
NOTE: Change sequence name 'NZ_CP166533.1 | locus_tag=AB6X95_RS02160 | product=16S ribosomal RNA | organism=Staphylococcus aureus' -> NZ_CP166533.1_|_locus_tag=AB6X95_RS02160
NOTE: Change sequence name 'NZ_CP166533.1 | locus_tag=AB6X95_RS02435 | product=16S ribosomal RNA | organism=Staphylococcus aureus' -> NZ_CP166533.1_|_locus_tag=AB6X95_RS02435
NOTE: Change sequence name 'NZ_CP166533.1 | locus_tag=AB6X95_RS10875 | product=16S ribosomal RNA | organism=Staphylococcus aureus' -> NZ_CP166533.1_|_locus_tag=AB6X95_RS10875
NOTE: Change sequence name 'NZ_CP166533.1 | locus_tag=AB6X95_RS11450 | product=16S ribosomal RNA | organism=Staphylococcus aureus' -> NZ_CP166533.1_|_locus_tag=AB6X95_RS11450
NOTE: Change sequence name 'NZ_CP166528.1 | locus_tag=AB6X57_RS04290 | product=16S ribosomal RNA | organism=Staphylococcus aureus' -> NZ_CP166528.1_|_locus_tag=AB6X57_RS04290
NOTE: Change sequence name 'NZ_CP166526.1 | locus_tag=AB6X52_RS02390 | product=16S ribosomal RNA | organism=Staphylococcus aureus' -> NZ_CP166526.1_|_locus_tag=AB6X52_RS02390
NOTE: Change sequence name 'NZ_CP166526.1 | locus_tag=AB6X52_RS10720 | product=16S ribosomal RNA | organism=Staphylococcus aureus' -> NZ_CP166526.1_|_locus_tag=AB6X52_RS10720
NOTE: Change sequence name 'NZ_CP166525.1 | locus_tag=AB6X74_RS09810 | product=16S ribosomal RNA | organism=Staphylococcus aureus' -> NZ_CP166525.1_|_locus_tag=AB6X74_RS09810
NOTE: Change sequence name 'NZ_CP166524.1 | locus_tag=AB6X68_RS02145 | product=16S ribosomal RNA | organism=Staphylococcus aureus' -> NZ_CP166524.1_|_locus_tag=AB6X68_RS02145
NOTE: Change sequence name 'NZ_CP166524.1 | locus_tag=AB6X68_RS02420 | product=16S ribosomal RNA | organism=Staphylococcus aureus' -> NZ_CP166524.1_|_locus_tag=AB6X68_RS02420
NOTE: Change sequence name 'NZ_CP166524.1 | locus_tag=AB6X68_RS11745 | product=16S ribosomal RNA | organism=Staphylococcus aureus' -> NZ_CP166524.1_|_locus_tag=AB6X68_RS11745
NOTE: Change sequence name 'NZ_CP166532.1 | locus_tag=AB6X60_RS02160 | product=16S ribosomal RNA | organism=Staphylococcus aureus' -> NZ_CP166532.1_|_locus_tag=AB6X60_RS02160
NOTE: Change sequence name 'NZ_CP166532.1 | locus_tag=AB6X60_RS02435 | product=16S ribosomal RNA | organism=Staphylococcus aureus' -> NZ_CP166532.1_|_locus_tag=AB6X60_RS02435
NOTE: Change sequence name 'NZ_CP166532.1 | locus_tag=AB6X60_RS10875 | product=16S ribosomal RNA | organism=Staphylococcus aureus' -> NZ_CP166532.1_|_locus_tag=AB6X60_RS10875
NOTE: Change sequence name 'NZ_CP166532.1 | locus_tag=AB6X60_RS11450 | product=16S ribosomal RNA | organism=Staphylococcus aureus' -> NZ_CP166532.1_|_locus_tag=AB6X60_RS11450
NOTE: Change sequence name 'NZ_CP166522.1 | locus_tag=AB6X88_RS02375 | product=16S ribosomal RNA | organism=Staphylococcus aureus' -> NZ_CP166522.1_|_locus_tag=AB6X88_RS02375
NOTE: Change sequence name 'NZ_CP166522.1 | locus_tag=AB6X88_RS02395 | product=16S ribosomal RNA | organism=Staphylococcus aureus' -> NZ_CP166522.1_|_locus_tag=AB6X88_RS02395
NOTE: Change sequence name 'NZ_CP166522.1 | locus_tag=AB6X88_RS10725 | product=16S ribosomal RNA | organism=Staphylococcus aureus' -> NZ_CP166522.1_|_locus_tag=AB6X88_RS10725
NOTE: Change sequence name 'NZ_CP166520.1 | locus_tag=AB6X83_RS02400 | product=16S ribosomal RNA | organism=Staphylococcus aureus' -> NZ_CP166520.1_|_locus_tag=AB6X83_RS02400
NOTE: Change sequence name 'NZ_CP166520.1 | locus_tag=AB6X83_RS10735 | product=16S ribosomal RNA | organism=Staphylococcus aureus' -> NZ_CP166520.1_|_locus_tag=AB6X83_RS10735
NOTE: Change sequence name 'NZ_CP166515.1 | locus_tag=AB6X90_RS02895 | product=16S ribosomal RNA | organism=Staphylococcus aureus' -> NZ_CP166515.1_|_locus_tag=AB6X90_RS02895
NOTE: Change sequence name 'NZ_CP166515.1 | locus_tag=AB6X90_RS03945 | product=16S ribosomal RNA | organism=Staphylococcus aureus' -> NZ_CP166515.1_|_locus_tag=AB6X90_RS03945
NOTE: Change sequence name 'NZ_CP166514.1 | locus_tag=AB6X72_RS02900 | product=16S ribosomal RNA | organism=Staphylococcus aureus' -> NZ_CP166514.1_|_locus_tag=AB6X72_RS02900
NOTE: Change sequence name 'NZ_CP166514.1 | locus_tag=AB6X72_RS03950 | product=16S ribosomal RNA | organism=Staphylococcus aureus' -> NZ_CP166514.1_|_locus_tag=AB6X72_RS03950
NOTE: Change sequence name 'NZ_CP166509.1 | locus_tag=AB6X63_RS11420 | product=16S ribosomal RNA | organism=Staphylococcus aureus' -> NZ_CP166509.1_|_locus_tag=AB6X63_RS11420
NOTE: Change sequence name 'NZ_CP166507.1 | locus_tag=AB6X50_RS11410 | product=16S ribosomal RNA | organism=Staphylococcus aureus' -> NZ_CP166507.1_|_locus_tag=AB6X50_RS11410
NOTE: Change sequence name 'NZ_CP166506.1 | locus_tag=AB6X78_RS11620 | product=16S ribosomal RNA | organism=Staphylococcus aureus' -> NZ_CP166506.1_|_locus_tag=AB6X78_RS11620
NOTE: Change sequence name 'NZ_CP092999.1 | locus_tag=MM174_RS04800 | product=16S ribosomal RNA | organism=Staphylococcus aureus' -> NZ_CP092999.1_|_locus_tag=MM174_RS04800
NOTE: Change sequence name 'NZ_CP092999.1 | locus_tag=MM174_RS04820 | product=16S ribosomal RNA | organism=Staphylococcus aureus' -> NZ_CP092999.1_|_locus_tag=MM174_RS04820
NOTE: Change sequence name 'NZ_CP092999.1 | locus_tag=MM174_RS05080 | product=16S ribosomal RNA | organism=Staphylococcus aureus' -> NZ_CP092999.1_|_locus_tag=MM174_RS05080
NOTE: Change sequence name 'NZ_CP092999.1 | locus_tag=MM174_RS10490 | product=16S ribosomal RNA | organism=Staphylococcus aureus' -> NZ_CP092999.1_|_locus_tag=MM174_RS10490
NOTE: Change sequence name 'NZ_CP092999.1 | locus_tag=MM174_RS11135 | product=16S ribosomal RNA | organism=Staphylococcus aureus' -> NZ_CP092999.1_|_locus_tag=MM174_RS11135
NOTE: Change sequence name 'NZ_CP092999.1 | locus_tag=MM174_RS11785 | product=16S ribosomal RNA | organism=Staphylococcus aureus' -> NZ_CP092999.1_|_locus_tag=MM174_RS11785
NOTE: Change sequence name 'NZ_OY725415.1 | locus_tag=AC1U0L_RS00035 | product=16S ribosomal RNA | organism=Staphylococcus aureus' -> NZ_OY725415.1_|_locus_tag=AC1U0L_RS00035
NOTE: Change sequence name 'NZ_OY725415.1 | locus_tag=AC1U0L_RS00290 | product=16S ribosomal RNA | organism=Staphylococcus aureus' -> NZ_OY725415.1_|_locus_tag=AC1U0L_RS00290
NOTE: Change sequence name 'NZ_OY725415.1 | locus_tag=AC1U0L_RS05270 | product=16S ribosomal RNA | organism=Staphylococcus aureus' -> NZ_OY725415.1_|_locus_tag=AC1U0L_RS05270
NOTE: Change sequence name 'NZ_CP182574.1 | locus_tag=ACNFVN_RS02165 | product=16S ribosomal RNA | organism=Staphylococcus aureus' -> NZ_CP182574.1_|_locus_tag=ACNFVN_RS02165
NOTE: Change sequence name 'NZ_CP182574.1 | locus_tag=ACNFVN_RS02420 | product=16S ribosomal RNA | organism=Staphylococcus aureus' -> NZ_CP182574.1_|_locus_tag=ACNFVN_RS02420
NOTE: Change sequence name 'NZ_CP182574.1 | locus_tag=ACNFVN_RS10340 | product=16S ribosomal RNA | organism=Staphylococcus aureus' -> NZ_CP182574.1_|_locus_tag=ACNFVN_RS10340
NOTE: Change sequence name 'NZ_CP182574.1 | locus_tag=ACNFVN_RS10905 | product=16S ribosomal RNA | organism=Staphylococcus aureus' -> NZ_CP182574.1_|_locus_tag=ACNFVN_RS10905
NOTE: Change sequence name 'NZ_AP041589.1 | locus_tag=ACZ50H_RS02280 | product=16S ribosomal RNA | organism=Staphylococcus aureus' -> NZ_AP041589.1_|_locus_tag=ACZ50H_RS02280
NOTE: Change sequence name 'NZ_AP041589.1 | locus_tag=ACZ50H_RS02555 | product=16S ribosomal RNA | organism=Staphylococcus aureus' -> NZ_AP041589.1_|_locus_tag=ACZ50H_RS02555
NOTE: Change sequence name 'NZ_AP041589.1 | locus_tag=ACZ50H_RS10990 | product=16S ribosomal RNA | organism=Staphylococcus aureus' -> NZ_AP041589.1_|_locus_tag=ACZ50H_RS10990
NOTE: Change sequence name 'NZ_AP040284.1 | locus_tag=ACZ35Y_RS11110 | product=16S ribosomal RNA | organism=Staphylococcus aureus' -> NZ_AP040284.1_|_locus_tag=ACZ35Y_RS11110
NOTE: Change sequence name 'NZ_AP040285.1 | locus_tag=ACZ5U7_RS02440 | product=16S ribosomal RNA | organism=Staphylococcus aureus' -> NZ_AP040285.1_|_locus_tag=ACZ5U7_RS02440
NOTE: Change sequence name 'NZ_AP040286.1 | locus_tag=ACZ354_RS02470 | product=16S ribosomal RNA | organism=Staphylococcus aureus' -> NZ_AP040286.1_|_locus_tag=ACZ354_RS02470
NOTE: Change sequence name 'NZ_AP040286.1 | locus_tag=ACZ354_RS10705 | product=16S ribosomal RNA | organism=Staphylococcus aureus' -> NZ_AP040286.1_|_locus_tag=ACZ354_RS10705
NOTE: Change sequence name 'NZ_AP040287.1 | locus_tag=ACZ5SG_RS02655 | product=16S ribosomal RNA | organism=Staphylococcus aureus' -> NZ_AP040287.1_|_locus_tag=ACZ5SG_RS02655
NOTE: Change sequence name 'NZ_AP040287.1 | locus_tag=ACZ5SG_RS11010 | product=16S ribosomal RNA | organism=Staphylococcus aureus' -> NZ_AP040287.1_|_locus_tag=ACZ5SG_RS11010
NOTE: Change sequence name 'NZ_AP040288.1 | locus_tag=ACZ5SY_RS02555 | product=16S ribosomal RNA | organism=Staphylococcus aureus' -> NZ_AP040288.1_|_locus_tag=ACZ5SY_RS02555
NOTE: Change sequence name 'NZ_AP040291.1 | locus_tag=ACZ5SD_RS02555 | product=16S ribosomal RNA | organism=Staphylococcus aureus' -> NZ_AP040291.1_|_locus_tag=ACZ5SD_RS02555
NOTE: Change sequence name 'NZ_AP040293.1 | locus_tag=ACZ5R0_RS02545 | product=16S ribosomal RNA | organism=Staphylococcus aureus' -> NZ_AP040293.1_|_locus_tag=ACZ5R0_RS02545
NOTE: Change sequence name 'NZ_AP041587.1 | locus_tag=ACZ5QC_RS02195 | product=16S ribosomal RNA | organism=Staphylococcus aureus' -> NZ_AP041587.1_|_locus_tag=ACZ5QC_RS02195
NOTE: Change sequence name 'NZ_AP041587.1 | locus_tag=ACZ5QC_RS11195 | product=16S ribosomal RNA | organism=Staphylococcus aureus' -> NZ_AP041587.1_|_locus_tag=ACZ5QC_RS11195
NOTE: Change sequence name 'NZ_AP040295.1 | locus_tag=ACZ5QS_RS02565 | product=16S ribosomal RNA | organism=Staphylococcus aureus' -> NZ_AP040295.1_|_locus_tag=ACZ5QS_RS02565
NOTE: Change sequence name 'NZ_AP040296.1 | locus_tag=ACZ5PY_RS02545 | product=16S ribosomal RNA | organism=Staphylococcus aureus' -> NZ_AP040296.1_|_locus_tag=ACZ5PY_RS02545
NOTE: Change sequence name 'NZ_AP040298.1 | locus_tag=ACZ5PR_RS02245 | product=16S ribosomal RNA | organism=Staphylococcus aureus' -> NZ_AP040298.1_|_locus_tag=ACZ5PR_RS02245
NOTE: Change sequence name 'NZ_AP044060.1 | locus_tag=ACZ5OM_RS02320 | product=16S ribosomal RNA | organism=Staphylococcus aureus' -> NZ_AP044060.1_|_locus_tag=ACZ5OM_RS02320
NOTE: Change sequence name 'NZ_AP044062.1 | locus_tag=ACZ5K1_RS02035 | product=16S ribosomal RNA | organism=Staphylococcus aureus' -> NZ_AP044062.1_|_locus_tag=ACZ5K1_RS02035
NOTE: Change sequence name 'NZ_AP044062.1 | locus_tag=ACZ5K1_RS11185 | product=16S ribosomal RNA | organism=Staphylococcus aureus' -> NZ_AP044062.1_|_locus_tag=ACZ5K1_RS11185
NOTE: Change sequence name 'NZ_AP041610.1 | locus_tag=ACZ5IF_RS02375 | product=16S ribosomal RNA | organism=Staphylococcus aureus' -> NZ_AP041610.1_|_locus_tag=ACZ5IF_RS02375
NOTE: Change sequence name 'NZ_AP041610.1 | locus_tag=ACZ5IF_RS02630 | product=16S ribosomal RNA | organism=Staphylococcus aureus' -> NZ_AP041610.1_|_locus_tag=ACZ5IF_RS02630
NOTE: Change sequence name 'NZ_AP041610.1 | locus_tag=ACZ5IF_RS02645 | product=16S ribosomal RNA | organism=Staphylococcus aureus' -> NZ_AP041610.1_|_locus_tag=ACZ5IF_RS02645
NOTE: Change sequence name 'NZ_AP041610.1 | locus_tag=ACZ5IF_RS09485 | product=16S ribosomal RNA | organism=Staphylococcus aureus' -> NZ_AP041610.1_|_locus_tag=ACZ5IF_RS09485
NOTE: Change sequence name 'NZ_AP041610.1 | locus_tag=ACZ5IF_RS10550 | product=16S ribosomal RNA | organism=Staphylococcus aureus' -> NZ_AP041610.1_|_locus_tag=ACZ5IF_RS10550
NOTE: Change sequence name 'NZ_AP041610.1 | locus_tag=ACZ5IF_RS11125 | product=16S ribosomal RNA | organism=Staphylococcus aureus' -> NZ_AP041610.1_|_locus_tag=ACZ5IF_RS11125
NOTE: Change sequence name 'NZ_AP043700.1 | locus_tag=ACZ49O_RS09805 | product=16S ribosomal RNA | organism=Staphylococcus aureus' -> NZ_AP043700.1_|_locus_tag=ACZ49O_RS09805
NOTE: Change sequence name 'NZ_AP043709.1 | locus_tag=ACZ471_RS05855 | product=16S ribosomal RNA | organism=Staphylococcus aureus' -> NZ_AP043709.1_|_locus_tag=ACZ471_RS05855
NOTE: Change sequence name 'NZ_AP043709.1 | locus_tag=ACZ471_RS06420 | product=16S ribosomal RNA | organism=Staphylococcus aureus' -> NZ_AP043709.1_|_locus_tag=ACZ471_RS06420
NOTE: Change sequence name 'NZ_AP043709.1 | locus_tag=ACZ471_RS11400 | product=16S ribosomal RNA | organism=Staphylococcus aureus' -> NZ_AP043709.1_|_locus_tag=ACZ471_RS11400
NOTE: Change sequence name 'NZ_AP043709.1 | locus_tag=ACZ471_RS11655 | product=16S ribosomal RNA | organism=Staphylococcus aureus' -> NZ_AP043709.1_|_locus_tag=ACZ471_RS11655
NOTE: Change sequence name 'NZ_AP043709.1 | locus_tag=ACZ471_RS12330 | product=16S ribosomal RNA | organism=Staphylococcus aureus' -> NZ_AP043709.1_|_locus_tag=ACZ471_RS12330
NOTE: Change sequence name 'NZ_AP044063.1 | locus_tag=ACZ41Y_RS11065 | product=16S ribosomal RNA | organism=Staphylococcus aureus' -> NZ_AP044063.1_|_locus_tag=ACZ41Y_RS11065
NOTE: Change sequence name 'NZ_AP040133.1 | locus_tag=ACZ435_RS02265 | product=16S ribosomal RNA | organism=Staphylococcus aureus' -> NZ_AP040133.1_|_locus_tag=ACZ435_RS02265
NOTE: Change sequence name 'NZ_CP180165.1 | locus_tag=ACMTNW_RS02695 | product=16S ribosomal RNA | organism=Staphylococcus aureus' -> NZ_CP180165.1_|_locus_tag=ACMTNW_RS02695
NOTE: Change sequence name 'NZ_CP180165.1 | locus_tag=ACMTNW_RS11615 | product=16S ribosomal RNA | organism=Staphylococcus aureus' -> NZ_CP180165.1_|_locus_tag=ACMTNW_RS11615
NOTE: Change sequence name 'NZ_CP142805.1 | locus_tag=VW781_RS02195 | product=16S ribosomal RNA | organism=Staphylococcus aureus' -> NZ_CP142805.1_|_locus_tag=VW781_RS02195
NOTE: Change sequence name 'NZ_CP142805.1 | locus_tag=VW781_RS09555 | product=16S ribosomal RNA | organism=Staphylococcus aureus' -> NZ_CP142805.1_|_locus_tag=VW781_RS09555
NOTE: Change sequence name 'NZ_CP142805.1 | locus_tag=VW781_RS10660 | product=16S ribosomal RNA | organism=Staphylococcus aureus' -> NZ_CP142805.1_|_locus_tag=VW781_RS10660
NOTE: Change sequence name 'NZ_CP142804.1 | locus_tag=VW782_RS02870 | product=16S ribosomal RNA | organism=Staphylococcus aureus' -> NZ_CP142804.1_|_locus_tag=VW782_RS02870
NOTE: Change sequence name 'NZ_CP142804.1 | locus_tag=VW782_RS11040 | product=16S ribosomal RNA | organism=Staphylococcus aureus' -> NZ_CP142804.1_|_locus_tag=VW782_RS11040
NOTE: Change sequence name 'NZ_CP142804.1 | locus_tag=VW782_RS11060 | product=16S ribosomal RNA | organism=Staphylococcus aureus' -> NZ_CP142804.1_|_locus_tag=VW782_RS11060
NOTE: Change sequence name 'NZ_CP142803.1 | locus_tag=VW783_RS02380 | product=16S ribosomal RNA | organism=Staphylococcus aureus' -> NZ_CP142803.1_|_locus_tag=VW783_RS02380
NOTE: Change sequence name 'NZ_CP142803.1 | locus_tag=VW783_RS02640 | product=16S ribosomal RNA | organism=Staphylococcus aureus' -> NZ_CP142803.1_|_locus_tag=VW783_RS02640
NOTE: Change sequence name 'NZ_CP142803.1 | locus_tag=VW783_RS02950 | product=16S ribosomal RNA | organism=Staphylococcus aureus' -> NZ_CP142803.1_|_locus_tag=VW783_RS02950
NOTE: Change sequence name 'NZ_CP142803.1 | locus_tag=VW783_RS03525 | product=16S ribosomal RNA | organism=Staphylococcus aureus' -> NZ_CP142803.1_|_locus_tag=VW783_RS03525
NOTE: Change sequence name 'NZ_CP087451.1 | locus_tag=LPA74_RS02815 | product=16S ribosomal RNA | organism=Staphylococcus aureus' -> NZ_CP087451.1_|_locus_tag=LPA74_RS02815
NOTE: Change sequence name 'NZ_CP087449.1 | locus_tag=LPB34_RS02825 | product=16S ribosomal RNA | organism=Staphylococcus aureus' -> NZ_CP087449.1_|_locus_tag=LPB34_RS02825
NOTE: Change sequence name 'NZ_CP087447.1 | locus_tag=LPB22_RS02820 | product=16S ribosomal RNA | organism=Staphylococcus aureus' -> NZ_CP087447.1_|_locus_tag=LPB22_RS02820
NOTE: Change sequence name 'NZ_CP087446.1 | locus_tag=LPB37_RS02270 | product=16S ribosomal RNA | organism=Staphylococcus aureus' -> NZ_CP087446.1_|_locus_tag=LPB37_RS02270
NOTE: Change sequence name 'NZ_CP087442.1 | locus_tag=LPB05_RS02250 | product=16S ribosomal RNA | organism=Staphylococcus aureus' -> NZ_CP087442.1_|_locus_tag=LPB05_RS02250
NOTE: Change sequence name 'NZ_CP087444.1 | locus_tag=LPB14_RS10785 | product=16S ribosomal RNA | organism=Staphylococcus aureus' -> NZ_CP087444.1_|_locus_tag=LPB14_RS10785
NOTE: Change sequence name 'NZ_CP087441.1 | locus_tag=LPA95_RS02260 | product=16S ribosomal RNA | organism=Staphylococcus aureus' -> NZ_CP087441.1_|_locus_tag=LPA95_RS02260
NOTE: Change sequence name 'NZ_CP087439.1 | locus_tag=LPB17_RS02265 | product=16S ribosomal RNA | organism=Staphylococcus aureus' -> NZ_CP087439.1_|_locus_tag=LPB17_RS02265
NOTE: Change sequence name 'NZ_CP087435.1 | locus_tag=LPA64_RS02290 | product=16S ribosomal RNA | organism=Staphylococcus aureus' -> NZ_CP087435.1_|_locus_tag=LPA64_RS02290
NOTE: Change sequence name 'NZ_CP087433.1 | locus_tag=LPB12_RS02280 | product=16S ribosomal RNA | organism=Staphylococcus aureus' -> NZ_CP087433.1_|_locus_tag=LPB12_RS02280
NOTE: Change sequence name 'NZ_CP087432.1 | locus_tag=LPA89_RS02290 | product=16S ribosomal RNA | organism=Staphylococcus aureus' -> NZ_CP087432.1_|_locus_tag=LPA89_RS02290
NOTE: Change sequence name 'NZ_CP087431.1 | locus_tag=LPA96_RS02300 | product=16S ribosomal RNA | organism=Staphylococcus aureus' -> NZ_CP087431.1_|_locus_tag=LPA96_RS02300
NOTE: Change sequence name 'NZ_CP087429.1 | locus_tag=LPA92_RS02280 | product=16S ribosomal RNA | organism=Staphylococcus aureus' -> NZ_CP087429.1_|_locus_tag=LPA92_RS02280
NOTE: Change sequence name 'NZ_CP087428.1 | locus_tag=LPB40_RS02280 | product=16S ribosomal RNA | organism=Staphylococcus aureus' -> NZ_CP087428.1_|_locus_tag=LPB40_RS02280
NOTE: Change sequence name 'NZ_CP093064.1 | locus_tag=MMZ60_RS02545 | product=16S ribosomal RNA | organism=Staphylococcus aureus' -> NZ_CP093064.1_|_locus_tag=MMZ60_RS02545
NOTE: Change sequence name 'NZ_CP093064.1 | locus_tag=MMZ60_RS02565 | product=16S ribosomal RNA | organism=Staphylococcus aureus' -> NZ_CP093064.1_|_locus_tag=MMZ60_RS02565
NOTE: Change sequence name 'NZ_CP093064.1 | locus_tag=MMZ60_RS11305 | product=16S ribosomal RNA | organism=Staphylococcus aureus' -> NZ_CP093064.1_|_locus_tag=MMZ60_RS11305
NOTE: Change sequence name 'NZ_CP093064.1 | locus_tag=MMZ60_RS11950 | product=16S ribosomal RNA | organism=Staphylococcus aureus' -> NZ_CP093064.1_|_locus_tag=MMZ60_RS11950
NOTE: Change sequence name 'NZ_CP199774.1 | locus_tag=ACUHZX_RS01085 | product=16S ribosomal RNA | organism=Staphylococcus aureus' -> NZ_CP199774.1_|_locus_tag=ACUHZX_RS01085
NOTE: Change sequence name 'NZ_CP199774.1 | locus_tag=ACUHZX_RS01105 | product=16S ribosomal RNA | organism=Staphylococcus aureus' -> NZ_CP199774.1_|_locus_tag=ACUHZX_RS01105
NOTE: Change sequence name 'NZ_CP199774.1 | locus_tag=ACUHZX_RS07785 | product=16S ribosomal RNA | organism=Staphylococcus aureus' -> NZ_CP199774.1_|_locus_tag=ACUHZX_RS07785
NOTE: Change sequence name 'NZ_CP199774.1 | locus_tag=ACUHZX_RS08955 | product=16S ribosomal RNA | organism=Staphylococcus aureus' -> NZ_CP199774.1_|_locus_tag=ACUHZX_RS08955
NOTE: Change sequence name 'NZ_CP190357.1 | locus_tag=N3P47_RS11670 | product=16S ribosomal RNA | organism=Staphylococcus aureus' -> NZ_CP190357.1_|_locus_tag=N3P47_RS11670
NOTE: Change sequence name 'NZ_CP085310.1 | locus_tag=K1375_RS04800 | product=16S ribosomal RNA | organism=Staphylococcus aureus' -> NZ_CP085310.1_|_locus_tag=K1375_RS04800
NOTE: Change sequence name 'NZ_CP085310.1 | locus_tag=K1375_RS04820 | product=16S ribosomal RNA | organism=Staphylococcus aureus' -> NZ_CP085310.1_|_locus_tag=K1375_RS04820
NOTE: Change sequence name 'NZ_CP085310.1 | locus_tag=K1375_RS05075 | product=16S ribosomal RNA | organism=Staphylococcus aureus' -> NZ_CP085310.1_|_locus_tag=K1375_RS05075
NOTE: Change sequence name 'NZ_CP085310.1 | locus_tag=K1375_RS10700 | product=16S ribosomal RNA | organism=Staphylococcus aureus' -> NZ_CP085310.1_|_locus_tag=K1375_RS10700
NOTE: Change sequence name 'NZ_CP085310.1 | locus_tag=K1375_RS11345 | product=16S ribosomal RNA | organism=Staphylococcus aureus' -> NZ_CP085310.1_|_locus_tag=K1375_RS11345
NOTE: Change sequence name 'NZ_CP085310.1 | locus_tag=K1375_RS12040 | product=16S ribosomal RNA | organism=Staphylococcus aureus' -> NZ_CP085310.1_|_locus_tag=K1375_RS12040
NOTE: Change sequence name 'NZ_CP085313.1 | locus_tag=K1374_RS00820 | product=16S ribosomal RNA | organism=Staphylococcus aureus' -> NZ_CP085313.1_|_locus_tag=K1374_RS00820
NOTE: Change sequence name 'NZ_CP085313.1 | locus_tag=K1374_RS01075 | product=16S ribosomal RNA | organism=Staphylococcus aureus' -> NZ_CP085313.1_|_locus_tag=K1374_RS01075
NOTE: Change sequence name 'NZ_CP085313.1 | locus_tag=K1374_RS01095 | product=16S ribosomal RNA | organism=Staphylococcus aureus' -> NZ_CP085313.1_|_locus_tag=K1374_RS01095
NOTE: Change sequence name 'NZ_CP085313.1 | locus_tag=K1374_RS07755 | product=16S ribosomal RNA | organism=Staphylococcus aureus' -> NZ_CP085313.1_|_locus_tag=K1374_RS07755
NOTE: Change sequence name 'NZ_CP085313.1 | locus_tag=K1374_RS08445 | product=16S ribosomal RNA | organism=Staphylococcus aureus' -> NZ_CP085313.1_|_locus_tag=K1374_RS08445
NOTE: Change sequence name 'NZ_CP085313.1 | locus_tag=K1374_RS09085 | product=16S ribosomal RNA | organism=Staphylococcus aureus' -> NZ_CP085313.1_|_locus_tag=K1374_RS09085
NOTE: Change sequence name 'NZ_CP199996.1 | locus_tag=ACUBUE_RS02360 | product=16S ribosomal RNA | organism=Staphylococcus aureus' -> NZ_CP199996.1_|_locus_tag=ACUBUE_RS02360
NOTE: Change sequence name 'NZ_CP199996.1 | locus_tag=ACUBUE_RS10725 | product=16S ribosomal RNA | organism=Staphylococcus aureus' -> NZ_CP199996.1_|_locus_tag=ACUBUE_RS10725
NOTE: Change sequence name 'NZ_CP166865.1 | locus_tag=ACA498_RS02145 | product=16S ribosomal RNA | organism=Staphylococcus aureus' -> NZ_CP166865.1_|_locus_tag=ACA498_RS02145
NOTE: Change sequence name 'NZ_CP166865.1 | locus_tag=ACA498_RS10920 | product=16S ribosomal RNA | organism=Staphylococcus aureus' -> NZ_CP166865.1_|_locus_tag=ACA498_RS10920
NOTE: Change sequence name 'NZ_CP166864.1 | locus_tag=ACA495_RS02145 | product=16S ribosomal RNA | organism=Staphylococcus aureus' -> NZ_CP166864.1_|_locus_tag=ACA495_RS02145
NOTE: Change sequence name 'NZ_CP166864.1 | locus_tag=ACA495_RS02410 | product=16S ribosomal RNA | organism=Staphylococcus aureus' -> NZ_CP166864.1_|_locus_tag=ACA495_RS02410
NOTE: Change sequence name 'NZ_CP166864.1 | locus_tag=ACA495_RS11660 | product=16S ribosomal RNA | organism=Staphylococcus aureus' -> NZ_CP166864.1_|_locus_tag=ACA495_RS11660
NOTE: Change sequence name 'NZ_CP166863.1 | locus_tag=ACA494_RS02175 | product=16S ribosomal RNA | organism=Staphylococcus aureus' -> NZ_CP166863.1_|_locus_tag=ACA494_RS02175
NOTE: Change sequence name 'NZ_CP166863.1 | locus_tag=ACA494_RS02430 | product=16S ribosomal RNA | organism=Staphylococcus aureus' -> NZ_CP166863.1_|_locus_tag=ACA494_RS02430
NOTE: Change sequence name 'NZ_CP166863.1 | locus_tag=ACA494_RS11610 | product=16S ribosomal RNA | organism=Staphylococcus aureus' -> NZ_CP166863.1_|_locus_tag=ACA494_RS11610
NOTE: Change sequence name 'NZ_CP166862.1 | locus_tag=ACA493_RS02150 | product=16S ribosomal RNA | organism=Staphylococcus aureus' -> NZ_CP166862.1_|_locus_tag=ACA493_RS02150
NOTE: Change sequence name 'NZ_CP166862.1 | locus_tag=ACA493_RS02405 | product=16S ribosomal RNA | organism=Staphylococcus aureus' -> NZ_CP166862.1_|_locus_tag=ACA493_RS02405
NOTE: Change sequence name 'NZ_CP166862.1 | locus_tag=ACA493_RS02425 | product=16S ribosomal RNA | organism=Staphylococcus aureus' -> NZ_CP166862.1_|_locus_tag=ACA493_RS02425
NOTE: Change sequence name 'NZ_CP166862.1 | locus_tag=ACA493_RS10580 | product=16S ribosomal RNA | organism=Staphylococcus aureus' -> NZ_CP166862.1_|_locus_tag=ACA493_RS10580
NOTE: Change sequence name 'NZ_CP166861.1 | locus_tag=ACA499_RS02150 | product=16S ribosomal RNA | organism=Staphylococcus aureus' -> NZ_CP166861.1_|_locus_tag=ACA499_RS02150
NOTE: Change sequence name 'NZ_CP166861.1 | locus_tag=ACA499_RS11030 | product=16S ribosomal RNA | organism=Staphylococcus aureus' -> NZ_CP166861.1_|_locus_tag=ACA499_RS11030
NOTE: Change sequence name 'NZ_CP166860.1 | locus_tag=ACA497_RS02285 | product=16S ribosomal RNA | organism=Staphylococcus aureus' -> NZ_CP166860.1_|_locus_tag=ACA497_RS02285
NOTE: Change sequence name 'NZ_CP166859.1 | locus_tag=ACA486_RS02235 | product=16S ribosomal RNA | organism=Staphylococcus aureus' -> NZ_CP166859.1_|_locus_tag=ACA486_RS02235
NOTE: Change sequence name 'NZ_CP166859.1 | locus_tag=ACA486_RS02490 | product=16S ribosomal RNA | organism=Staphylococcus aureus' -> NZ_CP166859.1_|_locus_tag=ACA486_RS02490
NOTE: Change sequence name 'NZ_CP166859.1 | locus_tag=ACA486_RS12075 | product=16S ribosomal RNA | organism=Staphylococcus aureus' -> NZ_CP166859.1_|_locus_tag=ACA486_RS12075
NOTE: Change sequence name 'NZ_CP166858.1 | locus_tag=ACA496_RS02705 | product=16S ribosomal RNA | organism=Staphylococcus aureus' -> NZ_CP166858.1_|_locus_tag=ACA496_RS02705
NOTE: Change sequence name 'NZ_CP166858.1 | locus_tag=ACA496_RS02725 | product=16S ribosomal RNA | organism=Staphylococcus aureus' -> NZ_CP166858.1_|_locus_tag=ACA496_RS02725
NOTE: Change sequence name 'NZ_CP166857.1 | locus_tag=ACA491_RS14035 | product=16S ribosomal RNA | organism=Staphylococcus aureus' -> NZ_CP166857.1_|_locus_tag=ACA491_RS14035
NOTE: Change sequence name 'NZ_CP166856.1 | locus_tag=ACA490_RS02665 | product=16S ribosomal RNA | organism=Staphylococcus aureus' -> NZ_CP166856.1_|_locus_tag=ACA490_RS02665
NOTE: Change sequence name 'NZ_CP166856.1 | locus_tag=ACA490_RS02685 | product=16S ribosomal RNA | organism=Staphylococcus aureus' -> NZ_CP166856.1_|_locus_tag=ACA490_RS02685
NOTE: Change sequence name 'NZ_CP166855.1 | locus_tag=ACA488_RS02540 | product=16S ribosomal RNA | organism=Staphylococcus aureus' -> NZ_CP166855.1_|_locus_tag=ACA488_RS02540
NOTE: Change sequence name 'NZ_CP166855.1 | locus_tag=ACA488_RS02560 | product=16S ribosomal RNA | organism=Staphylococcus aureus' -> NZ_CP166855.1_|_locus_tag=ACA488_RS02560
NOTE: Change sequence name 'NZ_CP166854.1 | locus_tag=ACA487_RS02540 | product=16S ribosomal RNA | organism=Staphylococcus aureus' -> NZ_CP166854.1_|_locus_tag=ACA487_RS02540
NOTE: Change sequence name 'NZ_CP166854.1 | locus_tag=ACA487_RS02560 | product=16S ribosomal RNA | organism=Staphylococcus aureus' -> NZ_CP166854.1_|_locus_tag=ACA487_RS02560
NOTE: Change sequence name 'NZ_CP166853.1 | locus_tag=ACA492_RS02540 | product=16S ribosomal RNA | organism=Staphylococcus aureus' -> NZ_CP166853.1_|_locus_tag=ACA492_RS02540
NOTE: Change sequence name 'NZ_CP166852.1 | locus_tag=ACA489_RS02660 | product=16S ribosomal RNA | organism=Staphylococcus aureus' -> NZ_CP166852.1_|_locus_tag=ACA489_RS02660
NOTE: Change sequence name 'NZ_CP166852.1 | locus_tag=ACA489_RS02680 | product=16S ribosomal RNA | organism=Staphylococcus aureus' -> NZ_CP166852.1_|_locus_tag=ACA489_RS02680
NOTE: Change sequence name 'NZ_CP195881.1 | locus_tag=ACSNDX_RS00955 | product=16S ribosomal RNA | organism=Staphylococcus aureus' -> NZ_CP195881.1_|_locus_tag=ACSNDX_RS00955
NOTE: Change sequence name 'NZ_CP195881.1 | locus_tag=ACSNDX_RS13795 | product=16S ribosomal RNA | organism=Staphylococcus aureus' -> NZ_CP195881.1_|_locus_tag=ACSNDX_RS13795
NOTE: Change sequence name 'NZ_CP142805.1 | locus_tag=VW781_RS11225 | product=16S ribosomal RNA | organism=Staphylococcus aureus' -> NZ_CP142805.1_|_locus_tag=VW781_RS11225
NOTE: Change sequence name 'NZ_CP166516.1 | locus_tag=AB6X47_RS04555 | product=16S ribosomal RNA | organism=Staphylococcus aureus' -> NZ_CP166516.1_|_locus_tag=AB6X47_RS04555
NOTE: Change sequence name 'NZ_CP166515.1 | locus_tag=AB6X90_RS04540 | product=16S ribosomal RNA | organism=Staphylococcus aureus' -> NZ_CP166515.1_|_locus_tag=AB6X90_RS04540
NOTE: Change sequence name 'NZ_CP087451.1 | locus_tag=LPA74_RS11520 | product=16S ribosomal RNA | organism=Staphylococcus aureus' -> NZ_CP087451.1_|_locus_tag=LPA74_RS11520
NOTE: Change sequence name 'NZ_CP087449.1 | locus_tag=LPB34_RS11085 | product=16S ribosomal RNA | organism=Staphylococcus aureus' -> NZ_CP087449.1_|_locus_tag=LPB34_RS11085
NOTE: Change sequence name 'NZ_AP040291.1 | locus_tag=ACZ5SD_RS10955 | product=16S ribosomal RNA | organism=Staphylococcus aureus' -> NZ_AP040291.1_|_locus_tag=ACZ5SD_RS10955
NOTE: Change sequence name 'NZ_CP166554.1 | locus_tag=AB6X89_RS03780 | product=16S ribosomal RNA | organism=Staphylococcus aureus' -> NZ_CP166554.1_|_locus_tag=AB6X89_RS03780
NOTE: Change sequence name 'NZ_CP166547.1 | locus_tag=AB6X94_RS04575 | product=16S ribosomal RNA | organism=Staphylococcus aureus' -> NZ_CP166547.1_|_locus_tag=AB6X94_RS04575
NOTE: Change sequence name 'NZ_CP166548.1 | locus_tag=AB6X44_RS04565 | product=16S ribosomal RNA | organism=Staphylococcus aureus' -> NZ_CP166548.1_|_locus_tag=AB6X44_RS04565
NOTE: Change sequence name 'NZ_CP166538.1 | locus_tag=AB6X71_RS10525 | product=16S ribosomal RNA | organism=Staphylococcus aureus' -> NZ_CP166538.1_|_locus_tag=AB6X71_RS10525
NOTE: Change sequence name 'NZ_CP166536.1 | locus_tag=AB6X61_RS10525 | product=16S ribosomal RNA | organism=Staphylococcus aureus' -> NZ_CP166536.1_|_locus_tag=AB6X61_RS10525
NOTE: Change sequence name 'NZ_CP166509.1 | locus_tag=AB6X63_RS04555 | product=16S ribosomal RNA | organism=Staphylococcus aureus' -> NZ_CP166509.1_|_locus_tag=AB6X63_RS04555
NOTE: Change sequence name 'NZ_CP166507.1 | locus_tag=AB6X50_RS04550 | product=16S ribosomal RNA | organism=Staphylococcus aureus' -> NZ_CP166507.1_|_locus_tag=AB6X50_RS04550
NOTE: Change sequence name 'NZ_CP166506.1 | locus_tag=AB6X78_RS04575 | product=16S ribosomal RNA | organism=Staphylococcus aureus' -> NZ_CP166506.1_|_locus_tag=AB6X78_RS04575
NOTE: Change sequence name 'NZ_AP040286.1 | locus_tag=ACZ354_RS10140 | product=16S ribosomal RNA | organism=Staphylococcus aureus' -> NZ_AP040286.1_|_locus_tag=ACZ354_RS10140
NOTE: Change sequence name 'NZ_CP142804.1 | locus_tag=VW782_RS03435 | product=16S ribosomal RNA | organism=Staphylococcus aureus' -> NZ_CP142804.1_|_locus_tag=VW782_RS03435
NOTE: Change sequence name 'NZ_CP190357.1 | locus_tag=N3P47_RS02660 | product=16S ribosomal RNA | organism=Staphylococcus aureus' -> NZ_CP190357.1_|_locus_tag=N3P47_RS02660
NOTE: Change sequence name 'NZ_CP190357.1 | locus_tag=N3P47_RS09990 | product=16S ribosomal RNA | organism=Staphylococcus aureus' -> NZ_CP190357.1_|_locus_tag=N3P47_RS09990
NOTE: Change sequence name 'NZ_CP190357.1 | locus_tag=N3P47_RS11105 | product=16S ribosomal RNA | organism=Staphylococcus aureus' -> NZ_CP190357.1_|_locus_tag=N3P47_RS11105
NOTE: Change sequence name 'NZ_CP199996.1 | locus_tag=ACUBUE_RS10160 | product=16S ribosomal RNA | organism=Staphylococcus aureus' -> NZ_CP199996.1_|_locus_tag=ACUBUE_RS10160
NOTE: Change sequence name 'NZ_CP096462.1 | locus_tag=M1D64_RS04730 | product=16S ribosomal RNA | organism=Staphylococcus sp. Z5-21' -> NZ_CP096462.1_|_locus_tag=M1D64_RS04730
NOTE: Change sequence name 'NZ_CP096462.1 | locus_tag=M1D64_RS04150 | product=16S ribosomal RNA | organism=Staphylococcus sp. Z5-21' -> NZ_CP096462.1_|_locus_tag=M1D64_RS04150
NOTE: Change sequence name 'NZ_CP096462.1 | locus_tag=M1D64_RS12025 | product=16S ribosomal RNA | organism=Staphylococcus sp. Z5-21' -> NZ_CP096462.1_|_locus_tag=M1D64_RS12025
NOTE: Change sequence name 'NZ_AP040285.1 | locus_tag=ACZ5U7_RS10490 | product=16S ribosomal RNA | organism=Staphylococcus aureus' -> NZ_AP040285.1_|_locus_tag=ACZ5U7_RS10490
NOTE: Change sequence name 'NZ_AP040288.1 | locus_tag=ACZ5SY_RS10915 | product=16S ribosomal RNA | organism=Staphylococcus aureus' -> NZ_AP040288.1_|_locus_tag=ACZ5SY_RS10915
NOTE: Change sequence name 'NZ_AP040293.1 | locus_tag=ACZ5R0_RS10940 | product=16S ribosomal RNA | organism=Staphylococcus aureus' -> NZ_AP040293.1_|_locus_tag=ACZ5R0_RS10940
NOTE: Change sequence name 'NZ_AP040295.1 | locus_tag=ACZ5QS_RS10615 | product=16S ribosomal RNA | organism=Staphylococcus aureus' -> NZ_AP040295.1_|_locus_tag=ACZ5QS_RS10615
NOTE: Change sequence name 'NZ_AP040296.1 | locus_tag=ACZ5PY_RS10930 | product=16S ribosomal RNA | organism=Staphylococcus aureus' -> NZ_AP040296.1_|_locus_tag=ACZ5PY_RS10930
NOTE: Change sequence name 'NZ_AP040298.1 | locus_tag=ACZ5PR_RS10265 | product=16S ribosomal RNA | organism=Staphylococcus aureus' -> NZ_AP040298.1_|_locus_tag=ACZ5PR_RS10265
NOTE: Change sequence name 'NZ_AP040301.1 | locus_tag=ACZ5OL_RS10925 | product=16S ribosomal RNA | organism=Staphylococcus aureus' -> NZ_AP040301.1_|_locus_tag=ACZ5OL_RS10925
NOTE: Change sequence name 'NZ_AP044063.1 | locus_tag=ACZ41Y_RS09400 | product=16S ribosomal RNA | organism=Staphylococcus aureus' -> NZ_AP044063.1_|_locus_tag=ACZ41Y_RS09400
NOTE: Change sequence name 'NZ_CP096462.1 | locus_tag=M1D64_RS11765 | product=16S ribosomal RNA | organism=Staphylococcus sp. Z5-21' -> NZ_CP096462.1_|_locus_tag=M1D64_RS11765
NOTE: Change sequence name 'NZ_CP096462.1 | locus_tag=M1D64_RS11780 | product=16S ribosomal RNA | organism=Staphylococcus sp. Z5-21' -> NZ_CP096462.1_|_locus_tag=M1D64_RS11780
NOTE: Change sequence name 'NZ_CP182574.1 | locus_tag=ACNFVN_RS09570 | product=16S ribosomal RNA | organism=Staphylococcus aureus' -> NZ_CP182574.1_|_locus_tag=ACNFVN_RS09570
NOTE: Change sequence name 'NZ_CP191061.1 | locus_tag=ACP8KY_RS02450 | product=16S ribosomal RNA | organism=Staphylococcus aureus' -> NZ_CP191061.1_|_locus_tag=ACP8KY_RS02450
NOTE: Change sequence name 'NZ_CP191059.1 | locus_tag=ACP8MQ_RS02450 | product=16S ribosomal RNA | organism=Staphylococcus aureus' -> NZ_CP191059.1_|_locus_tag=ACP8MQ_RS02450
NOTE: Change sequence name 'NZ_CP199774.1 | locus_tag=ACUHZX_RS09515 | product=16S ribosomal RNA | organism=Staphylococcus aureus' -> NZ_CP199774.1_|_locus_tag=ACUHZX_RS09515
NOTE: Change sequence name 'NZ_CP166546.1 | locus_tag=AB6X58_RS09310 | product=16S ribosomal RNA | organism=Staphylococcus aureus' -> NZ_CP166546.1_|_locus_tag=AB6X58_RS09310
NOTE: Change sequence name 'NZ_CP166865.1 | locus_tag=ACA498_RS09730 | product=16S ribosomal RNA | organism=Staphylococcus aureus' -> NZ_CP166865.1_|_locus_tag=ACA498_RS09730
NOTE: Change sequence name 'NZ_CP166864.1 | locus_tag=ACA495_RS09400 | product=16S ribosomal RNA | organism=Staphylococcus aureus' -> NZ_CP166864.1_|_locus_tag=ACA495_RS09400
NOTE: Change sequence name 'NZ_CP166861.1 | locus_tag=ACA499_RS09050 | product=16S ribosomal RNA | organism=Staphylococcus aureus' -> NZ_CP166861.1_|_locus_tag=ACA499_RS09050
NOTE: Change sequence name 'NZ_CP166546.1 | locus_tag=AB6X58_RS10650 | product=16S ribosomal RNA | organism=Staphylococcus aureus' -> NZ_CP166546.1_|_locus_tag=AB6X58_RS10650
NOTE: Change sequence name 'NZ_CP142805.1 | locus_tag=VW781_RS02450 | product=16S ribosomal RNA | organism=Staphylococcus aureus' -> NZ_CP142805.1_|_locus_tag=VW781_RS02450
NOTE: Change sequence name 'NZ_CP166865.1 | locus_tag=ACA498_RS10375 | product=16S ribosomal RNA | organism=Staphylococcus aureus' -> NZ_CP166865.1_|_locus_tag=ACA498_RS10375
NOTE: Change sequence name 'NZ_CP166861.1 | locus_tag=ACA499_RS10485 | product=16S ribosomal RNA | organism=Staphylococcus aureus' -> NZ_CP166861.1_|_locus_tag=ACA499_RS10485
NOTE: Change sequence name 'NZ_CP166860.1 | locus_tag=ACA497_RS10965 | product=16S ribosomal RNA | organism=Staphylococcus aureus' -> NZ_CP166860.1_|_locus_tag=ACA497_RS10965
NOTE: Change sequence name 'NZ_CP166860.1 | locus_tag=ACA497_RS11510 | product=16S ribosomal RNA | organism=Staphylococcus aureus' -> NZ_CP166860.1_|_locus_tag=ACA497_RS11510
NOTE: Change sequence name 'NZ_CP166858.1 | locus_tag=ACA496_RS10965 | product=16S ribosomal RNA | organism=Staphylococcus aureus' -> NZ_CP166858.1_|_locus_tag=ACA496_RS10965
NOTE: Change sequence name 'NZ_CP166857.1 | locus_tag=ACA491_RS05400 | product=16S ribosomal RNA | organism=Staphylococcus aureus' -> NZ_CP166857.1_|_locus_tag=ACA491_RS05400
NOTE: Change sequence name 'NZ_CP166856.1 | locus_tag=ACA490_RS10635 | product=16S ribosomal RNA | organism=Staphylococcus aureus' -> NZ_CP166856.1_|_locus_tag=ACA490_RS10635
NOTE: Change sequence name 'NZ_CP166855.1 | locus_tag=ACA488_RS11610 | product=16S ribosomal RNA | organism=Staphylococcus aureus' -> NZ_CP166855.1_|_locus_tag=ACA488_RS11610
NOTE: Change sequence name 'NZ_CP166854.1 | locus_tag=ACA487_RS10850 | product=16S ribosomal RNA | organism=Staphylococcus aureus' -> NZ_CP166854.1_|_locus_tag=ACA487_RS10850
NOTE: Change sequence name 'NZ_CP166853.1 | locus_tag=ACA492_RS10460 | product=16S ribosomal RNA | organism=Staphylococcus aureus' -> NZ_CP166853.1_|_locus_tag=ACA492_RS10460
NOTE: Change sequence name 'NZ_CP166852.1 | locus_tag=ACA489_RS10740 | product=16S ribosomal RNA | organism=Staphylococcus aureus' -> NZ_CP166852.1_|_locus_tag=ACA489_RS10740
NOTE: Change sequence name 'NZ_CP166863.1 | locus_tag=ACA494_RS09580 | product=16S ribosomal RNA | organism=Staphylococcus aureus' -> NZ_CP166863.1_|_locus_tag=ACA494_RS09580
NOTE: Change sequence name 'NZ_CP182574.1 | locus_tag=ACNFVN_RS02440 | product=16S ribosomal RNA | organism=Staphylococcus aureus' -> NZ_CP182574.1_|_locus_tag=ACNFVN_RS02440
NOTE: Change sequence name 'NZ_CP166862.1 | locus_tag=ACA493_RS10035 | product=16S ribosomal RNA | organism=Staphylococcus aureus' -> NZ_CP166862.1_|_locus_tag=ACA493_RS10035
NOTE: Change sequence name 'NZ_AP044060.1 | locus_tag=ACZ5OM_RS11180 | product=16S ribosomal RNA | organism=Staphylococcus aureus' -> NZ_AP044060.1_|_locus_tag=ACZ5OM_RS11180
NOTE: Change sequence name 'NZ_AP044063.1 | locus_tag=ACZ41Y_RS02090 | product=16S ribosomal RNA | organism=Staphylococcus aureus' -> NZ_AP044063.1_|_locus_tag=ACZ41Y_RS02090
NOTE: Change sequence name 'NZ_AP044060.1 | locus_tag=ACZ5OM_RS02045 | product=16S ribosomal RNA | organism=Staphylococcus aureus' -> NZ_AP044060.1_|_locus_tag=ACZ5OM_RS02045
NOTE: Change sequence name 'NZ_AP044060.1 | locus_tag=ACZ5OM_RS02305 | product=16S ribosomal RNA | organism=Staphylococcus aureus' -> NZ_AP044060.1_|_locus_tag=ACZ5OM_RS02305
NOTE: Change sequence name 'NZ_AP044062.1 | locus_tag=ACZ5K1_RS02295 | product=16S ribosomal RNA | organism=Staphylococcus aureus' -> NZ_AP044062.1_|_locus_tag=ACZ5K1_RS02295
NOTE: Change sequence name 'NZ_AP044063.1 | locus_tag=ACZ41Y_RS02345 | product=16S ribosomal RNA | organism=Staphylococcus aureus' -> NZ_AP044063.1_|_locus_tag=ACZ41Y_RS02345
NOTE: Change sequence name 'NZ_AP040285.1 | locus_tag=ACZ5U7_RS02165 | product=16S ribosomal RNA | organism=Staphylococcus aureus' -> NZ_AP040285.1_|_locus_tag=ACZ5U7_RS02165
NOTE: Change sequence name 'NZ_AP040288.1 | locus_tag=ACZ5SY_RS02280 | product=16S ribosomal RNA | organism=Staphylococcus aureus' -> NZ_AP040288.1_|_locus_tag=ACZ5SY_RS02280
NOTE: Change sequence name 'NZ_AP040291.1 | locus_tag=ACZ5SD_RS02280 | product=16S ribosomal RNA | organism=Staphylococcus aureus' -> NZ_AP040291.1_|_locus_tag=ACZ5SD_RS02280
NOTE: Change sequence name 'NZ_AP040293.1 | locus_tag=ACZ5R0_RS02270 | product=16S ribosomal RNA | organism=Staphylococcus aureus' -> NZ_AP040293.1_|_locus_tag=ACZ5R0_RS02270
NOTE: Change sequence name 'NZ_AP040295.1 | locus_tag=ACZ5QS_RS02290 | product=16S ribosomal RNA | organism=Staphylococcus aureus' -> NZ_AP040295.1_|_locus_tag=ACZ5QS_RS02290
NOTE: Change sequence name 'NZ_AP040296.1 | locus_tag=ACZ5PY_RS02270 | product=16S ribosomal RNA | organism=Staphylococcus aureus' -> NZ_AP040296.1_|_locus_tag=ACZ5PY_RS02270
NOTE: Change sequence name 'NZ_AP040298.1 | locus_tag=ACZ5PR_RS01970 | product=16S ribosomal RNA | organism=Staphylococcus aureus' -> NZ_AP040298.1_|_locus_tag=ACZ5PR_RS01970
NOTE: Change sequence name 'NZ_AP040301.1 | locus_tag=ACZ5OL_RS02280 | product=16S ribosomal RNA | organism=Staphylococcus aureus' -> NZ_AP040301.1_|_locus_tag=ACZ5OL_RS02280
NOTE: Change sequence name 'NZ_AP044063.1 | locus_tag=ACZ41Y_RS10480 | product=16S ribosomal RNA | organism=Staphylococcus aureus' -> NZ_AP044063.1_|_locus_tag=ACZ41Y_RS10480
NOTE: Change sequence name 'NZ_CP166859.1 | locus_tag=ACA486_RS04630 | product=16S ribosomal RNA | organism=Staphylococcus aureus' -> NZ_CP166859.1_|_locus_tag=ACA486_RS04630
NOTE: Change sequence name 'NZ_CP087441.1 | locus_tag=LPA95_RS09160 | product=16S ribosomal RNA | organism=Staphylococcus aureus' -> NZ_CP087441.1_|_locus_tag=LPA95_RS09160
NOTE: Change sequence name 'NZ_CP166859.1 | locus_tag=ACA486_RS11530 | product=16S ribosomal RNA | organism=Staphylococcus aureus' -> NZ_CP166859.1_|_locus_tag=ACA486_RS11530
NOTE: Change sequence name 'NZ_CP166564.1 | locus_tag=AB6X84_RS09710 | product=16S ribosomal RNA | organism=Staphylococcus aureus' -> NZ_CP166564.1_|_locus_tag=AB6X84_RS09710
NOTE: Change sequence name 'NZ_CP166864.1 | locus_tag=ACA495_RS11115 | product=16S ribosomal RNA | organism=Staphylococcus aureus' -> NZ_CP166864.1_|_locus_tag=ACA495_RS11115
NOTE: Change sequence name 'NZ_AP040133.1 | locus_tag=ACZ435_RS11080 | product=16S ribosomal RNA | organism=Staphylococcus aureus' -> NZ_AP040133.1_|_locus_tag=ACZ435_RS11080
NOTE: Change sequence name 'NZ_CP166567.1 | locus_tag=AB6X76_RS10220 | product=16S ribosomal RNA | organism=Staphylococcus aureus' -> NZ_CP166567.1_|_locus_tag=AB6X76_RS10220
NOTE: Change sequence name 'NZ_CP166565.1 | locus_tag=AB6X77_RS10085 | product=16S ribosomal RNA | organism=Staphylococcus aureus' -> NZ_CP166565.1_|_locus_tag=AB6X77_RS10085
NOTE: Change sequence name 'NZ_CP191061.1 | locus_tag=ACP8KY_RS10180 | product=16S ribosomal RNA | organism=Staphylococcus aureus' -> NZ_CP191061.1_|_locus_tag=ACP8KY_RS10180
NOTE: Change sequence name 'NZ_CP191048.1 | locus_tag=ACP8IJ_RS02065 | product=16S ribosomal RNA | organism=Staphylococcus aureus' -> NZ_CP191048.1_|_locus_tag=ACP8IJ_RS02065
NOTE: Change sequence name 'NZ_CP191048.1 | locus_tag=ACP8IJ_RS02320 | product=16S ribosomal RNA | organism=Staphylococcus aureus' -> NZ_CP191048.1_|_locus_tag=ACP8IJ_RS02320
NOTE: Change sequence name 'NZ_CP191048.1 | locus_tag=ACP8IJ_RS09545 | product=16S ribosomal RNA | organism=Staphylococcus aureus' -> NZ_CP191048.1_|_locus_tag=ACP8IJ_RS09545
NOTE: Change sequence name 'NZ_CP191048.1 | locus_tag=ACP8IJ_RS10240 | product=16S ribosomal RNA | organism=Staphylococcus aureus' -> NZ_CP191048.1_|_locus_tag=ACP8IJ_RS10240
NOTE: Change sequence name 'NZ_CP191048.1 | locus_tag=ACP8IJ_RS10795 | product=16S ribosomal RNA | organism=Staphylococcus aureus' -> NZ_CP191048.1_|_locus_tag=ACP8IJ_RS10795
NOTE: Change sequence name 'NZ_CP191047.1 | locus_tag=ACP8LQ_RS02065 | product=16S ribosomal RNA | organism=Staphylococcus aureus' -> NZ_CP191047.1_|_locus_tag=ACP8LQ_RS02065
NOTE: Change sequence name 'NZ_CP191047.1 | locus_tag=ACP8LQ_RS02320 | product=16S ribosomal RNA | organism=Staphylococcus aureus' -> NZ_CP191047.1_|_locus_tag=ACP8LQ_RS02320
NOTE: Change sequence name 'NZ_CP191047.1 | locus_tag=ACP8LQ_RS09865 | product=16S ribosomal RNA | organism=Staphylococcus aureus' -> NZ_CP191047.1_|_locus_tag=ACP8LQ_RS09865
NOTE: Change sequence name 'NZ_CP191047.1 | locus_tag=ACP8LQ_RS10560 | product=16S ribosomal RNA | organism=Staphylococcus aureus' -> NZ_CP191047.1_|_locus_tag=ACP8LQ_RS10560
NOTE: Change sequence name 'NZ_CP191047.1 | locus_tag=ACP8LQ_RS11115 | product=16S ribosomal RNA | organism=Staphylococcus aureus' -> NZ_CP191047.1_|_locus_tag=ACP8LQ_RS11115
NOTE: Change sequence name 'NZ_CP166574.1 | locus_tag=AB6X59_RS10125 | product=16S ribosomal RNA | organism=Staphylococcus aureus' -> NZ_CP166574.1_|_locus_tag=AB6X59_RS10125
NOTE: Change sequence name 'NZ_CP166571.1 | locus_tag=AB6X92_RS02145 | product=16S ribosomal RNA | organism=Staphylococcus aureus' -> NZ_CP166571.1_|_locus_tag=AB6X92_RS02145
NOTE: Change sequence name 'NZ_CP166571.1 | locus_tag=AB6X92_RS10570 | product=16S ribosomal RNA | organism=Staphylococcus aureus' -> NZ_CP166571.1_|_locus_tag=AB6X92_RS10570
NOTE: Change sequence name 'NZ_CP166573.1 | locus_tag=AB6X54_RS10125 | product=16S ribosomal RNA | organism=Staphylococcus aureus' -> NZ_CP166573.1_|_locus_tag=AB6X54_RS10125
NOTE: Change sequence name 'NZ_CP166569.1 | locus_tag=AB6X75_RS02140 | product=16S ribosomal RNA | organism=Staphylococcus aureus' -> NZ_CP166569.1_|_locus_tag=AB6X75_RS02140
NOTE: Change sequence name 'NZ_CP166569.1 | locus_tag=AB6X75_RS10565 | product=16S ribosomal RNA | organism=Staphylococcus aureus' -> NZ_CP166569.1_|_locus_tag=AB6X75_RS10565
NOTE: Change sequence name 'NZ_CP166567.1 | locus_tag=AB6X76_RS02345 | product=16S ribosomal RNA | organism=Staphylococcus aureus' -> NZ_CP166567.1_|_locus_tag=AB6X76_RS02345
NOTE: Change sequence name 'NZ_CP166567.1 | locus_tag=AB6X76_RS10790 | product=16S ribosomal RNA | organism=Staphylococcus aureus' -> NZ_CP166567.1_|_locus_tag=AB6X76_RS10790
NOTE: Change sequence name 'NZ_CP166565.1 | locus_tag=AB6X77_RS02335 | product=16S ribosomal RNA | organism=Staphylococcus aureus' -> NZ_CP166565.1_|_locus_tag=AB6X77_RS02335
NOTE: Change sequence name 'NZ_CP166565.1 | locus_tag=AB6X77_RS10650 | product=16S ribosomal RNA | organism=Staphylococcus aureus' -> NZ_CP166565.1_|_locus_tag=AB6X77_RS10650
NOTE: Change sequence name 'NZ_CP166562.1 | locus_tag=AB6X56_RS10135 | product=16S ribosomal RNA | organism=Staphylococcus aureus' -> NZ_CP166562.1_|_locus_tag=AB6X56_RS10135
NOTE: Change sequence name 'NZ_CP166561.1 | locus_tag=AB6X45_RS10135 | product=16S ribosomal RNA | organism=Staphylococcus aureus' -> NZ_CP166561.1_|_locus_tag=AB6X45_RS10135
NOTE: Change sequence name 'NZ_CP166542.1 | locus_tag=AB6X49_RS02345 | product=16S ribosomal RNA | organism=Staphylococcus aureus' -> NZ_CP166542.1_|_locus_tag=AB6X49_RS02345
NOTE: Change sequence name 'NZ_CP166542.1 | locus_tag=AB6X49_RS10170 | product=16S ribosomal RNA | organism=Staphylococcus aureus' -> NZ_CP166542.1_|_locus_tag=AB6X49_RS10170
NOTE: Change sequence name 'NZ_CP166540.1 | locus_tag=AB6X82_RS02340 | product=16S ribosomal RNA | organism=Staphylococcus aureus' -> NZ_CP166540.1_|_locus_tag=AB6X82_RS02340
NOTE: Change sequence name 'NZ_CP166540.1 | locus_tag=AB6X82_RS10165 | product=16S ribosomal RNA | organism=Staphylococcus aureus' -> NZ_CP166540.1_|_locus_tag=AB6X82_RS10165
NOTE: Change sequence name 'NZ_CP166540.1 | locus_tag=AB6X82_RS10730 | product=16S ribosomal RNA | organism=Staphylococcus aureus' -> NZ_CP166540.1_|_locus_tag=AB6X82_RS10730
NOTE: Change sequence name 'NZ_CP166530.1 | locus_tag=AB6X80_RS02410 | product=16S ribosomal RNA | organism=Staphylococcus aureus' -> NZ_CP166530.1_|_locus_tag=AB6X80_RS02410
NOTE: Change sequence name 'NZ_CP166530.1 | locus_tag=AB6X80_RS02430 | product=16S ribosomal RNA | organism=Staphylococcus aureus' -> NZ_CP166530.1_|_locus_tag=AB6X80_RS02430
NOTE: Change sequence name 'NZ_CP166531.1 | locus_tag=AB6X79_RS02180 | product=16S ribosomal RNA | organism=Staphylococcus aureus' -> NZ_CP166531.1_|_locus_tag=AB6X79_RS02180
NOTE: Change sequence name 'NZ_CP166531.1 | locus_tag=AB6X79_RS02435 | product=16S ribosomal RNA | organism=Staphylococcus aureus' -> NZ_CP166531.1_|_locus_tag=AB6X79_RS02435
NOTE: Change sequence name 'NZ_CP166531.1 | locus_tag=AB6X79_RS02455 | product=16S ribosomal RNA | organism=Staphylococcus aureus' -> NZ_CP166531.1_|_locus_tag=AB6X79_RS02455
NOTE: Change sequence name 'NZ_CP166531.1 | locus_tag=AB6X79_RS10900 | product=16S ribosomal RNA | organism=Staphylococcus aureus' -> NZ_CP166531.1_|_locus_tag=AB6X79_RS10900
NOTE: Change sequence name 'NZ_CP166529.1 | locus_tag=AB6X70_RS02180 | product=16S ribosomal RNA | organism=Staphylococcus aureus' -> NZ_CP166529.1_|_locus_tag=AB6X70_RS02180
NOTE: Change sequence name 'NZ_CP166529.1 | locus_tag=AB6X70_RS02435 | product=16S ribosomal RNA | organism=Staphylococcus aureus' -> NZ_CP166529.1_|_locus_tag=AB6X70_RS02435
NOTE: Change sequence name 'NZ_CP166529.1 | locus_tag=AB6X70_RS02455 | product=16S ribosomal RNA | organism=Staphylococcus aureus' -> NZ_CP166529.1_|_locus_tag=AB6X70_RS02455
NOTE: Change sequence name 'NZ_CP166529.1 | locus_tag=AB6X70_RS10900 | product=16S ribosomal RNA | organism=Staphylococcus aureus' -> NZ_CP166529.1_|_locus_tag=AB6X70_RS10900
NOTE: Change sequence name 'NZ_CP166513.1 | locus_tag=AB6X73_RS02140 | product=16S ribosomal RNA | organism=Staphylococcus aureus' -> NZ_CP166513.1_|_locus_tag=AB6X73_RS02140
NOTE: Change sequence name 'NZ_CP166513.1 | locus_tag=AB6X73_RS10170 | product=16S ribosomal RNA | organism=Staphylococcus aureus' -> NZ_CP166513.1_|_locus_tag=AB6X73_RS10170
NOTE: Change sequence name 'NZ_CP166512.1 | locus_tag=AB6X86_RS02140 | product=16S ribosomal RNA | organism=Staphylococcus aureus' -> NZ_CP166512.1_|_locus_tag=AB6X86_RS02140
NOTE: Change sequence name 'NZ_CP166512.1 | locus_tag=AB6X86_RS10170 | product=16S ribosomal RNA | organism=Staphylococcus aureus' -> NZ_CP166512.1_|_locus_tag=AB6X86_RS10170
NOTE: Change sequence name 'NZ_CP166511.1 | locus_tag=AB6X96_RS02140 | product=16S ribosomal RNA | organism=Staphylococcus aureus' -> NZ_CP166511.1_|_locus_tag=AB6X96_RS02140
NOTE: Change sequence name 'NZ_CP166511.1 | locus_tag=AB6X96_RS10170 | product=16S ribosomal RNA | organism=Staphylococcus aureus' -> NZ_CP166511.1_|_locus_tag=AB6X96_RS10170
NOTE: Change sequence name 'NZ_OY725415.1 | locus_tag=AC1U0L_RS05835 | product=16S ribosomal RNA | organism=Staphylococcus aureus' -> NZ_OY725415.1_|_locus_tag=AC1U0L_RS05835
NOTE: Change sequence name 'NZ_OY725415.1 | locus_tag=AC1U0L_RS06875 | product=16S ribosomal RNA | organism=Staphylococcus aureus' -> NZ_OY725415.1_|_locus_tag=AC1U0L_RS06875
NOTE: Change sequence name 'NZ_AP041589.1 | locus_tag=ACZ50H_RS02535 | product=16S ribosomal RNA | organism=Staphylococcus aureus' -> NZ_AP041589.1_|_locus_tag=ACZ50H_RS02535
NOTE: Change sequence name 'NZ_AP041589.1 | locus_tag=ACZ50H_RS11555 | product=16S ribosomal RNA | organism=Staphylococcus aureus' -> NZ_AP041589.1_|_locus_tag=ACZ50H_RS11555
NOTE: Change sequence name 'NZ_AP040285.1 | locus_tag=ACZ5U7_RS02420 | product=16S ribosomal RNA | organism=Staphylococcus aureus' -> NZ_AP040285.1_|_locus_tag=ACZ5U7_RS02420
NOTE: Change sequence name 'NZ_AP040288.1 | locus_tag=ACZ5SY_RS02535 | product=16S ribosomal RNA | organism=Staphylococcus aureus' -> NZ_AP040288.1_|_locus_tag=ACZ5SY_RS02535
NOTE: Change sequence name 'NZ_AP040291.1 | locus_tag=ACZ5SD_RS02535 | product=16S ribosomal RNA | organism=Staphylococcus aureus' -> NZ_AP040291.1_|_locus_tag=ACZ5SD_RS02535
NOTE: Change sequence name 'NZ_AP040293.1 | locus_tag=ACZ5R0_RS02525 | product=16S ribosomal RNA | organism=Staphylococcus aureus' -> NZ_AP040293.1_|_locus_tag=ACZ5R0_RS02525
NOTE: Change sequence name 'NZ_AP041587.1 | locus_tag=ACZ5QC_RS02450 | product=16S ribosomal RNA | organism=Staphylococcus aureus' -> NZ_AP041587.1_|_locus_tag=ACZ5QC_RS02450
NOTE: Change sequence name 'NZ_AP040295.1 | locus_tag=ACZ5QS_RS02545 | product=16S ribosomal RNA | organism=Staphylococcus aureus' -> NZ_AP040295.1_|_locus_tag=ACZ5QS_RS02545
NOTE: Change sequence name 'NZ_AP040296.1 | locus_tag=ACZ5PY_RS02525 | product=16S ribosomal RNA | organism=Staphylococcus aureus' -> NZ_AP040296.1_|_locus_tag=ACZ5PY_RS02525
NOTE: Change sequence name 'NZ_AP040298.1 | locus_tag=ACZ5PR_RS02225 | product=16S ribosomal RNA | organism=Staphylococcus aureus' -> NZ_AP040298.1_|_locus_tag=ACZ5PR_RS02225
NOTE: Change sequence name 'NZ_AP040301.1 | locus_tag=ACZ5OL_RS02535 | product=16S ribosomal RNA | organism=Staphylococcus aureus' -> NZ_AP040301.1_|_locus_tag=ACZ5OL_RS02535
NOTE: Change sequence name 'NZ_AP043700.1 | locus_tag=ACZ49O_RS09550 | product=16S ribosomal RNA | organism=Staphylococcus aureus' -> NZ_AP043700.1_|_locus_tag=ACZ49O_RS09550
NOTE: Change sequence name 'NZ_AP040133.1 | locus_tag=ACZ435_RS02520 | product=16S ribosomal RNA | organism=Staphylococcus aureus' -> NZ_AP040133.1_|_locus_tag=ACZ435_RS02520
NOTE: Change sequence name 'NZ_AP040133.1 | locus_tag=ACZ435_RS02540 | product=16S ribosomal RNA | organism=Staphylococcus aureus' -> NZ_AP040133.1_|_locus_tag=ACZ435_RS02540
NOTE: Change sequence name 'NZ_CP087446.1 | locus_tag=LPB37_RS02545 | product=16S ribosomal RNA | organism=Staphylococcus aureus' -> NZ_CP087446.1_|_locus_tag=LPB37_RS02545
NOTE: Change sequence name 'NZ_CP087442.1 | locus_tag=LPB05_RS02525 | product=16S ribosomal RNA | organism=Staphylococcus aureus' -> NZ_CP087442.1_|_locus_tag=LPB05_RS02525
NOTE: Change sequence name 'NZ_CP087442.1 | locus_tag=LPB05_RS10225 | product=16S ribosomal RNA | organism=Staphylococcus aureus' -> NZ_CP087442.1_|_locus_tag=LPB05_RS10225
NOTE: Change sequence name 'NZ_CP087435.1 | locus_tag=LPA64_RS02565 | product=16S ribosomal RNA | organism=Staphylococcus aureus' -> NZ_CP087435.1_|_locus_tag=LPA64_RS02565
NOTE: Change sequence name 'NZ_CP087434.1 | locus_tag=LPB29_RS02555 | product=16S ribosomal RNA | organism=Staphylococcus aureus' -> NZ_CP087434.1_|_locus_tag=LPB29_RS02555
NOTE: Change sequence name 'NZ_CP087433.1 | locus_tag=LPB12_RS02555 | product=16S ribosomal RNA | organism=Staphylococcus aureus' -> NZ_CP087433.1_|_locus_tag=LPB12_RS02555
NOTE: Change sequence name 'NZ_CP087430.1 | locus_tag=LPA68_RS02540 | product=16S ribosomal RNA | organism=Staphylococcus aureus' -> NZ_CP087430.1_|_locus_tag=LPA68_RS02540
NOTE: Change sequence name 'NZ_CP087429.1 | locus_tag=LPA92_RS02555 | product=16S ribosomal RNA | organism=Staphylococcus aureus' -> NZ_CP087429.1_|_locus_tag=LPA92_RS02555
NOTE: Change sequence name 'NZ_CP087428.1 | locus_tag=LPB40_RS02555 | product=16S ribosomal RNA | organism=Staphylococcus aureus' -> NZ_CP087428.1_|_locus_tag=LPB40_RS02555
NOTE: Change sequence name 'NZ_CP166519.1 | locus_tag=AB6X67_RS04610 | product=16S ribosomal RNA | organism=Staphylococcus aureus' -> NZ_CP166519.1_|_locus_tag=AB6X67_RS04610
NOTE: Change sequence name 'NZ_CP087446.1 | locus_tag=LPB37_RS09635 | product=16S ribosomal RNA | organism=Staphylococcus aureus' -> NZ_CP087446.1_|_locus_tag=LPB37_RS09635
NOTE: Change sequence name 'NZ_CP087442.1 | locus_tag=LPB05_RS09165 | product=16S ribosomal RNA | organism=Staphylococcus aureus' -> NZ_CP087442.1_|_locus_tag=LPB05_RS09165
NOTE: Change sequence name 'NZ_CP087439.1 | locus_tag=LPB17_RS09170 | product=16S ribosomal RNA | organism=Staphylococcus aureus' -> NZ_CP087439.1_|_locus_tag=LPB17_RS09170
NOTE: Change sequence name 'NZ_CP087437.1 | locus_tag=LPA86_RS09530 | product=16S ribosomal RNA | organism=Staphylococcus aureus' -> NZ_CP087437.1_|_locus_tag=LPA86_RS09530
NOTE: Change sequence name 'NZ_CP087435.1 | locus_tag=LPA64_RS09530 | product=16S ribosomal RNA | organism=Staphylococcus aureus' -> NZ_CP087435.1_|_locus_tag=LPA64_RS09530
NOTE: Change sequence name 'NZ_CP087433.1 | locus_tag=LPB12_RS09205 | product=16S ribosomal RNA | organism=Staphylococcus aureus' -> NZ_CP087433.1_|_locus_tag=LPB12_RS09205
NOTE: Change sequence name 'NZ_CP087429.1 | locus_tag=LPA92_RS09210 | product=16S ribosomal RNA | organism=Staphylococcus aureus' -> NZ_CP087429.1_|_locus_tag=LPA92_RS09210
NOTE: Change sequence name 'NZ_CP166531.1 | locus_tag=AB6X79_RS09895 | product=16S ribosomal RNA | organism=Staphylococcus aureus' -> NZ_CP166531.1_|_locus_tag=AB6X79_RS09895
NOTE: Change sequence name 'NZ_CP166529.1 | locus_tag=AB6X70_RS09895 | product=16S ribosomal RNA | organism=Staphylococcus aureus' -> NZ_CP166529.1_|_locus_tag=AB6X70_RS09895
NOTE: Change sequence name 'NZ_AP040285.1 | locus_tag=ACZ5U7_RS11055 | product=16S ribosomal RNA | organism=Staphylococcus aureus' -> NZ_AP040285.1_|_locus_tag=ACZ5U7_RS11055
NOTE: Change sequence name 'NZ_AP040288.1 | locus_tag=ACZ5SY_RS11475 | product=16S ribosomal RNA | organism=Staphylococcus aureus' -> NZ_AP040288.1_|_locus_tag=ACZ5SY_RS11475
NOTE: Change sequence name 'NZ_AP040291.1 | locus_tag=ACZ5SD_RS11515 | product=16S ribosomal RNA | organism=Staphylococcus aureus' -> NZ_AP040291.1_|_locus_tag=ACZ5SD_RS11515
NOTE: Change sequence name 'NZ_AP040293.1 | locus_tag=ACZ5R0_RS11500 | product=16S ribosomal RNA | organism=Staphylococcus aureus' -> NZ_AP040293.1_|_locus_tag=ACZ5R0_RS11500
NOTE: Change sequence name 'NZ_AP040295.1 | locus_tag=ACZ5QS_RS11175 | product=16S ribosomal RNA | organism=Staphylococcus aureus' -> NZ_AP040295.1_|_locus_tag=ACZ5QS_RS11175
NOTE: Change sequence name 'NZ_AP040296.1 | locus_tag=ACZ5PY_RS11490 | product=16S ribosomal RNA | organism=Staphylococcus aureus' -> NZ_AP040296.1_|_locus_tag=ACZ5PY_RS11490
NOTE: Change sequence name 'NZ_AP040298.1 | locus_tag=ACZ5PR_RS10825 | product=16S ribosomal RNA | organism=Staphylococcus aureus' -> NZ_AP040298.1_|_locus_tag=ACZ5PR_RS10825
NOTE: Change sequence name 'NZ_AP040133.1 | locus_tag=ACZ435_RS11640 | product=16S ribosomal RNA | organism=Staphylococcus aureus' -> NZ_AP040133.1_|_locus_tag=ACZ435_RS11640
NOTE: Change sequence name 'NZ_AP043700.1 | locus_tag=ACZ49O_RS01970 | product=16S ribosomal RNA | organism=Staphylococcus aureus' -> NZ_AP043700.1_|_locus_tag=ACZ49O_RS01970
NOTE: Change sequence name 'NZ_CP087434.1 | locus_tag=LPB29_RS11155 | product=16S ribosomal RNA | organism=Staphylococcus aureus' -> NZ_CP087434.1_|_locus_tag=LPB29_RS11155
NOTE: Change sequence name 'NZ_CP087433.1 | locus_tag=LPB12_RS11150 | product=16S ribosomal RNA | organism=Staphylococcus aureus' -> NZ_CP087433.1_|_locus_tag=LPB12_RS11150
NOTE: Change sequence name 'NZ_CP087429.1 | locus_tag=LPA92_RS11155 | product=16S ribosomal RNA | organism=Staphylococcus aureus' -> NZ_CP087429.1_|_locus_tag=LPA92_RS11155
NOTE: Change sequence name 'NZ_CP087428.1 | locus_tag=LPB40_RS11150 | product=16S ribosomal RNA | organism=Staphylococcus aureus' -> NZ_CP087428.1_|_locus_tag=LPB40_RS11150
NOTE: Change sequence name 'NZ_CP087435.1 | locus_tag=LPA64_RS10590 | product=16S ribosomal RNA | organism=Staphylococcus aureus' -> NZ_CP087435.1_|_locus_tag=LPA64_RS10590
NOTE: Change sequence name 'NZ_CP087446.1 | locus_tag=LPB37_RS10695 | product=16S ribosomal RNA | organism=Staphylococcus aureus' -> NZ_CP087446.1_|_locus_tag=LPB37_RS10695
NOTE: Change sequence name 'NZ_CP087441.1 | locus_tag=LPA95_RS10230 | product=16S ribosomal RNA | organism=Staphylococcus aureus' -> NZ_CP087441.1_|_locus_tag=LPA95_RS10230
NOTE: Change sequence name 'NZ_CP087439.1 | locus_tag=LPB17_RS10240 | product=16S ribosomal RNA | organism=Staphylococcus aureus' -> NZ_CP087439.1_|_locus_tag=LPB17_RS10240
NOTE: Change sequence name 'NZ_CP087433.1 | locus_tag=LPB12_RS10575 | product=16S ribosomal RNA | organism=Staphylococcus aureus' -> NZ_CP087433.1_|_locus_tag=LPB12_RS10575
NOTE: Change sequence name 'NZ_CP087432.1 | locus_tag=LPA89_RS10605 | product=16S ribosomal RNA | organism=Staphylococcus aureus' -> NZ_CP087432.1_|_locus_tag=LPA89_RS10605
NOTE: Change sequence name 'NZ_CP087429.1 | locus_tag=LPA92_RS10580 | product=16S ribosomal RNA | organism=Staphylococcus aureus' -> NZ_CP087429.1_|_locus_tag=LPA92_RS10580
NOTE: Change sequence name 'NZ_CP087428.1 | locus_tag=LPB40_RS10580 | product=16S ribosomal RNA | organism=Staphylococcus aureus' -> NZ_CP087428.1_|_locus_tag=LPB40_RS10580
NOTE: Change sequence name 'NZ_CP087444.1 | locus_tag=LPB14_RS10210 | product=16S ribosomal RNA | organism=Staphylococcus aureus' -> NZ_CP087444.1_|_locus_tag=LPB14_RS10210
NOTE: Change sequence name 'NZ_CP087444.1 | locus_tag=LPB14_RS02545 | product=16S ribosomal RNA | organism=Staphylococcus aureus' -> NZ_CP087444.1_|_locus_tag=LPB14_RS02545
NOTE: Change sequence name 'NZ_AP041589.1 | locus_tag=ACZ50H_RS10000 | product=16S ribosomal RNA | organism=Staphylococcus aureus' -> NZ_AP041589.1_|_locus_tag=ACZ50H_RS10000
NOTE: Change sequence name 'NZ_CP166547.1 | locus_tag=AB6X94_RS05580 | product=16S ribosomal RNA | organism=Staphylococcus aureus' -> NZ_CP166547.1_|_locus_tag=AB6X94_RS05580
NOTE: Change sequence name 'NZ_CP166548.1 | locus_tag=AB6X44_RS05570 | product=16S ribosomal RNA | organism=Staphylococcus aureus' -> NZ_CP166548.1_|_locus_tag=AB6X44_RS05570
NOTE: Change sequence name 'NZ_CP166509.1 | locus_tag=AB6X63_RS05560 | product=16S ribosomal RNA | organism=Staphylococcus aureus' -> NZ_CP166509.1_|_locus_tag=AB6X63_RS05560
NOTE: Change sequence name 'NZ_CP166507.1 | locus_tag=AB6X50_RS05555 | product=16S ribosomal RNA | organism=Staphylococcus aureus' -> NZ_CP166507.1_|_locus_tag=AB6X50_RS05555
NOTE: Change sequence name 'NZ_CP166506.1 | locus_tag=AB6X78_RS05580 | product=16S ribosomal RNA | organism=Staphylococcus aureus' -> NZ_CP166506.1_|_locus_tag=AB6X78_RS05580
NOTE: Change sequence name 'NZ_CP166517.1 | locus_tag=AB6X55_RS02395 | product=16S ribosomal RNA | organism=Staphylococcus aureus' -> NZ_CP166517.1_|_locus_tag=AB6X55_RS02395
NOTE: Change sequence name 'NZ_OY725415.1 | locus_tag=AC1U0L_RS00015 | product=16S ribosomal RNA | organism=Staphylococcus aureus' -> NZ_OY725415.1_|_locus_tag=AC1U0L_RS00015
NOTE: Change sequence name 'NZ_CP166513.1 | locus_tag=AB6X73_RS02415 | product=16S ribosomal RNA | organism=Staphylococcus aureus' -> NZ_CP166513.1_|_locus_tag=AB6X73_RS02415
NOTE: Change sequence name 'NZ_AP040301.1 | locus_tag=ACZ5OL_RS11485 | product=16S ribosomal RNA | organism=Staphylococcus aureus' -> NZ_AP040301.1_|_locus_tag=ACZ5OL_RS11485
NOTE: Change sequence name 'NZ_CP166571.1 | locus_tag=AB6X92_RS02420 | product=16S ribosomal RNA | organism=Staphylococcus aureus' -> NZ_CP166571.1_|_locus_tag=AB6X92_RS02420
NOTE: Change sequence name 'NZ_CP166569.1 | locus_tag=AB6X75_RS02415 | product=16S ribosomal RNA | organism=Staphylococcus aureus' -> NZ_CP166569.1_|_locus_tag=AB6X75_RS02415
NOTE: Change sequence name 'NZ_CP166512.1 | locus_tag=AB6X86_RS02395 | product=16S ribosomal RNA | organism=Staphylococcus aureus' -> NZ_CP166512.1_|_locus_tag=AB6X86_RS02395
NOTE: Change sequence name 'NZ_CP166571.1 | locus_tag=AB6X92_RS02400 | product=16S ribosomal RNA | organism=Staphylococcus aureus' -> NZ_CP166571.1_|_locus_tag=AB6X92_RS02400
NOTE: Change sequence name 'NZ_CP166569.1 | locus_tag=AB6X75_RS02395 | product=16S ribosomal RNA | organism=Staphylococcus aureus' -> NZ_CP166569.1_|_locus_tag=AB6X75_RS02395
NOTE: Change sequence name 'NZ_CP166516.1 | locus_tag=AB6X47_RS05605 | product=16S ribosomal RNA | organism=Staphylococcus aureus' -> NZ_CP166516.1_|_locus_tag=AB6X47_RS05605
NOTE: Change sequence name 'NZ_CP166515.1 | locus_tag=AB6X90_RS05590 | product=16S ribosomal RNA | organism=Staphylococcus aureus' -> NZ_CP166515.1_|_locus_tag=AB6X90_RS05590
NOTE: Change sequence name 'NZ_CP191048.1 | locus_tag=ACP8IJ_RS02340 | product=16S ribosomal RNA | organism=Staphylococcus aureus' -> NZ_CP191048.1_|_locus_tag=ACP8IJ_RS02340
NOTE: Change sequence name 'NZ_CP191047.1 | locus_tag=ACP8LQ_RS02340 | product=16S ribosomal RNA | organism=Staphylococcus aureus' -> NZ_CP191047.1_|_locus_tag=ACP8LQ_RS02340
NOTE: Change sequence name 'NZ_CP166530.1 | locus_tag=AB6X80_RS11435 | product=16S ribosomal RNA | organism=Staphylococcus aureus' -> NZ_CP166530.1_|_locus_tag=AB6X80_RS11435
NOTE: Change sequence name 'NZ_CP166531.1 | locus_tag=AB6X79_RS11460 | product=16S ribosomal RNA | organism=Staphylococcus aureus' -> NZ_CP166531.1_|_locus_tag=AB6X79_RS11460
NOTE: Change sequence name 'NZ_CP166529.1 | locus_tag=AB6X70_RS11460 | product=16S ribosomal RNA | organism=Staphylococcus aureus' -> NZ_CP166529.1_|_locus_tag=AB6X70_RS11460
NOTE: Change sequence name 'NZ_CP199996.1 | locus_tag=ACUBUE_RS09160 | product=16S ribosomal RNA | organism=Staphylococcus aureus' -> NZ_CP199996.1_|_locus_tag=ACUBUE_RS09160
NOTE: Change sequence name 'NZ_AP040298.1 | locus_tag=ACZ5PR_RS09275 | product=16S ribosomal RNA | organism=Staphylococcus aureus' -> NZ_AP040298.1_|_locus_tag=ACZ5PR_RS09275
NOTE: Change sequence name 'NZ_AP040286.1 | locus_tag=ACZ354_RS09090 | product=16S ribosomal RNA | organism=Staphylococcus aureus' -> NZ_AP040286.1_|_locus_tag=ACZ354_RS09090
NOTE: Change sequence name 'NZ_AP040285.1 | locus_tag=ACZ5U7_RS09805 | product=16S ribosomal RNA | organism=Staphylococcus aureus' -> NZ_AP040285.1_|_locus_tag=ACZ5U7_RS09805
NOTE: Change sequence name 'NZ_AP040288.1 | locus_tag=ACZ5SY_RS09925 | product=16S ribosomal RNA | organism=Staphylococcus aureus' -> NZ_AP040288.1_|_locus_tag=ACZ5SY_RS09925
NOTE: Change sequence name 'NZ_AP040293.1 | locus_tag=ACZ5R0_RS09950 | product=16S ribosomal RNA | organism=Staphylococcus aureus' -> NZ_AP040293.1_|_locus_tag=ACZ5R0_RS09950
NOTE: Change sequence name 'NZ_AP040295.1 | locus_tag=ACZ5QS_RS09625 | product=16S ribosomal RNA | organism=Staphylococcus aureus' -> NZ_AP040295.1_|_locus_tag=ACZ5QS_RS09625
NOTE: Change sequence name 'NZ_AP040296.1 | locus_tag=ACZ5PY_RS09940 | product=16S ribosomal RNA | organism=Staphylococcus aureus' -> NZ_AP040296.1_|_locus_tag=ACZ5PY_RS09940
NOTE: Change sequence name 'NZ_AP040301.1 | locus_tag=ACZ5OL_RS09935 | product=16S ribosomal RNA | organism=Staphylococcus aureus' -> NZ_AP040301.1_|_locus_tag=ACZ5OL_RS09935
NOTE: Change sequence name 'NZ_AP040133.1 | locus_tag=ACZ435_RS09650 | product=16S ribosomal RNA | organism=Staphylococcus aureus' -> NZ_AP040133.1_|_locus_tag=ACZ435_RS09650
NOTE: Change sequence name 'NZ_CP087444.1 | locus_tag=LPB14_RS02525 | product=16S ribosomal RNA | organism=Staphylococcus aureus' -> NZ_CP087444.1_|_locus_tag=LPB14_RS02525
NOTE: Change sequence name 'NZ_CP191061.1 | locus_tag=ACP8KY_RS09175 | product=16S ribosomal RNA | organism=Staphylococcus aureus' -> NZ_CP191061.1_|_locus_tag=ACP8KY_RS09175
NOTE: Change sequence name 'NZ_CP166575.1 | locus_tag=AB6X81_RS05790 | product=16S ribosomal RNA | organism=Staphylococcus aureus' -> NZ_CP166575.1_|_locus_tag=AB6X81_RS05790
NOTE: Change sequence name 'NZ_CP166574.1 | locus_tag=AB6X59_RS09110 | product=16S ribosomal RNA | organism=Staphylococcus aureus' -> NZ_CP166574.1_|_locus_tag=AB6X59_RS09110
NOTE: Change sequence name 'NZ_CP166573.1 | locus_tag=AB6X54_RS09110 | product=16S ribosomal RNA | organism=Staphylococcus aureus' -> NZ_CP166573.1_|_locus_tag=AB6X54_RS09110
NOTE: Change sequence name 'NZ_CP166567.1 | locus_tag=AB6X76_RS09520 | product=16S ribosomal RNA | organism=Staphylococcus aureus' -> NZ_CP166567.1_|_locus_tag=AB6X76_RS09520
NOTE: Change sequence name 'NZ_CP166565.1 | locus_tag=AB6X77_RS09385 | product=16S ribosomal RNA | organism=Staphylococcus aureus' -> NZ_CP166565.1_|_locus_tag=AB6X77_RS09385
NOTE: Change sequence name 'NZ_CP166559.1 | locus_tag=AB6X87_RS09305 | product=16S ribosomal RNA | organism=Staphylococcus aureus' -> NZ_CP166559.1_|_locus_tag=AB6X87_RS09305
NOTE: Change sequence name 'NZ_CP166561.1 | locus_tag=AB6X45_RS09120 | product=16S ribosomal RNA | organism=Staphylococcus aureus' -> NZ_CP166561.1_|_locus_tag=AB6X45_RS09120
NOTE: Change sequence name 'NZ_CP166555.1 | locus_tag=AB6X65_RS09305 | product=16S ribosomal RNA | organism=Staphylococcus aureus' -> NZ_CP166555.1_|_locus_tag=AB6X65_RS09305
NOTE: Change sequence name 'NZ_CP166552.1 | locus_tag=AB6X53_RS09530 | product=16S ribosomal RNA | organism=Staphylococcus aureus' -> NZ_CP166552.1_|_locus_tag=AB6X53_RS09530
NOTE: Change sequence name 'NZ_CP166542.1 | locus_tag=AB6X49_RS09470 | product=16S ribosomal RNA | organism=Staphylococcus aureus' -> NZ_CP166542.1_|_locus_tag=AB6X49_RS09470
NOTE: Change sequence name 'NZ_CP166544.1 | locus_tag=AB6X43_RS10280 | product=16S ribosomal RNA | organism=Staphylococcus aureus' -> NZ_CP166544.1_|_locus_tag=AB6X43_RS10280
NOTE: Change sequence name 'NZ_CP166540.1 | locus_tag=AB6X82_RS09465 | product=16S ribosomal RNA | organism=Staphylococcus aureus' -> NZ_CP166540.1_|_locus_tag=AB6X82_RS09465
NOTE: Change sequence name 'NZ_CP166538.1 | locus_tag=AB6X71_RS09530 | product=16S ribosomal RNA | organism=Staphylococcus aureus' -> NZ_CP166538.1_|_locus_tag=AB6X71_RS09530
NOTE: Change sequence name 'NZ_CP166536.1 | locus_tag=AB6X61_RS09530 | product=16S ribosomal RNA | organism=Staphylococcus aureus' -> NZ_CP166536.1_|_locus_tag=AB6X61_RS09530
NOTE: Change sequence name 'NZ_CP166526.1 | locus_tag=AB6X52_RS09120 | product=16S ribosomal RNA | organism=Staphylococcus aureus' -> NZ_CP166526.1_|_locus_tag=AB6X52_RS09120
NOTE: Change sequence name 'NZ_AP043700.1 | locus_tag=ACZ49O_RS02660 | product=16S ribosomal RNA | organism=Staphylococcus aureus' -> NZ_AP043700.1_|_locus_tag=ACZ49O_RS02660
NOTE: Change sequence name 'NZ_CP180165.1 | locus_tag=ACMTNW_RS09990 | product=16S ribosomal RNA | organism=Staphylococcus aureus' -> NZ_CP180165.1_|_locus_tag=ACMTNW_RS09990
NOTE: Change sequence name 'NZ_CP142804.1 | locus_tag=VW782_RS04430 | product=16S ribosomal RNA | organism=Staphylococcus aureus' -> NZ_CP142804.1_|_locus_tag=VW782_RS04430
NOTE: Change sequence name 'NZ_CP166520.1 | locus_tag=AB6X83_RS09115 | product=16S ribosomal RNA | organism=Staphylococcus aureus' -> NZ_CP166520.1_|_locus_tag=AB6X83_RS09115
NOTE: Change sequence name 'NZ_CP087446.1 | locus_tag=LPB37_RS02525 | product=16S ribosomal RNA | organism=Staphylococcus aureus' -> NZ_CP087446.1_|_locus_tag=LPB37_RS02525
NOTE: Change sequence name 'NZ_CP087442.1 | locus_tag=LPB05_RS02505 | product=16S ribosomal RNA | organism=Staphylococcus aureus' -> NZ_CP087442.1_|_locus_tag=LPB05_RS02505
NOTE: Change sequence name 'NZ_CP087441.1 | locus_tag=LPA95_RS02515 | product=16S ribosomal RNA | organism=Staphylococcus aureus' -> NZ_CP087441.1_|_locus_tag=LPA95_RS02515
NOTE: Change sequence name 'NZ_CP087439.1 | locus_tag=LPB17_RS02520 | product=16S ribosomal RNA | organism=Staphylococcus aureus' -> NZ_CP087439.1_|_locus_tag=LPB17_RS02520
NOTE: Change sequence name 'NZ_CP087437.1 | locus_tag=LPA86_RS02545 | product=16S ribosomal RNA | organism=Staphylococcus aureus' -> NZ_CP087437.1_|_locus_tag=LPA86_RS02545
NOTE: Change sequence name 'NZ_CP087435.1 | locus_tag=LPA64_RS02545 | product=16S ribosomal RNA | organism=Staphylococcus aureus' -> NZ_CP087435.1_|_locus_tag=LPA64_RS02545
NOTE: Change sequence name 'NZ_CP087434.1 | locus_tag=LPB29_RS02535 | product=16S ribosomal RNA | organism=Staphylococcus aureus' -> NZ_CP087434.1_|_locus_tag=LPB29_RS02535
NOTE: Change sequence name 'NZ_CP087433.1 | locus_tag=LPB12_RS02535 | product=16S ribosomal RNA | organism=Staphylococcus aureus' -> NZ_CP087433.1_|_locus_tag=LPB12_RS02535
NOTE: Change sequence name 'NZ_CP087430.1 | locus_tag=LPA68_RS02520 | product=16S ribosomal RNA | organism=Staphylococcus aureus' -> NZ_CP087430.1_|_locus_tag=LPA68_RS02520
NOTE: Change sequence name 'NZ_CP087428.1 | locus_tag=LPB40_RS02535 | product=16S ribosomal RNA | organism=Staphylococcus aureus' -> NZ_CP087428.1_|_locus_tag=LPB40_RS02535
NOTE: Change sequence name 'NZ_CP087444.1 | locus_tag=LPB14_RS09165 | product=16S ribosomal RNA | organism=Staphylococcus aureus' -> NZ_CP087444.1_|_locus_tag=LPB14_RS09165
NOTE: Change sequence name 'NZ_AP040291.1 | locus_tag=ACZ5SD_RS09965 | product=16S ribosomal RNA | organism=Staphylococcus aureus' -> NZ_AP040291.1_|_locus_tag=ACZ5SD_RS09965
NOTE: Change sequence name 'NZ_CP087451.1 | locus_tag=LPA74_RS09765 | product=16S ribosomal RNA | organism=Staphylococcus aureus' -> NZ_CP087451.1_|_locus_tag=LPA74_RS09765
NOTE: Change sequence name 'NZ_CP087449.1 | locus_tag=LPB34_RS09675 | product=16S ribosomal RNA | organism=Staphylococcus aureus' -> NZ_CP087449.1_|_locus_tag=LPB34_RS09675
NOTE: Change sequence name 'NZ_CP087447.1 | locus_tag=LPB22_RS09665 | product=16S ribosomal RNA | organism=Staphylococcus aureus' -> NZ_CP087447.1_|_locus_tag=LPB22_RS09665
NOTE: Change sequence name 'NZ_CP182395.1 | locus_tag=ACNBES_RS01035 | product=16S ribosomal RNA | organism=Staphylococcus simulans' -> NZ_CP182395.1_|_locus_tag=ACNBES_RS01035
NOTE: Change sequence name 'NZ_CP166522.1 | locus_tag=AB6X88_RS09105 | product=16S ribosomal RNA | organism=Staphylococcus aureus' -> NZ_CP166522.1_|_locus_tag=AB6X88_RS09105
NOTE: Change sequence name 'NZ_CP166528.1 | locus_tag=AB6X57_RS11270 | product=16S ribosomal RNA | organism=Staphylococcus aureus' -> NZ_CP166528.1_|_locus_tag=AB6X57_RS11270
NOTE: Change sequence name 'NZ_CP182395.1 | locus_tag=ACNBES_RS00485 | product=16S ribosomal RNA | organism=Staphylococcus simulans' -> NZ_CP182395.1_|_locus_tag=ACNBES_RS00485
NOTE: Change sequence name 'NZ_CP182395.1 | locus_tag=ACNBES_RS01605 | product=16S ribosomal RNA | organism=Staphylococcus simulans' -> NZ_CP182395.1_|_locus_tag=ACNBES_RS01605
NOTE: Change sequence name 'NZ_CP182395.1 | locus_tag=ACNBES_RS06380 | product=16S ribosomal RNA | organism=Staphylococcus simulans' -> NZ_CP182395.1_|_locus_tag=ACNBES_RS06380
NOTE: Change sequence name 'NZ_CP182395.1 | locus_tag=ACNBES_RS06705 | product=16S ribosomal RNA | organism=Staphylococcus simulans' -> NZ_CP182395.1_|_locus_tag=ACNBES_RS06705
NOTE: Change sequence name 'NZ_CP182395.1 | locus_tag=ACNBES_RS06720 | product=16S ribosomal RNA | organism=Staphylococcus simulans' -> NZ_CP182395.1_|_locus_tag=ACNBES_RS06720
NOTE: Change sequence name 'NZ_CP166533.1 | locus_tag=AB6X95_RS02415 | product=16S ribosomal RNA | organism=Staphylococcus aureus' -> NZ_CP166533.1_|_locus_tag=AB6X95_RS02415
NOTE: Change sequence name 'NZ_CP166532.1 | locus_tag=AB6X60_RS02415 | product=16S ribosomal RNA | organism=Staphylococcus aureus' -> NZ_CP166532.1_|_locus_tag=AB6X60_RS02415
NOTE: Change sequence name 'NZ_CP166863.1 | locus_tag=ACA494_RS11065 | product=16S ribosomal RNA | organism=Staphylococcus aureus' -> NZ_CP166863.1_|_locus_tag=ACA494_RS11065
NOTE: Change sequence name 'NZ_CP166551.1 | locus_tag=AB6X51_RS10225 | product=16S ribosomal RNA | organism=Staphylococcus aureus' -> NZ_CP166551.1_|_locus_tag=AB6X51_RS10225
NOTE: Change sequence name 'NZ_CP166550.1 | locus_tag=AB6X85_RS10250 | product=16S ribosomal RNA | organism=Staphylococcus aureus' -> NZ_CP166550.1_|_locus_tag=AB6X85_RS10250
NOTE: Change sequence name 'NZ_CP166549.1 | locus_tag=AB6X66_RS10230 | product=16S ribosomal RNA | organism=Staphylococcus aureus' -> NZ_CP166549.1_|_locus_tag=AB6X66_RS10230
NOTE: Change sequence name 'NZ_CP166517.1 | locus_tag=AB6X55_RS02140 | product=16S ribosomal RNA | organism=Staphylococcus aureus' -> NZ_CP166517.1_|_locus_tag=AB6X55_RS02140
NOTE: Change sequence name 'NZ_CP166528.1 | locus_tag=AB6X57_RS04545 | product=16S ribosomal RNA | organism=Staphylococcus aureus' -> NZ_CP166528.1_|_locus_tag=AB6X57_RS04545
NOTE: Change sequence name 'NZ_CP166517.1 | locus_tag=AB6X55_RS02415 | product=16S ribosomal RNA | organism=Staphylococcus aureus' -> NZ_CP166517.1_|_locus_tag=AB6X55_RS02415
NOTE: Change sequence name 'NZ_CP166512.1 | locus_tag=AB6X86_RS02415 | product=16S ribosomal RNA | organism=Staphylococcus aureus' -> NZ_CP166512.1_|_locus_tag=AB6X86_RS02415
NOTE: Change sequence name 'NZ_CP166519.1 | locus_tag=AB6X67_RS04355 | product=16S ribosomal RNA | organism=Staphylococcus aureus' -> NZ_CP166519.1_|_locus_tag=AB6X67_RS04355
NOTE: Change sequence name 'NZ_CP166528.1 | locus_tag=AB6X57_RS04270 | product=16S ribosomal RNA | organism=Staphylococcus aureus' -> NZ_CP166528.1_|_locus_tag=AB6X57_RS04270
NOTE: Change sequence name 'NZ_CP166526.1 | locus_tag=AB6X52_RS02410 | product=16S ribosomal RNA | organism=Staphylococcus aureus' -> NZ_CP166526.1_|_locus_tag=AB6X52_RS02410
NOTE: Change sequence name 'NZ_CP166542.1 | locus_tag=AB6X49_RS10735 | product=16S ribosomal RNA | organism=Staphylococcus aureus' -> NZ_CP166542.1_|_locus_tag=AB6X49_RS10735
NOTE: Change sequence name 'NZ_CP166530.1 | locus_tag=AB6X80_RS02155 | product=16S ribosomal RNA | organism=Staphylococcus aureus' -> NZ_CP166530.1_|_locus_tag=AB6X80_RS02155
NOTE: Change sequence name 'NZ_CP166530.1 | locus_tag=AB6X80_RS10875 | product=16S ribosomal RNA | organism=Staphylococcus aureus' -> NZ_CP166530.1_|_locus_tag=AB6X80_RS10875
NOTE: Change sequence name 'NZ_CP166517.1 | locus_tag=AB6X55_RS10540 | product=16S ribosomal RNA | organism=Staphylococcus aureus' -> NZ_CP166517.1_|_locus_tag=AB6X55_RS10540
NOTE: Change sequence name 'NZ_CP166513.1 | locus_tag=AB6X73_RS02395 | product=16S ribosomal RNA | organism=Staphylococcus aureus' -> NZ_CP166513.1_|_locus_tag=AB6X73_RS02395
NOTE: Change sequence name 'NZ_CP166514.1 | locus_tag=AB6X72_RS05595 | product=16S ribosomal RNA | organism=Staphylococcus aureus' -> NZ_CP166514.1_|_locus_tag=AB6X72_RS05595
NOTE: Change sequence name 'NZ_CP166562.1 | locus_tag=AB6X56_RS09120 | product=16S ribosomal RNA | organism=Staphylococcus aureus' -> NZ_CP166562.1_|_locus_tag=AB6X56_RS09120
NOTE: Change sequence name 'NZ_CP166557.1 | locus_tag=AB6X64_RS09305 | product=16S ribosomal RNA | organism=Staphylococcus aureus' -> NZ_CP166557.1_|_locus_tag=AB6X64_RS09305
NOTE: Change sequence name 'NZ_CP166534.1 | locus_tag=AB6X48_RS09530 | product=16S ribosomal RNA | organism=Staphylococcus aureus' -> NZ_CP166534.1_|_locus_tag=AB6X48_RS09530
NOTE: Change sequence name 'NZ_CP166525.1 | locus_tag=AB6X74_RS04845 | product=16S ribosomal RNA | organism=Staphylococcus aureus' -> NZ_CP166525.1_|_locus_tag=AB6X74_RS04845
NOTE: Change sequence name 'NZ_CP166516.1 | locus_tag=AB6X47_RS02905 | product=16S ribosomal RNA | organism=Staphylococcus aureus' -> NZ_CP166516.1_|_locus_tag=AB6X47_RS02905
NOTE: Change sequence name 'NZ_CP166516.1 | locus_tag=AB6X47_RS03960 | product=16S ribosomal RNA | organism=Staphylococcus aureus' -> NZ_CP166516.1_|_locus_tag=AB6X47_RS03960
NOTE: Change sequence name 'NZ_CP166564.1 | locus_tag=AB6X84_RS11400 | product=16S ribosomal RNA | organism=Staphylococcus aureus' -> NZ_CP166564.1_|_locus_tag=AB6X84_RS11400
NOTE: Change sequence name 'NZ_CP166526.1 | locus_tag=AB6X52_RS02135 | product=16S ribosomal RNA | organism=Staphylococcus aureus' -> NZ_CP166526.1_|_locus_tag=AB6X52_RS02135
NOTE: Change sequence name 'NZ_CP166526.1 | locus_tag=AB6X52_RS10145 | product=16S ribosomal RNA | organism=Staphylococcus aureus' -> NZ_CP166526.1_|_locus_tag=AB6X52_RS10145
NOTE: Change sequence name 'NZ_CP166522.1 | locus_tag=AB6X88_RS10150 | product=16S ribosomal RNA | organism=Staphylococcus aureus' -> NZ_CP166522.1_|_locus_tag=AB6X88_RS10150
NOTE: Change sequence name 'NZ_CP166559.1 | locus_tag=AB6X87_RS02230 | product=16S ribosomal RNA | organism=Staphylococcus aureus' -> NZ_CP166559.1_|_locus_tag=AB6X87_RS02230
NOTE: Change sequence name 'NZ_CP166522.1 | locus_tag=AB6X88_RS02120 | product=16S ribosomal RNA | organism=Staphylococcus aureus' -> NZ_CP166522.1_|_locus_tag=AB6X88_RS02120
NOTE: Change sequence name 'NZ_CP166519.1 | locus_tag=AB6X67_RS09590 | product=16S ribosomal RNA | organism=Staphylococcus aureus' -> NZ_CP166519.1_|_locus_tag=AB6X67_RS09590
NOTE: Change sequence name 'NZ_CP166562.1 | locus_tag=AB6X56_RS02425 | product=16S ribosomal RNA | organism=Staphylococcus aureus' -> NZ_CP166562.1_|_locus_tag=AB6X56_RS02425
NOTE: Change sequence name 'NZ_CP166561.1 | locus_tag=AB6X45_RS02425 | product=16S ribosomal RNA | organism=Staphylococcus aureus' -> NZ_CP166561.1_|_locus_tag=AB6X45_RS02425
NOTE: Change sequence name 'NZ_CP166574.1 | locus_tag=AB6X59_RS02440 | product=16S ribosomal RNA | organism=Staphylococcus aureus' -> NZ_CP166574.1_|_locus_tag=AB6X59_RS02440
NOTE: Change sequence name 'NZ_CP166564.1 | locus_tag=AB6X84_RS04460 | product=16S ribosomal RNA | organism=Staphylococcus aureus' -> NZ_CP166564.1_|_locus_tag=AB6X84_RS04460
NOTE: Change sequence name 'NZ_CP166564.1 | locus_tag=AB6X84_RS04735 | product=16S ribosomal RNA | organism=Staphylococcus aureus' -> NZ_CP166564.1_|_locus_tag=AB6X84_RS04735
NOTE: Change sequence name 'NZ_CP166562.1 | locus_tag=AB6X56_RS02445 | product=16S ribosomal RNA | organism=Staphylococcus aureus' -> NZ_CP166562.1_|_locus_tag=AB6X56_RS02445
NOTE: Change sequence name 'NZ_CP166544.1 | locus_tag=AB6X43_RS02525 | product=16S ribosomal RNA | organism=Staphylococcus aureus' -> NZ_CP166544.1_|_locus_tag=AB6X43_RS02525
NOTE: Change sequence name 'NZ_CP166528.1 | locus_tag=AB6X57_RS09670 | product=16S ribosomal RNA | organism=Staphylococcus aureus' -> NZ_CP166528.1_|_locus_tag=AB6X57_RS09670
NOTE: Change sequence name 'NZ_CP166524.1 | locus_tag=AB6X68_RS11175 | product=16S ribosomal RNA | organism=Staphylococcus aureus' -> NZ_CP166524.1_|_locus_tag=AB6X68_RS11175
NOTE: Change sequence name 'NZ_CP166520.1 | locus_tag=AB6X83_RS02380 | product=16S ribosomal RNA | organism=Staphylococcus aureus' -> NZ_CP166520.1_|_locus_tag=AB6X83_RS02380
NOTE: Change sequence name 'NZ_CP166514.1 | locus_tag=AB6X72_RS04545 | product=16S ribosomal RNA | organism=Staphylococcus aureus' -> NZ_CP166514.1_|_locus_tag=AB6X72_RS04545
NOTE: Change sequence name 'NZ_CP166552.1 | locus_tag=AB6X53_RS10525 | product=16S ribosomal RNA | organism=Staphylococcus aureus' -> NZ_CP166552.1_|_locus_tag=AB6X53_RS10525
NOTE: Change sequence name 'NZ_CP166519.1 | locus_tag=AB6X67_RS10150 | product=16S ribosomal RNA | organism=Staphylococcus aureus' -> NZ_CP166519.1_|_locus_tag=AB6X67_RS10150
NOTE: Change sequence name 'NZ_CP087426.1 | locus_tag=LPA80_RS03450 | product=16S ribosomal RNA | organism=Staphylococcus pseudintermedius' -> NZ_CP087426.1_|_locus_tag=LPA80_RS03450
NOTE: Change sequence name 'NZ_CP087464.1 | locus_tag=LPB15_RS12280 | product=16S ribosomal RNA | organism=Staphylococcus pseudintermedius' -> NZ_CP087464.1_|_locus_tag=LPB15_RS12280
NOTE: Change sequence name 'NZ_CP087464.1 | locus_tag=LPB15_RS12535 | product=16S ribosomal RNA | organism=Staphylococcus pseudintermedius' -> NZ_CP087464.1_|_locus_tag=LPB15_RS12535
NOTE: Change sequence name 'NZ_CP087464.1 | locus_tag=LPB15_RS03705 | product=16S ribosomal RNA | organism=Staphylococcus pseudintermedius' -> NZ_CP087464.1_|_locus_tag=LPB15_RS03705
NOTE: Change sequence name 'NZ_CP087464.1 | locus_tag=LPB15_RS04255 | product=16S ribosomal RNA | organism=Staphylococcus pseudintermedius' -> NZ_CP087464.1_|_locus_tag=LPB15_RS04255
NOTE: Change sequence name 'NZ_CP087426.1 | locus_tag=LPA80_RS04640 | product=16S ribosomal RNA | organism=Staphylococcus pseudintermedius' -> NZ_CP087426.1_|_locus_tag=LPA80_RS04640
NOTE: Change sequence name 'NZ_CP166577.1 | locus_tag=AB6X62_RS13335 | product=16S ribosomal RNA | organism=Staphylococcus aureus' -> NZ_CP166577.1_|_locus_tag=AB6X62_RS13335
NOTE: Change sequence name 'NZ_CP087402.1 | locus_tag=LPA77_RS12035 | product=16S ribosomal RNA | organism=Staphylococcus epidermidis' -> NZ_CP087402.1_|_locus_tag=LPA77_RS12035
NOTE: Change sequence name 'NZ_CP087413.1 | locus_tag=LPB35_RS04535 | product=16S ribosomal RNA | organism=Staphylococcus epidermidis' -> NZ_CP087413.1_|_locus_tag=LPB35_RS04535
NOTE: Change sequence name 'NZ_CP087409.1 | locus_tag=LPB26_RS12030 | product=16S ribosomal RNA | organism=Staphylococcus epidermidis' -> NZ_CP087409.1_|_locus_tag=LPB26_RS12030
NOTE: Change sequence name 'NZ_CP087413.1 | locus_tag=LPB35_RS11300 | product=16S ribosomal RNA | organism=Staphylococcus epidermidis' -> NZ_CP087413.1_|_locus_tag=LPB35_RS11300
NOTE: Change sequence name 'NZ_CP166554.1 | locus_tag=AB6X89_RS09525 | product=16S ribosomal RNA | organism=Staphylococcus aureus' -> NZ_CP166554.1_|_locus_tag=AB6X89_RS09525
NOTE: Change sequence name 'NZ_CP166519.1 | locus_tag=AB6X67_RS04335 | product=16S ribosomal RNA | organism=Staphylococcus aureus' -> NZ_CP166519.1_|_locus_tag=AB6X67_RS04335
NOTE: Change sequence name 'NZ_CP166516.1 | locus_tag=AB6X47_RS02650 | product=16S ribosomal RNA | organism=Staphylococcus aureus' -> NZ_CP166516.1_|_locus_tag=AB6X47_RS02650
NOTE: Change sequence name 'NZ_CP087395.1 | locus_tag=LPB30_RS12000 | product=16S ribosomal RNA | organism=Staphylococcus epidermidis' -> NZ_CP087395.1_|_locus_tag=LPB30_RS12000
NOTE: Change sequence name 'NZ_CP087395.1 | locus_tag=LPB30_RS12015 | product=16S ribosomal RNA | organism=Staphylococcus epidermidis' -> NZ_CP087395.1_|_locus_tag=LPB30_RS12015
NOTE: Change sequence name 'NZ_CP087422.1 | locus_tag=LPA88_RS04895 | product=16S ribosomal RNA | organism=Staphylococcus epidermidis' -> NZ_CP087422.1_|_locus_tag=LPA88_RS04895
NOTE: Change sequence name 'NZ_CP087397.1 | locus_tag=LPA66_RS11575 | product=16S ribosomal RNA | organism=Staphylococcus epidermidis' -> NZ_CP087397.1_|_locus_tag=LPA66_RS11575
NOTE: Change sequence name 'NZ_CP087395.1 | locus_tag=LPB30_RS04575 | product=16S ribosomal RNA | organism=Staphylococcus epidermidis' -> NZ_CP087395.1_|_locus_tag=LPB30_RS04575
NOTE: Change sequence name 'NZ_CP087397.1 | locus_tag=LPA66_RS11590 | product=16S ribosomal RNA | organism=Staphylococcus epidermidis' -> NZ_CP087397.1_|_locus_tag=LPA66_RS11590
NOTE: Change sequence name 'NZ_CP087422.1 | locus_tag=LPA88_RS11280 | product=16S ribosomal RNA | organism=Staphylococcus epidermidis' -> NZ_CP087422.1_|_locus_tag=LPA88_RS11280
NOTE: Change sequence name 'NZ_CP087422.1 | locus_tag=LPA88_RS11530 | product=16S ribosomal RNA | organism=Staphylococcus epidermidis' -> NZ_CP087422.1_|_locus_tag=LPA88_RS11530
NOTE: Change sequence name 'NZ_CP087395.1 | locus_tag=LPB30_RS03410 | product=16S ribosomal RNA | organism=Staphylococcus epidermidis' -> NZ_CP087395.1_|_locus_tag=LPB30_RS03410
NOTE: Change sequence name 'NZ_CP087422.1 | locus_tag=LPA88_RS11265 | product=16S ribosomal RNA | organism=Staphylococcus epidermidis' -> NZ_CP087422.1_|_locus_tag=LPA88_RS11265
NOTE: Change sequence name 'NZ_CP087397.1 | locus_tag=LPA66_RS05020 | product=16S ribosomal RNA | organism=Staphylococcus epidermidis' -> NZ_CP087397.1_|_locus_tag=LPA66_RS05020
NOTE: Change sequence name 'NZ_CP166554.1 | locus_tag=AB6X89_RS02785 | product=16S ribosomal RNA | organism=Staphylococcus aureus' -> NZ_CP166554.1_|_locus_tag=AB6X89_RS02785
NOTE: Change sequence name 'NZ_CP087437.1 | locus_tag=LPA86_RS02290 | product=16S ribosomal RNA | organism=Staphylococcus aureus' -> NZ_CP087437.1_|_locus_tag=LPA86_RS02290
NOTE: Change sequence name 'NZ_CP087434.1 | locus_tag=LPB29_RS02280 | product=16S ribosomal RNA | organism=Staphylococcus aureus' -> NZ_CP087434.1_|_locus_tag=LPB29_RS02280
NOTE: Change sequence name 'NZ_CP087430.1 | locus_tag=LPA68_RS02265 | product=16S ribosomal RNA | organism=Staphylococcus aureus' -> NZ_CP087430.1_|_locus_tag=LPA68_RS02265
NOTE: Change sequence name 'NZ_CP087431.1 | locus_tag=LPA96_RS11190 | product=16S ribosomal RNA | organism=Staphylococcus aureus' -> NZ_CP087431.1_|_locus_tag=LPA96_RS11190
NOTE: Change sequence name 'NZ_CP087447.1 | locus_tag=LPB22_RS11070 | product=16S ribosomal RNA | organism=Staphylococcus aureus' -> NZ_CP087447.1_|_locus_tag=LPB22_RS11070
NOTE: Change sequence name 'NZ_CP166564.1 | locus_tag=AB6X84_RS10280 | product=16S ribosomal RNA | organism=Staphylococcus aureus' -> NZ_CP166564.1_|_locus_tag=AB6X84_RS10280
NOTE: Change sequence name 'NZ_CP166534.1 | locus_tag=AB6X48_RS10525 | product=16S ribosomal RNA | organism=Staphylococcus aureus' -> NZ_CP166534.1_|_locus_tag=AB6X48_RS10525
NOTE: Change sequence name 'NZ_CP166511.1 | locus_tag=AB6X96_RS02395 | product=16S ribosomal RNA | organism=Staphylococcus aureus' -> NZ_CP166511.1_|_locus_tag=AB6X96_RS02395
NOTE: Change sequence name 'NZ_CP166511.1 | locus_tag=AB6X96_RS09135 | product=16S ribosomal RNA | organism=Staphylococcus aureus' -> NZ_CP166511.1_|_locus_tag=AB6X96_RS09135
NOTE: Change sequence name 'NZ_CP087437.1 | locus_tag=LPA86_RS02565 | product=16S ribosomal RNA | organism=Staphylococcus aureus' -> NZ_CP087437.1_|_locus_tag=LPA86_RS02565
NOTE: Change sequence name 'NZ_CP087434.1 | locus_tag=LPB29_RS09210 | product=16S ribosomal RNA | organism=Staphylococcus aureus' -> NZ_CP087434.1_|_locus_tag=LPB29_RS09210
NOTE: Change sequence name 'NZ_CP087432.1 | locus_tag=LPA89_RS09545 | product=16S ribosomal RNA | organism=Staphylococcus aureus' -> NZ_CP087432.1_|_locus_tag=LPA89_RS09545
NOTE: Change sequence name 'NZ_CP087431.1 | locus_tag=LPA96_RS09555 | product=16S ribosomal RNA | organism=Staphylococcus aureus' -> NZ_CP087431.1_|_locus_tag=LPA96_RS09555
NOTE: Change sequence name 'NZ_CP087430.1 | locus_tag=LPA68_RS09185 | product=16S ribosomal RNA | organism=Staphylococcus aureus' -> NZ_CP087430.1_|_locus_tag=LPA68_RS09185
NOTE: Change sequence name 'NZ_CP087428.1 | locus_tag=LPB40_RS09210 | product=16S ribosomal RNA | organism=Staphylococcus aureus' -> NZ_CP087428.1_|_locus_tag=LPB40_RS09210
NOTE: Change sequence name 'NZ_CP087430.1 | locus_tag=LPA68_RS11120 | product=16S ribosomal RNA | organism=Staphylococcus aureus' -> NZ_CP087430.1_|_locus_tag=LPA68_RS11120
NOTE: Change sequence name 'NZ_CP087431.1 | locus_tag=LPA96_RS10615 | product=16S ribosomal RNA | organism=Staphylococcus aureus' -> NZ_CP087431.1_|_locus_tag=LPA96_RS10615
NOTE: Change sequence name 'NZ_CP087430.1 | locus_tag=LPA68_RS10550 | product=16S ribosomal RNA | organism=Staphylococcus aureus' -> NZ_CP087430.1_|_locus_tag=LPA68_RS10550
NOTE: Change sequence name 'NZ_CP087437.1 | locus_tag=LPA86_RS10590 | product=16S ribosomal RNA | organism=Staphylococcus aureus' -> NZ_CP087437.1_|_locus_tag=LPA86_RS10590
NOTE: Change sequence name 'NZ_CP087434.1 | locus_tag=LPB29_RS10580 | product=16S ribosomal RNA | organism=Staphylococcus aureus' -> NZ_CP087434.1_|_locus_tag=LPB29_RS10580
NOTE: Change sequence name 'NZ_CP166511.1 | locus_tag=AB6X96_RS02415 | product=16S ribosomal RNA | organism=Staphylococcus aureus' -> NZ_CP166511.1_|_locus_tag=AB6X96_RS02415
NOTE: Change sequence name 'NZ_CP166571.1 | locus_tag=AB6X92_RS09530 | product=16S ribosomal RNA | organism=Staphylococcus aureus' -> NZ_CP166571.1_|_locus_tag=AB6X92_RS09530
NOTE: Change sequence name 'NZ_CP166569.1 | locus_tag=AB6X75_RS09525 | product=16S ribosomal RNA | organism=Staphylococcus aureus' -> NZ_CP166569.1_|_locus_tag=AB6X75_RS09525
NOTE: Change sequence name 'NZ_CP166519.1 | locus_tag=AB6X67_RS11175 | product=16S ribosomal RNA | organism=Staphylococcus aureus' -> NZ_CP166519.1_|_locus_tag=AB6X67_RS11175
NOTE: Change sequence name 'NZ_CP166517.1 | locus_tag=AB6X55_RS09515 | product=16S ribosomal RNA | organism=Staphylococcus aureus' -> NZ_CP166517.1_|_locus_tag=AB6X55_RS09515
NOTE: Change sequence name 'NZ_CP166513.1 | locus_tag=AB6X73_RS09135 | product=16S ribosomal RNA | organism=Staphylococcus aureus' -> NZ_CP166513.1_|_locus_tag=AB6X73_RS09135
NOTE: Change sequence name 'NZ_CP166512.1 | locus_tag=AB6X86_RS09135 | product=16S ribosomal RNA | organism=Staphylococcus aureus' -> NZ_CP166512.1_|_locus_tag=AB6X86_RS09135
NOTE: Change sequence name 'NZ_CP087432.1 | locus_tag=LPA89_RS02545 | product=16S ribosomal RNA | organism=Staphylococcus aureus' -> NZ_CP087432.1_|_locus_tag=LPA89_RS02545
NOTE: Change sequence name 'NZ_CP087431.1 | locus_tag=LPA96_RS02555 | product=16S ribosomal RNA | organism=Staphylococcus aureus' -> NZ_CP087431.1_|_locus_tag=LPA96_RS02555
NOTE: Change sequence name 'NZ_CP087429.1 | locus_tag=LPA92_RS02535 | product=16S ribosomal RNA | organism=Staphylococcus aureus' -> NZ_CP087429.1_|_locus_tag=LPA92_RS02535
Alignment most likely contains DNA/RNA sequences
Alignment has 1166 sequences with 1566 columns, 270 distinct patterns
186 parsimony-informative, 67 singleton sites, 1313 constant sites
WARNING: Some sequence names are changed as follows:
NZ_CP166554.1_|_locus_tag=AB6X89_RS09780 -> NZ_CP166554.1_|_locus_tag_AB6X89_RS09780
NZ_CP087462.1_|_locus_tag=LPA62_RS03950 -> NZ_CP087462.1_|_locus_tag_LPA62_RS03950
NZ_CP087462.1_|_locus_tag=LPA62_RS12470 -> NZ_CP087462.1_|_locus_tag_LPA62_RS12470
NZ_CP087462.1_|_locus_tag=LPA62_RS12725 -> NZ_CP087462.1_|_locus_tag_LPA62_RS12725
NZ_CP087426.1_|_locus_tag=LPA80_RS11830 -> NZ_CP087426.1_|_locus_tag_LPA80_RS11830
NZ_CP087427.1_|_locus_tag=LPB23_RS03350 -> NZ_CP087427.1_|_locus_tag_LPB23_RS03350
NZ_CP087427.1_|_locus_tag=LPB23_RS11680 -> NZ_CP087427.1_|_locus_tag_LPB23_RS11680
NZ_CP087426.1_|_locus_tag=LPA80_RS03980 -> NZ_CP087426.1_|_locus_tag_LPA80_RS03980
NZ_CP087426.1_|_locus_tag=LPA80_RS11815 -> NZ_CP087426.1_|_locus_tag_LPA80_RS11815
NZ_CP087470.1_|_locus_tag=LPA94_RS03330 -> NZ_CP087470.1_|_locus_tag_LPA94_RS03330
NZ_CP087469.1_|_locus_tag=LPB21_RS03330 -> NZ_CP087469.1_|_locus_tag_LPB21_RS03330
NZ_CP087465.1_|_locus_tag=LPB06_RS11960 -> NZ_CP087465.1_|_locus_tag_LPB06_RS11960
NZ_CP087456.1_|_locus_tag=LPA55_RS11960 -> NZ_CP087456.1_|_locus_tag_LPA55_RS11960
NZ_CP087455.1_|_locus_tag=LPB38_RS11960 -> NZ_CP087455.1_|_locus_tag_LPB38_RS11960
NZ_CP087470.1_|_locus_tag=LPA94_RS11755 -> NZ_CP087470.1_|_locus_tag_LPA94_RS11755
NZ_CP087470.1_|_locus_tag=LPA94_RS11770 -> NZ_CP087470.1_|_locus_tag_LPA94_RS11770
NZ_CP087470.1_|_locus_tag=LPA94_RS12025 -> NZ_CP087470.1_|_locus_tag_LPA94_RS12025
NZ_CP087469.1_|_locus_tag=LPB21_RS11755 -> NZ_CP087469.1_|_locus_tag_LPB21_RS11755
NZ_CP087469.1_|_locus_tag=LPB21_RS11770 -> NZ_CP087469.1_|_locus_tag_LPB21_RS11770
NZ_CP087469.1_|_locus_tag=LPB21_RS12025 -> NZ_CP087469.1_|_locus_tag_LPB21_RS12025
NZ_CP087468.1_|_locus_tag=LPB09_RS09235 -> NZ_CP087468.1_|_locus_tag_LPB09_RS09235
NZ_CP087468.1_|_locus_tag=LPB09_RS09850 -> NZ_CP087468.1_|_locus_tag_LPB09_RS09850
NZ_CP087468.1_|_locus_tag=LPB09_RS12975 -> NZ_CP087468.1_|_locus_tag_LPB09_RS12975
NZ_CP087468.1_|_locus_tag=LPB09_RS12990 -> NZ_CP087468.1_|_locus_tag_LPB09_RS12990
NZ_CP087468.1_|_locus_tag=LPB09_RS13245 -> NZ_CP087468.1_|_locus_tag_LPB09_RS13245
NZ_CP087467.1_|_locus_tag=LPA83_RS03690 -> NZ_CP087467.1_|_locus_tag_LPA83_RS03690
NZ_CP087467.1_|_locus_tag=LPA83_RS04305 -> NZ_CP087467.1_|_locus_tag_LPA83_RS04305
NZ_CP087467.1_|_locus_tag=LPA83_RS11690 -> NZ_CP087467.1_|_locus_tag_LPA83_RS11690
NZ_CP087467.1_|_locus_tag=LPA83_RS11705 -> NZ_CP087467.1_|_locus_tag_LPA83_RS11705
NZ_CP087467.1_|_locus_tag=LPA83_RS11960 -> NZ_CP087467.1_|_locus_tag_LPA83_RS11960
NZ_CP087466.1_|_locus_tag=LPA58_RS04455 -> NZ_CP087466.1_|_locus_tag_LPA58_RS04455
NZ_CP087466.1_|_locus_tag=LPA58_RS11185 -> NZ_CP087466.1_|_locus_tag_LPA58_RS11185
NZ_CP087466.1_|_locus_tag=LPA58_RS11440 -> NZ_CP087466.1_|_locus_tag_LPA58_RS11440
NZ_CP087465.1_|_locus_tag=LPB06_RS03870 -> NZ_CP087465.1_|_locus_tag_LPB06_RS03870
NZ_CP087463.1_|_locus_tag=LPB07_RS11975 -> NZ_CP087463.1_|_locus_tag_LPB07_RS11975
NZ_CP087463.1_|_locus_tag=LPB07_RS11990 -> NZ_CP087463.1_|_locus_tag_LPB07_RS11990
NZ_CP087463.1_|_locus_tag=LPB07_RS12245 -> NZ_CP087463.1_|_locus_tag_LPB07_RS12245
NZ_CP087462.1_|_locus_tag=LPA62_RS12455 -> NZ_CP087462.1_|_locus_tag_LPA62_RS12455
NZ_CP087461.1_|_locus_tag=LPA87_RS04090 -> NZ_CP087461.1_|_locus_tag_LPA87_RS04090
NZ_CP087461.1_|_locus_tag=LPA87_RS11935 -> NZ_CP087461.1_|_locus_tag_LPA87_RS11935
NZ_CP087461.1_|_locus_tag=LPA87_RS12190 -> NZ_CP087461.1_|_locus_tag_LPA87_RS12190
NZ_CP087460.1_|_locus_tag=LPB28_RS03660 -> NZ_CP087460.1_|_locus_tag_LPB28_RS03660
NZ_CP087459.1_|_locus_tag=LPB01_RS03650 -> NZ_CP087459.1_|_locus_tag_LPB01_RS03650
NZ_CP087456.1_|_locus_tag=LPA55_RS03870 -> NZ_CP087456.1_|_locus_tag_LPA55_RS03870
NZ_CP087457.1_|_locus_tag=LPA78_RS04315 -> NZ_CP087457.1_|_locus_tag_LPA78_RS04315
NZ_CP087457.1_|_locus_tag=LPA78_RS11555 -> NZ_CP087457.1_|_locus_tag_LPA78_RS11555
NZ_CP087457.1_|_locus_tag=LPA78_RS11570 -> NZ_CP087457.1_|_locus_tag_LPA78_RS11570
NZ_CP087457.1_|_locus_tag=LPA78_RS11825 -> NZ_CP087457.1_|_locus_tag_LPA78_RS11825
NZ_CP087455.1_|_locus_tag=LPB38_RS03870 -> NZ_CP087455.1_|_locus_tag_LPB38_RS03870
NZ_CP087454.1_|_locus_tag=LPA59_RS03750 -> NZ_CP087454.1_|_locus_tag_LPA59_RS03750
NZ_CP087454.1_|_locus_tag=LPA59_RS04365 -> NZ_CP087454.1_|_locus_tag_LPA59_RS04365
NZ_CP087454.1_|_locus_tag=LPA59_RS12525 -> NZ_CP087454.1_|_locus_tag_LPA59_RS12525
NZ_CP087454.1_|_locus_tag=LPA59_RS12540 -> NZ_CP087454.1_|_locus_tag_LPA59_RS12540
NZ_CP087454.1_|_locus_tag=LPA59_RS12795 -> NZ_CP087454.1_|_locus_tag_LPA59_RS12795
NZ_CP087453.1_|_locus_tag=LPB33_RS04080 -> NZ_CP087453.1_|_locus_tag_LPB33_RS04080
NZ_CP087453.1_|_locus_tag=LPB33_RS04630 -> NZ_CP087453.1_|_locus_tag_LPB33_RS04630
NZ_CP087453.1_|_locus_tag=LPB33_RS12080 -> NZ_CP087453.1_|_locus_tag_LPB33_RS12080
NZ_CP087453.1_|_locus_tag=LPB33_RS12095 -> NZ_CP087453.1_|_locus_tag_LPB33_RS12095
NZ_CP087453.1_|_locus_tag=LPB33_RS12350 -> NZ_CP087453.1_|_locus_tag_LPB33_RS12350
NZ_CP087452.1_|_locus_tag=LPA71_RS03290 -> NZ_CP087452.1_|_locus_tag_LPA71_RS03290
NZ_CP087452.1_|_locus_tag=LPA71_RS03900 -> NZ_CP087452.1_|_locus_tag_LPA71_RS03900
NZ_CP087452.1_|_locus_tag=LPA71_RS11870 -> NZ_CP087452.1_|_locus_tag_LPA71_RS11870
NZ_CP087452.1_|_locus_tag=LPA71_RS11885 -> NZ_CP087452.1_|_locus_tag_LPA71_RS11885
NZ_CP087452.1_|_locus_tag=LPA71_RS12140 -> NZ_CP087452.1_|_locus_tag_LPA71_RS12140
NZ_CP087427.1_|_locus_tag=LPB23_RS03880 -> NZ_CP087427.1_|_locus_tag_LPB23_RS03880
NZ_CP087427.1_|_locus_tag=LPB23_RS04505 -> NZ_CP087427.1_|_locus_tag_LPB23_RS04505
NZ_CP087427.1_|_locus_tag=LPB23_RS11700 -> NZ_CP087427.1_|_locus_tag_LPB23_RS11700
NZ_CP087426.1_|_locus_tag=LPA80_RS12085 -> NZ_CP087426.1_|_locus_tag_LPA80_RS12085
NZ_CP197393.1_|_locus_tag=ACTQG0_RS00005 -> NZ_CP197393.1_|_locus_tag_ACTQG0_RS00005
NZ_CP197393.1_|_locus_tag=ACTQG0_RS00020 -> NZ_CP197393.1_|_locus_tag_ACTQG0_RS00020
NZ_CP197393.1_|_locus_tag=ACTQG0_RS08795 -> NZ_CP197393.1_|_locus_tag_ACTQG0_RS08795
NZ_CP197393.1_|_locus_tag=ACTQG0_RS13135 -> NZ_CP197393.1_|_locus_tag_ACTQG0_RS13135
NZ_CP197392.1_|_locus_tag=ACTQGY_RS00540 -> NZ_CP197392.1_|_locus_tag_ACTQGY_RS00540
NZ_CP197392.1_|_locus_tag=ACTQGY_RS04830 -> NZ_CP197392.1_|_locus_tag_ACTQGY_RS04830
NZ_CP197392.1_|_locus_tag=ACTQGY_RS05085 -> NZ_CP197392.1_|_locus_tag_ACTQGY_RS05085
NZ_CP197392.1_|_locus_tag=ACTQGY_RS05100 -> NZ_CP197392.1_|_locus_tag_ACTQGY_RS05100
NZ_CP197391.1_|_locus_tag=ACTQGX_RS07415 -> NZ_CP197391.1_|_locus_tag_ACTQGX_RS07415
NZ_CP197391.1_|_locus_tag=ACTQGX_RS07430 -> NZ_CP197391.1_|_locus_tag_ACTQGX_RS07430
NZ_CP197391.1_|_locus_tag=ACTQGX_RS07685 -> NZ_CP197391.1_|_locus_tag_ACTQGX_RS07685
NZ_CP197391.1_|_locus_tag=ACTQGX_RS11975 -> NZ_CP197391.1_|_locus_tag_ACTQGX_RS11975
NZ_CP197390.1_|_locus_tag=ACTQG1_RS00005 -> NZ_CP197390.1_|_locus_tag_ACTQG1_RS00005
NZ_CP197390.1_|_locus_tag=ACTQG1_RS00020 -> NZ_CP197390.1_|_locus_tag_ACTQG1_RS00020
NZ_CP197390.1_|_locus_tag=ACTQG1_RS08540 -> NZ_CP197390.1_|_locus_tag_ACTQG1_RS08540
NZ_CP197390.1_|_locus_tag=ACTQG1_RS12835 -> NZ_CP197390.1_|_locus_tag_ACTQG1_RS12835
NZ_CP162665.1_|_locus_tag=AB4Y52_RS02730 -> NZ_CP162665.1_|_locus_tag_AB4Y52_RS02730
NZ_CP162665.1_|_locus_tag=AB4Y52_RS03370 -> NZ_CP162665.1_|_locus_tag_AB4Y52_RS03370
NZ_CP162665.1_|_locus_tag=AB4Y52_RS07870 -> NZ_CP162665.1_|_locus_tag_AB4Y52_RS07870
NZ_CP162665.1_|_locus_tag=AB4Y52_RS08125 -> NZ_CP162665.1_|_locus_tag_AB4Y52_RS08125
NZ_CP162665.1_|_locus_tag=AB4Y52_RS08145 -> NZ_CP162665.1_|_locus_tag_AB4Y52_RS08145
NZ_CP162663.1_|_locus_tag=AB4Y50_RS00475 -> NZ_CP162663.1_|_locus_tag_AB4Y50_RS00475
NZ_CP162663.1_|_locus_tag=AB4Y50_RS01115 -> NZ_CP162663.1_|_locus_tag_AB4Y50_RS01115
NZ_CP162663.1_|_locus_tag=AB4Y50_RS05620 -> NZ_CP162663.1_|_locus_tag_AB4Y50_RS05620
NZ_CP162663.1_|_locus_tag=AB4Y50_RS05875 -> NZ_CP162663.1_|_locus_tag_AB4Y50_RS05875
NZ_CP162663.1_|_locus_tag=AB4Y50_RS05895 -> NZ_CP162663.1_|_locus_tag_AB4Y50_RS05895
NZ_CP163405.1_|_locus_tag=AB6C05_RS04110 -> NZ_CP163405.1_|_locus_tag_AB6C05_RS04110
NZ_CP163405.1_|_locus_tag=AB6C05_RS09230 -> NZ_CP163405.1_|_locus_tag_AB6C05_RS09230
NZ_CP163405.1_|_locus_tag=AB6C05_RS09485 -> NZ_CP163405.1_|_locus_tag_AB6C05_RS09485
NZ_CP163405.1_|_locus_tag=AB6C05_RS09505 -> NZ_CP163405.1_|_locus_tag_AB6C05_RS09505
NZ_CP163405.1_|_locus_tag=AB6C05_RS09525 -> NZ_CP163405.1_|_locus_tag_AB6C05_RS09525
NZ_CP163403.1_|_locus_tag=AB6C04_RS00005 -> NZ_CP163403.1_|_locus_tag_AB6C04_RS00005
NZ_CP163403.1_|_locus_tag=AB6C04_RS00025 -> NZ_CP163403.1_|_locus_tag_AB6C04_RS00025
NZ_CP163403.1_|_locus_tag=AB6C04_RS07715 -> NZ_CP163403.1_|_locus_tag_AB6C04_RS07715
NZ_CP163403.1_|_locus_tag=AB6C04_RS12835 -> NZ_CP163403.1_|_locus_tag_AB6C04_RS12835
NZ_CP163401.1_|_locus_tag=AB6C03_RS05660 -> NZ_CP163401.1_|_locus_tag_AB6C03_RS05660
NZ_CP163401.1_|_locus_tag=AB6C03_RS05680 -> NZ_CP163401.1_|_locus_tag_AB6C03_RS05680
NZ_CP163401.1_|_locus_tag=AB6C03_RS05935 -> NZ_CP163401.1_|_locus_tag_AB6C03_RS05935
NZ_CP163401.1_|_locus_tag=AB6C03_RS11050 -> NZ_CP163401.1_|_locus_tag_AB6C03_RS11050
NZ_CP087464.1_|_locus_tag=LPB15_RS04855 -> NZ_CP087464.1_|_locus_tag_LPB15_RS04855
NZ_CP087463.1_|_locus_tag=LPB07_RS04925 -> NZ_CP087463.1_|_locus_tag_LPB07_RS04925
NZ_CP087460.1_|_locus_tag=LPB28_RS04790 -> NZ_CP087460.1_|_locus_tag_LPB28_RS04790
NZ_CP087459.1_|_locus_tag=LPB01_RS04770 -> NZ_CP087459.1_|_locus_tag_LPB01_RS04770
NZ_CP087457.1_|_locus_tag=LPA78_RS04925 -> NZ_CP087457.1_|_locus_tag_LPA78_RS04925
NZ_CP087466.1_|_locus_tag=LPA58_RS03260 -> NZ_CP087466.1_|_locus_tag_LPA58_RS03260
NZ_CP087463.1_|_locus_tag=LPB07_RS03780 -> NZ_CP087463.1_|_locus_tag_LPB07_RS03780
NZ_CP087457.1_|_locus_tag=LPA78_RS03760 -> NZ_CP087457.1_|_locus_tag_LPA78_RS03760
NZ_CP087461.1_|_locus_tag=LPA87_RS04755 -> NZ_CP087461.1_|_locus_tag_LPA87_RS04755
NZ_CP087466.1_|_locus_tag=LPA58_RS03810 -> NZ_CP087466.1_|_locus_tag_LPA58_RS03810
NZ_CP087427.1_|_locus_tag=LPB23_RS11955 -> NZ_CP087427.1_|_locus_tag_LPB23_RS11955
NZ_CP087470.1_|_locus_tag=LPA94_RS03925 -> NZ_CP087470.1_|_locus_tag_LPA94_RS03925
NZ_CP087469.1_|_locus_tag=LPB21_RS03925 -> NZ_CP087469.1_|_locus_tag_LPB21_RS03925
NZ_CP087465.1_|_locus_tag=LPB06_RS04410 -> NZ_CP087465.1_|_locus_tag_LPB06_RS04410
NZ_CP087463.1_|_locus_tag=LPB07_RS04325 -> NZ_CP087463.1_|_locus_tag_LPB07_RS04325
NZ_CP087460.1_|_locus_tag=LPB28_RS04190 -> NZ_CP087460.1_|_locus_tag_LPB28_RS04190
NZ_CP087459.1_|_locus_tag=LPB01_RS04170 -> NZ_CP087459.1_|_locus_tag_LPB01_RS04170
NZ_CP087456.1_|_locus_tag=LPA55_RS04410 -> NZ_CP087456.1_|_locus_tag_LPA55_RS04410
NZ_CP087455.1_|_locus_tag=LPB38_RS04410 -> NZ_CP087455.1_|_locus_tag_LPB38_RS04410
NZ_CP163405.1_|_locus_tag=AB6C05_RS04760 -> NZ_CP163405.1_|_locus_tag_AB6C05_RS04760
NZ_CP163405.1_|_locus_tag=AB6C05_RS05285 -> NZ_CP163405.1_|_locus_tag_AB6C05_RS05285
NZ_CP163403.1_|_locus_tag=AB6C04_RS08365 -> NZ_CP163403.1_|_locus_tag_AB6C04_RS08365
NZ_CP163403.1_|_locus_tag=AB6C04_RS08890 -> NZ_CP163403.1_|_locus_tag_AB6C04_RS08890
NZ_CP163401.1_|_locus_tag=AB6C03_RS09875 -> NZ_CP163401.1_|_locus_tag_AB6C03_RS09875
NZ_CP163401.1_|_locus_tag=AB6C03_RS10400 -> NZ_CP163401.1_|_locus_tag_AB6C03_RS10400
NZ_CP197393.1_|_locus_tag=ACTQG0_RS08265 -> NZ_CP197393.1_|_locus_tag_ACTQG0_RS08265
NZ_CP197392.1_|_locus_tag=ACTQGY_RS00015 -> NZ_CP197392.1_|_locus_tag_ACTQGY_RS00015
NZ_CP197391.1_|_locus_tag=ACTQGX_RS12500 -> NZ_CP197391.1_|_locus_tag_ACTQGX_RS12500
NZ_CP197390.1_|_locus_tag=ACTQG1_RS08015 -> NZ_CP197390.1_|_locus_tag_ACTQG1_RS08015
NZ_CP087465.1_|_locus_tag=LPB06_RS11705 -> NZ_CP087465.1_|_locus_tag_LPB06_RS11705
NZ_CP087456.1_|_locus_tag=LPA55_RS11705 -> NZ_CP087456.1_|_locus_tag_LPA55_RS11705
NZ_CP087455.1_|_locus_tag=LPB38_RS11705 -> NZ_CP087455.1_|_locus_tag_LPB38_RS11705
NZ_CP087460.1_|_locus_tag=LPB28_RS11575 -> NZ_CP087460.1_|_locus_tag_LPB28_RS11575
NZ_CP087460.1_|_locus_tag=LPB28_RS11590 -> NZ_CP087460.1_|_locus_tag_LPB28_RS11590
NZ_CP087460.1_|_locus_tag=LPB28_RS11845 -> NZ_CP087460.1_|_locus_tag_LPB28_RS11845
NZ_CP087459.1_|_locus_tag=LPB01_RS11540 -> NZ_CP087459.1_|_locus_tag_LPB01_RS11540
NZ_CP087459.1_|_locus_tag=LPB01_RS11795 -> NZ_CP087459.1_|_locus_tag_LPB01_RS11795
NZ_CP087462.1_|_locus_tag=LPA62_RS03420 -> NZ_CP087462.1_|_locus_tag_LPA62_RS03420
NZ_CP087461.1_|_locus_tag=LPA87_RS03570 -> NZ_CP087461.1_|_locus_tag_LPA87_RS03570
NZ_CP087453.1_|_locus_tag=LPB33_RS05265 -> NZ_CP087453.1_|_locus_tag_LPB33_RS05265
NZ_CP197393.1_|_locus_tag=ACTQG0_RS07665 -> NZ_CP197393.1_|_locus_tag_ACTQG0_RS07665
NZ_CP197392.1_|_locus_tag=ACTQGY_RS12090 -> NZ_CP197392.1_|_locus_tag_ACTQGY_RS12090
NZ_CP197391.1_|_locus_tag=ACTQGX_RS00005 -> NZ_CP197391.1_|_locus_tag_ACTQGX_RS00005
NZ_CP197390.1_|_locus_tag=ACTQG1_RS07415 -> NZ_CP197390.1_|_locus_tag_ACTQG1_RS07415
NZ_CP087468.1_|_locus_tag=LPB09_RS08585 -> NZ_CP087468.1_|_locus_tag_LPB09_RS08585
NZ_CP087467.1_|_locus_tag=LPA83_RS04950 -> NZ_CP087467.1_|_locus_tag_LPA83_RS04950
NZ_CP087465.1_|_locus_tag=LPB06_RS05060 -> NZ_CP087465.1_|_locus_tag_LPB06_RS05060
NZ_CP087456.1_|_locus_tag=LPA55_RS05060 -> NZ_CP087456.1_|_locus_tag_LPA55_RS05060
NZ_CP087455.1_|_locus_tag=LPB38_RS05060 -> NZ_CP087455.1_|_locus_tag_LPB38_RS05060
NZ_CP087454.1_|_locus_tag=LPA59_RS05015 -> NZ_CP087454.1_|_locus_tag_LPA59_RS05015
NZ_CP087452.1_|_locus_tag=LPA71_RS04535 -> NZ_CP087452.1_|_locus_tag_LPA71_RS04535
NZ_CP087470.1_|_locus_tag=LPA94_RS04560 -> NZ_CP087470.1_|_locus_tag_LPA94_RS04560
NZ_CP087469.1_|_locus_tag=LPB21_RS04560 -> NZ_CP087469.1_|_locus_tag_LPB21_RS04560
NZ_CP087462.1_|_locus_tag=LPA62_RS04605 -> NZ_CP087462.1_|_locus_tag_LPA62_RS04605
NZ_CP195074.1_|_locus_tag=ACSAXH_RS03085 -> NZ_CP195074.1_|_locus_tag_ACSAXH_RS03085
NZ_CP195074.1_|_locus_tag=ACSAXH_RS04155 -> NZ_CP195074.1_|_locus_tag_ACSAXH_RS04155
NZ_CP195074.1_|_locus_tag=ACSAXH_RS10605 -> NZ_CP195074.1_|_locus_tag_ACSAXH_RS10605
NZ_CP195074.1_|_locus_tag=ACSAXH_RS10620 -> NZ_CP195074.1_|_locus_tag_ACSAXH_RS10620
NZ_CP195066.1_|_locus_tag=ACSAXG_RS04235 -> NZ_CP195066.1_|_locus_tag_ACSAXG_RS04235
NZ_CP195074.1_|_locus_tag=ACSAXH_RS10875 -> NZ_CP195074.1_|_locus_tag_ACSAXH_RS10875
NZ_CP162665.1_|_locus_tag=AB4Y52_RS03905 -> NZ_CP162665.1_|_locus_tag_AB4Y52_RS03905
NZ_CP162663.1_|_locus_tag=AB4Y50_RS01650 -> NZ_CP162663.1_|_locus_tag_AB4Y50_RS01650
NZ_CP195066.1_|_locus_tag=ACSAXG_RS03145 -> NZ_CP195066.1_|_locus_tag_ACSAXG_RS03145
NZ_CP195066.1_|_locus_tag=ACSAXG_RS03660 -> NZ_CP195066.1_|_locus_tag_ACSAXG_RS03660
NZ_CP195066.1_|_locus_tag=ACSAXG_RS10695 -> NZ_CP195066.1_|_locus_tag_ACSAXG_RS10695
NZ_CP195066.1_|_locus_tag=ACSAXG_RS10710 -> NZ_CP195066.1_|_locus_tag_ACSAXG_RS10710
NZ_CP195066.1_|_locus_tag=ACSAXG_RS10965 -> NZ_CP195066.1_|_locus_tag_ACSAXG_RS10965
NZ_CP195074.1_|_locus_tag=ACSAXH_RS03585 -> NZ_CP195074.1_|_locus_tag_ACSAXH_RS03585
NZ_CP190853.1_|_locus_tag=ACP8MJ_RS11450 -> NZ_CP190853.1_|_locus_tag_ACP8MJ_RS11450
NZ_CP166554.1_|_locus_tag=AB6X89_RS04345 -> NZ_CP166554.1_|_locus_tag_AB6X89_RS04345
NZ_AP041587.1_|_locus_tag=ACZ5QC_RS04810 -> NZ_AP041587.1_|_locus_tag_ACZ5QC_RS04810
NZ_AP041587.1_|_locus_tag=ACZ5QC_RS10630 -> NZ_AP041587.1_|_locus_tag_ACZ5QC_RS10630
NZ_CP087413.1_|_locus_tag=LPB35_RS03460 -> NZ_CP087413.1_|_locus_tag_LPB35_RS03460
NZ_CP087413.1_|_locus_tag=LPB35_RS11565 -> NZ_CP087413.1_|_locus_tag_LPB35_RS11565
NZ_CP166525.1_|_locus_tag=AB6X74_RS04590 -> NZ_CP166525.1_|_locus_tag_AB6X74_RS04590
NZ_CP190834.1_|_locus_tag=ACP8K8_RS10355 -> NZ_CP190834.1_|_locus_tag_ACP8K8_RS10355
NZ_CP190834.1_|_locus_tag=ACP8K8_RS04370 -> NZ_CP190834.1_|_locus_tag_ACP8K8_RS04370
NZ_CP190973.1_|_locus_tag=ACP8LY_RS04710 -> NZ_CP190973.1_|_locus_tag_ACP8LY_RS04710
NZ_CP190973.1_|_locus_tag=ACP8LY_RS10475 -> NZ_CP190973.1_|_locus_tag_ACP8LY_RS10475
NZ_CP190834.1_|_locus_tag=ACP8K8_RS03345 -> NZ_CP190834.1_|_locus_tag_ACP8K8_RS03345
NZ_CP190834.1_|_locus_tag=ACP8K8_RS03835 -> NZ_CP190834.1_|_locus_tag_ACP8K8_RS03835
NZ_CP190834.1_|_locus_tag=ACP8K8_RS10340 -> NZ_CP190834.1_|_locus_tag_ACP8K8_RS10340
NZ_CP190834.1_|_locus_tag=ACP8K8_RS10600 -> NZ_CP190834.1_|_locus_tag_ACP8K8_RS10600
NZ_CP190973.1_|_locus_tag=ACP8LY_RS03690 -> NZ_CP190973.1_|_locus_tag_ACP8LY_RS03690
NZ_CP190973.1_|_locus_tag=ACP8LY_RS04185 -> NZ_CP190973.1_|_locus_tag_ACP8LY_RS04185
NZ_CP190973.1_|_locus_tag=ACP8LY_RS10720 -> NZ_CP190973.1_|_locus_tag_ACP8LY_RS10720
NZ_CP190973.1_|_locus_tag=ACP8LY_RS10460 -> NZ_CP190973.1_|_locus_tag_ACP8LY_RS10460
NZ_OZ408735.1_|_locus_tag=ACZJZQ_RS11110 -> NZ_OZ408735.1_|_locus_tag_ACZJZQ_RS11110
NZ_CP190975.1_|_locus_tag=ACP8MH_RS04290 -> NZ_CP190975.1_|_locus_tag_ACP8MH_RS04290
NZ_CP190979.1_|_locus_tag=ACP8J3_RS03435 -> NZ_CP190979.1_|_locus_tag_ACP8J3_RS03435
NZ_CP190979.1_|_locus_tag=ACP8J3_RS03945 -> NZ_CP190979.1_|_locus_tag_ACP8J3_RS03945
NZ_CP190979.1_|_locus_tag=ACP8J3_RS04640 -> NZ_CP190979.1_|_locus_tag_ACP8J3_RS04640
NZ_CP190979.1_|_locus_tag=ACP8J3_RS10955 -> NZ_CP190979.1_|_locus_tag_ACP8J3_RS10955
NZ_CP190979.1_|_locus_tag=ACP8J3_RS10970 -> NZ_CP190979.1_|_locus_tag_ACP8J3_RS10970
NZ_CP190979.1_|_locus_tag=ACP8J3_RS11220 -> NZ_CP190979.1_|_locus_tag_ACP8J3_RS11220
NZ_CP190937.1_|_locus_tag=ACP8JV_RS11160 -> NZ_CP190937.1_|_locus_tag_ACP8JV_RS11160
NZ_CP190937.1_|_locus_tag=ACP8JV_RS03600 -> NZ_CP190937.1_|_locus_tag_ACP8JV_RS03600
NZ_CP190937.1_|_locus_tag=ACP8JV_RS04115 -> NZ_CP190937.1_|_locus_tag_ACP8JV_RS04115
NZ_CP190937.1_|_locus_tag=ACP8JV_RS11145 -> NZ_CP190937.1_|_locus_tag_ACP8JV_RS11145
NZ_CP190937.1_|_locus_tag=ACP8JV_RS11410 -> NZ_CP190937.1_|_locus_tag_ACP8JV_RS11410
NZ_CP121447.1_|_locus_tag=P7F85_RS03580 -> NZ_CP121447.1_|_locus_tag_P7F85_RS03580
NZ_CP121447.1_|_locus_tag=P7F85_RS04095 -> NZ_CP121447.1_|_locus_tag_P7F85_RS04095
NZ_CP121447.1_|_locus_tag=P7F85_RS04800 -> NZ_CP121447.1_|_locus_tag_P7F85_RS04800
NZ_CP121447.1_|_locus_tag=P7F85_RS11095 -> NZ_CP121447.1_|_locus_tag_P7F85_RS11095
NZ_CP121447.1_|_locus_tag=P7F85_RS11110 -> NZ_CP121447.1_|_locus_tag_P7F85_RS11110
NZ_CP121447.1_|_locus_tag=P7F85_RS11360 -> NZ_CP121447.1_|_locus_tag_P7F85_RS11360
NZ_CP190937.1_|_locus_tag=ACP8JV_RS04770 -> NZ_CP190937.1_|_locus_tag_ACP8JV_RS04770
NZ_OZ408735.1_|_locus_tag=ACZJZQ_RS05010 -> NZ_OZ408735.1_|_locus_tag_ACZJZQ_RS05010
NZ_AP029231.1_|_locus_tag=ACZ5VA_RS03790 -> NZ_AP029231.1_|_locus_tag_ACZ5VA_RS03790
NZ_OZ408735.1_|_locus_tag=ACZJZQ_RS04995 -> NZ_OZ408735.1_|_locus_tag_ACZJZQ_RS04995
NZ_AP029227.1_|_locus_tag=ACZ5V5_RS11060 -> NZ_AP029227.1_|_locus_tag_ACZ5V5_RS11060
NZ_CP087397.1_|_locus_tag=LPA66_RS11840 -> NZ_CP087397.1_|_locus_tag_LPA66_RS11840
NZ_CP191099.1_|_locus_tag=ACP8IB_RS04560 -> NZ_CP191099.1_|_locus_tag_ACP8IB_RS04560
NZ_CP190964.1_|_locus_tag=ACP8KO_RS03325 -> NZ_CP190964.1_|_locus_tag_ACP8KO_RS03325
NZ_CP190991.1_|_locus_tag=ACP8KD_RS04540 -> NZ_CP190991.1_|_locus_tag_ACP8KD_RS04540
NZ_CP190856.1_|_locus_tag=ACP8MF_RS11245 -> NZ_CP190856.1_|_locus_tag_ACP8MF_RS11245
NZ_CP191099.1_|_locus_tag=ACP8IB_RS10850 -> NZ_CP191099.1_|_locus_tag_ACP8IB_RS10850
NZ_CP190975.1_|_locus_tag=ACP8MH_RS03765 -> NZ_CP190975.1_|_locus_tag_ACP8MH_RS03765
NZ_CP190975.1_|_locus_tag=ACP8MH_RS04850 -> NZ_CP190975.1_|_locus_tag_ACP8MH_RS04850
NZ_CP190975.1_|_locus_tag=ACP8MH_RS11485 -> NZ_CP190975.1_|_locus_tag_ACP8MH_RS11485
NZ_CP190975.1_|_locus_tag=ACP8MH_RS11500 -> NZ_CP190975.1_|_locus_tag_ACP8MH_RS11500
NZ_CP190975.1_|_locus_tag=ACP8MH_RS11800 -> NZ_CP190975.1_|_locus_tag_ACP8MH_RS11800
NZ_CP191038.1_|_locus_tag=ACP8MX_RS03355 -> NZ_CP191038.1_|_locus_tag_ACP8MX_RS03355
NZ_CP190853.1_|_locus_tag=ACP8MJ_RS11185 -> NZ_CP190853.1_|_locus_tag_ACP8MJ_RS11185
NZ_CP195124.1_|_locus_tag=ACR43Q_RS10680 -> NZ_CP195124.1_|_locus_tag_ACR43Q_RS10680
NZ_AP029227.1_|_locus_tag=ACZ5V5_RS03580 -> NZ_AP029227.1_|_locus_tag_ACZ5V5_RS03580
NZ_CP191006.1_|_locus_tag=ACP8JE_RS04535 -> NZ_CP191006.1_|_locus_tag_ACP8JE_RS04535
NZ_CP190984.1_|_locus_tag=ACP8LE_RS04530 -> NZ_CP190984.1_|_locus_tag_ACP8LE_RS04530
NZ_CP190856.1_|_locus_tag=ACP8MF_RS11230 -> NZ_CP190856.1_|_locus_tag_ACP8MF_RS11230
NZ_CP190856.1_|_locus_tag=ACP8MF_RS11495 -> NZ_CP190856.1_|_locus_tag_ACP8MF_RS11495
NZ_CP191077.1_|_locus_tag=ACP8KB_RS03515 -> NZ_CP191077.1_|_locus_tag_ACP8KB_RS03515
NZ_CP191077.1_|_locus_tag=ACP8KB_RS03995 -> NZ_CP191077.1_|_locus_tag_ACP8KB_RS03995
NZ_CP191077.1_|_locus_tag=ACP8KB_RS04595 -> NZ_CP191077.1_|_locus_tag_ACP8KB_RS04595
NZ_CP191077.1_|_locus_tag=ACP8KB_RS11070 -> NZ_CP191077.1_|_locus_tag_ACP8KB_RS11070
NZ_CP191077.1_|_locus_tag=ACP8KB_RS11085 -> NZ_CP191077.1_|_locus_tag_ACP8KB_RS11085
NZ_CP191067.1_|_locus_tag=ACP8LX_RS11230 -> NZ_CP191067.1_|_locus_tag_ACP8LX_RS11230
NZ_CP191049.1_|_locus_tag=ACP8K0_RS03440 -> NZ_CP191049.1_|_locus_tag_ACP8K0_RS03440
NZ_CP191049.1_|_locus_tag=ACP8K0_RS03925 -> NZ_CP191049.1_|_locus_tag_ACP8K0_RS03925
NZ_CP191049.1_|_locus_tag=ACP8K0_RS10560 -> NZ_CP191049.1_|_locus_tag_ACP8K0_RS10560
NZ_CP191049.1_|_locus_tag=ACP8K0_RS10575 -> NZ_CP191049.1_|_locus_tag_ACP8K0_RS10575
NZ_CP191049.1_|_locus_tag=ACP8K0_RS10825 -> NZ_CP191049.1_|_locus_tag_ACP8K0_RS10825
NZ_CP191041.1_|_locus_tag=ACP8JJ_RS03450 -> NZ_CP191041.1_|_locus_tag_ACP8JJ_RS03450
NZ_CP191041.1_|_locus_tag=ACP8JJ_RS03930 -> NZ_CP191041.1_|_locus_tag_ACP8JJ_RS03930
NZ_CP191041.1_|_locus_tag=ACP8JJ_RS04600 -> NZ_CP191041.1_|_locus_tag_ACP8JJ_RS04600
NZ_CP191041.1_|_locus_tag=ACP8JJ_RS11165 -> NZ_CP191041.1_|_locus_tag_ACP8JJ_RS11165
NZ_CP191041.1_|_locus_tag=ACP8JJ_RS11180 -> NZ_CP191041.1_|_locus_tag_ACP8JJ_RS11180
NZ_CP191041.1_|_locus_tag=ACP8JJ_RS11430 -> NZ_CP191041.1_|_locus_tag_ACP8JJ_RS11430
NZ_CP191006.1_|_locus_tag=ACP8JE_RS03320 -> NZ_CP191006.1_|_locus_tag_ACP8JE_RS03320
NZ_CP191006.1_|_locus_tag=ACP8JE_RS03805 -> NZ_CP191006.1_|_locus_tag_ACP8JE_RS03805
NZ_CP191006.1_|_locus_tag=ACP8JE_RS10930 -> NZ_CP191006.1_|_locus_tag_ACP8JE_RS10930
NZ_CP191006.1_|_locus_tag=ACP8JE_RS10945 -> NZ_CP191006.1_|_locus_tag_ACP8JE_RS10945
NZ_CP191006.1_|_locus_tag=ACP8JE_RS11195 -> NZ_CP191006.1_|_locus_tag_ACP8JE_RS11195
NZ_CP190995.1_|_locus_tag=ACP8LU_RS03310 -> NZ_CP190995.1_|_locus_tag_ACP8LU_RS03310
NZ_CP190995.1_|_locus_tag=ACP8LU_RS03790 -> NZ_CP190995.1_|_locus_tag_ACP8LU_RS03790
NZ_CP190995.1_|_locus_tag=ACP8LU_RS04520 -> NZ_CP190995.1_|_locus_tag_ACP8LU_RS04520
NZ_CP190995.1_|_locus_tag=ACP8LU_RS11150 -> NZ_CP190995.1_|_locus_tag_ACP8LU_RS11150
NZ_CP190995.1_|_locus_tag=ACP8LU_RS11170 -> NZ_CP190995.1_|_locus_tag_ACP8LU_RS11170
NZ_CP190991.1_|_locus_tag=ACP8KD_RS03325 -> NZ_CP190991.1_|_locus_tag_ACP8KD_RS03325
NZ_CP190991.1_|_locus_tag=ACP8KD_RS03810 -> NZ_CP190991.1_|_locus_tag_ACP8KD_RS03810
NZ_CP190991.1_|_locus_tag=ACP8KD_RS10935 -> NZ_CP190991.1_|_locus_tag_ACP8KD_RS10935
NZ_CP190991.1_|_locus_tag=ACP8KD_RS10950 -> NZ_CP190991.1_|_locus_tag_ACP8KD_RS10950
NZ_CP190991.1_|_locus_tag=ACP8KD_RS11200 -> NZ_CP190991.1_|_locus_tag_ACP8KD_RS11200
NZ_CP190984.1_|_locus_tag=ACP8LE_RS03315 -> NZ_CP190984.1_|_locus_tag_ACP8LE_RS03315
NZ_CP190984.1_|_locus_tag=ACP8LE_RS03800 -> NZ_CP190984.1_|_locus_tag_ACP8LE_RS03800
NZ_CP190984.1_|_locus_tag=ACP8LE_RS10980 -> NZ_CP190984.1_|_locus_tag_ACP8LE_RS10980
NZ_CP190984.1_|_locus_tag=ACP8LE_RS10995 -> NZ_CP190984.1_|_locus_tag_ACP8LE_RS10995
NZ_CP190984.1_|_locus_tag=ACP8LE_RS11245 -> NZ_CP190984.1_|_locus_tag_ACP8LE_RS11245
NZ_CP190964.1_|_locus_tag=ACP8KO_RS03815 -> NZ_CP190964.1_|_locus_tag_ACP8KO_RS03815
NZ_CP190964.1_|_locus_tag=ACP8KO_RS10920 -> NZ_CP190964.1_|_locus_tag_ACP8KO_RS10920
NZ_CP190964.1_|_locus_tag=ACP8KO_RS10935 -> NZ_CP190964.1_|_locus_tag_ACP8KO_RS10935
NZ_CP190964.1_|_locus_tag=ACP8KO_RS11185 -> NZ_CP190964.1_|_locus_tag_ACP8KO_RS11185
NZ_CP190959.1_|_locus_tag=ACP8JN_RS03635 -> NZ_CP190959.1_|_locus_tag_ACP8JN_RS03635
NZ_CP190959.1_|_locus_tag=ACP8JN_RS04115 -> NZ_CP190959.1_|_locus_tag_ACP8JN_RS04115
NZ_CP190959.1_|_locus_tag=ACP8JN_RS10810 -> NZ_CP190959.1_|_locus_tag_ACP8JN_RS10810
NZ_CP190959.1_|_locus_tag=ACP8JN_RS11060 -> NZ_CP190959.1_|_locus_tag_ACP8JN_RS11060
NZ_CP191136.1_|_locus_tag=ACP8I1_RS07980 -> NZ_CP191136.1_|_locus_tag_ACP8I1_RS07980
NZ_CP191136.1_|_locus_tag=ACP8I1_RS08470 -> NZ_CP191136.1_|_locus_tag_ACP8I1_RS08470
NZ_CP191136.1_|_locus_tag=ACP8I1_RS11115 -> NZ_CP191136.1_|_locus_tag_ACP8I1_RS11115
NZ_CP191136.1_|_locus_tag=ACP8I1_RS11130 -> NZ_CP191136.1_|_locus_tag_ACP8I1_RS11130
NZ_CP191136.1_|_locus_tag=ACP8I1_RS11380 -> NZ_CP191136.1_|_locus_tag_ACP8I1_RS11380
NZ_CP191102.1_|_locus_tag=ACP8K2_RS03430 -> NZ_CP191102.1_|_locus_tag_ACP8K2_RS03430
NZ_CP191102.1_|_locus_tag=ACP8K2_RS03920 -> NZ_CP191102.1_|_locus_tag_ACP8K2_RS03920
NZ_CP191102.1_|_locus_tag=ACP8K2_RS11030 -> NZ_CP191102.1_|_locus_tag_ACP8K2_RS11030
NZ_CP191102.1_|_locus_tag=ACP8K2_RS11280 -> NZ_CP191102.1_|_locus_tag_ACP8K2_RS11280
NZ_CP191109.1_|_locus_tag=ACP8J6_RS03520 -> NZ_CP191109.1_|_locus_tag_ACP8J6_RS03520
NZ_CP191109.1_|_locus_tag=ACP8J6_RS04000 -> NZ_CP191109.1_|_locus_tag_ACP8J6_RS04000
NZ_CP191109.1_|_locus_tag=ACP8J6_RS04555 -> NZ_CP191109.1_|_locus_tag_ACP8J6_RS04555
NZ_CP191109.1_|_locus_tag=ACP8J6_RS10830 -> NZ_CP191109.1_|_locus_tag_ACP8J6_RS10830
NZ_CP191109.1_|_locus_tag=ACP8J6_RS10845 -> NZ_CP191109.1_|_locus_tag_ACP8J6_RS10845
NZ_CP191109.1_|_locus_tag=ACP8J6_RS11095 -> NZ_CP191109.1_|_locus_tag_ACP8J6_RS11095
NZ_CP191099.1_|_locus_tag=ACP8IB_RS04005 -> NZ_CP191099.1_|_locus_tag_ACP8IB_RS04005
NZ_CP191099.1_|_locus_tag=ACP8IB_RS10835 -> NZ_CP191099.1_|_locus_tag_ACP8IB_RS10835
NZ_CP191099.1_|_locus_tag=ACP8IB_RS11100 -> NZ_CP191099.1_|_locus_tag_ACP8IB_RS11100
NZ_CP185372.1_|_locus_tag=ACOQII_RS03875 -> NZ_CP185372.1_|_locus_tag_ACOQII_RS03875
NZ_CP185372.1_|_locus_tag=ACOQII_RS10675 -> NZ_CP185372.1_|_locus_tag_ACOQII_RS10675
NZ_CP185372.1_|_locus_tag=ACOQII_RS10690 -> NZ_CP185372.1_|_locus_tag_ACOQII_RS10690
NZ_CP185372.1_|_locus_tag=ACOQII_RS10940 -> NZ_CP185372.1_|_locus_tag_ACOQII_RS10940
NZ_CP186575.1_|_locus_tag=ACOKFZ_RS03530 -> NZ_CP186575.1_|_locus_tag_ACOKFZ_RS03530
NZ_CP186575.1_|_locus_tag=ACOKFZ_RS04010 -> NZ_CP186575.1_|_locus_tag_ACOKFZ_RS04010
NZ_CP186575.1_|_locus_tag=ACOKFZ_RS10965 -> NZ_CP186575.1_|_locus_tag_ACOKFZ_RS10965
NZ_CP180449.1_|_locus_tag=ACMYSJ_RS04025 -> NZ_CP180449.1_|_locus_tag_ACMYSJ_RS04025
NZ_CP180449.1_|_locus_tag=ACMYSJ_RS10665 -> NZ_CP180449.1_|_locus_tag_ACMYSJ_RS10665
NZ_CP180449.1_|_locus_tag=ACMYSJ_RS10680 -> NZ_CP180449.1_|_locus_tag_ACMYSJ_RS10680
NZ_CP180449.1_|_locus_tag=ACMYSJ_RS10930 -> NZ_CP180449.1_|_locus_tag_ACMYSJ_RS10930
NZ_AP029231.1_|_locus_tag=ACZ5VA_RS10635 -> NZ_AP029231.1_|_locus_tag_ACZ5VA_RS10635
NZ_OZ408735.1_|_locus_tag=ACZJZQ_RS00015 -> NZ_OZ408735.1_|_locus_tag_ACZJZQ_RS00015
NZ_OZ408735.1_|_locus_tag=ACZJZQ_RS00495 -> NZ_OZ408735.1_|_locus_tag_ACZJZQ_RS00495
NZ_CP087416.1_|_locus_tag=LPA61_RS11790 -> NZ_CP087416.1_|_locus_tag_LPA61_RS11790
NZ_CP087416.1_|_locus_tag=LPA61_RS12040 -> NZ_CP087416.1_|_locus_tag_LPA61_RS12040
NZ_CP087409.1_|_locus_tag=LPB26_RS11780 -> NZ_CP087409.1_|_locus_tag_LPB26_RS11780
NZ_CP087402.1_|_locus_tag=LPA77_RS11785 -> NZ_CP087402.1_|_locus_tag_LPA77_RS11785
NZ_AP029231.1_|_locus_tag=ACZ5VA_RS10650 -> NZ_AP029231.1_|_locus_tag_ACZ5VA_RS10650
NZ_CP087422.1_|_locus_tag=LPA88_RS04180 -> NZ_CP087422.1_|_locus_tag_LPA88_RS04180
NZ_CP190853.1_|_locus_tag=ACP8MJ_RS03550 -> NZ_CP190853.1_|_locus_tag_ACP8MJ_RS03550
NZ_CP191067.1_|_locus_tag=ACP8LX_RS03405 -> NZ_CP191067.1_|_locus_tag_ACP8LX_RS03405
NZ_CP190856.1_|_locus_tag=ACP8MF_RS03820 -> NZ_CP190856.1_|_locus_tag_ACP8MF_RS03820
NZ_CP191099.1_|_locus_tag=ACP8IB_RS03525 -> NZ_CP191099.1_|_locus_tag_ACP8IB_RS03525
NZ_CP185372.1_|_locus_tag=ACOQII_RS03395 -> NZ_CP185372.1_|_locus_tag_ACOQII_RS03395
NZ_CP180449.1_|_locus_tag=ACMYSJ_RS03545 -> NZ_CP180449.1_|_locus_tag_ACMYSJ_RS03545
NZ_AP029231.1_|_locus_tag=ACZ5VA_RS03310 -> NZ_AP029231.1_|_locus_tag_ACZ5VA_RS03310
NZ_CP087422.1_|_locus_tag=LPA88_RS03695 -> NZ_CP087422.1_|_locus_tag_LPA88_RS03695
NZ_CP087416.1_|_locus_tag=LPA61_RS03460 -> NZ_CP087416.1_|_locus_tag_LPA61_RS03460
NZ_CP087409.1_|_locus_tag=LPB26_RS03460 -> NZ_CP087409.1_|_locus_tag_LPB26_RS03460
NZ_CP087402.1_|_locus_tag=LPA77_RS03470 -> NZ_CP087402.1_|_locus_tag_LPA77_RS03470
NZ_OZ408735.1_|_locus_tag=ACZJZQ_RS04745 -> NZ_OZ408735.1_|_locus_tag_ACZJZQ_RS04745
NZ_CP190841.1_|_locus_tag=ACP8LS_RS04440 -> NZ_CP190841.1_|_locus_tag_ACP8LS_RS04440
NZ_CP186575.1_|_locus_tag=ACOKFZ_RS11230 -> NZ_CP186575.1_|_locus_tag_ACOKFZ_RS11230
NZ_CP195124.1_|_locus_tag=ACR43Q_RS03870 -> NZ_CP195124.1_|_locus_tag_ACR43Q_RS03870
NZ_CP191077.1_|_locus_tag=ACP8KB_RS11335 -> NZ_CP191077.1_|_locus_tag_ACP8KB_RS11335
NZ_CP191067.1_|_locus_tag=ACP8LX_RS11500 -> NZ_CP191067.1_|_locus_tag_ACP8LX_RS11500
NZ_CP190995.1_|_locus_tag=ACP8LU_RS11420 -> NZ_CP190995.1_|_locus_tag_ACP8LU_RS11420
NZ_CP190856.1_|_locus_tag=ACP8MF_RS04905 -> NZ_CP190856.1_|_locus_tag_ACP8MF_RS04905
NZ_CP191049.1_|_locus_tag=ACP8K0_RS04480 -> NZ_CP191049.1_|_locus_tag_ACP8K0_RS04480
NZ_CP190964.1_|_locus_tag=ACP8KO_RS04500 -> NZ_CP190964.1_|_locus_tag_ACP8KO_RS04500
NZ_CP190959.1_|_locus_tag=ACP8JN_RS04675 -> NZ_CP190959.1_|_locus_tag_ACP8JN_RS04675
NZ_CP185372.1_|_locus_tag=ACOQII_RS04485 -> NZ_CP185372.1_|_locus_tag_ACOQII_RS04485
NZ_CP186575.1_|_locus_tag=ACOKFZ_RS04615 -> NZ_CP186575.1_|_locus_tag_ACOKFZ_RS04615
NZ_CP186575.1_|_locus_tag=ACOKFZ_RS10980 -> NZ_CP186575.1_|_locus_tag_ACOKFZ_RS10980
NZ_CP180449.1_|_locus_tag=ACMYSJ_RS04585 -> NZ_CP180449.1_|_locus_tag_ACMYSJ_RS04585
NZ_AP029231.1_|_locus_tag=ACZ5VA_RS10900 -> NZ_AP029231.1_|_locus_tag_ACZ5VA_RS10900
NZ_CP190959.1_|_locus_tag=ACP8JN_RS10795 -> NZ_CP190959.1_|_locus_tag_ACP8JN_RS10795
NZ_CP191038.1_|_locus_tag=ACP8MX_RS10985 -> NZ_CP191038.1_|_locus_tag_ACP8MX_RS10985
NZ_CP087395.1_|_locus_tag=LPB30_RS12265 -> NZ_CP087395.1_|_locus_tag_LPB30_RS12265
NZ_CP087416.1_|_locus_tag=LPA61_RS05320 -> NZ_CP087416.1_|_locus_tag_LPA61_RS05320
NZ_CP087409.1_|_locus_tag=LPB26_RS05320 -> NZ_CP087409.1_|_locus_tag_LPB26_RS05320
NZ_CP087402.1_|_locus_tag=LPA77_RS05330 -> NZ_CP087402.1_|_locus_tag_LPA77_RS05330
NZ_CP190977.1_|_locus_tag=ACP8M9_RS04045 -> NZ_CP190977.1_|_locus_tag_ACP8M9_RS04045
NZ_CP190977.1_|_locus_tag=ACP8M9_RS04565 -> NZ_CP190977.1_|_locus_tag_ACP8M9_RS04565
NZ_CP190977.1_|_locus_tag=ACP8M9_RS05235 -> NZ_CP190977.1_|_locus_tag_ACP8M9_RS05235
NZ_CP190977.1_|_locus_tag=ACP8M9_RS11740 -> NZ_CP190977.1_|_locus_tag_ACP8M9_RS11740
NZ_CP190853.1_|_locus_tag=ACP8MJ_RS04640 -> NZ_CP190853.1_|_locus_tag_ACP8MJ_RS04640
NZ_CP190848.1_|_locus_tag=ACP8M6_RS04680 -> NZ_CP190848.1_|_locus_tag_ACP8M6_RS04680
NZ_CP191038.1_|_locus_tag=ACP8MX_RS04560 -> NZ_CP191038.1_|_locus_tag_ACP8MX_RS04560
NZ_CP195124.1_|_locus_tag=ACR43Q_RS03390 -> NZ_CP195124.1_|_locus_tag_ACR43Q_RS03390
NZ_CP195124.1_|_locus_tag=ACR43Q_RS04470 -> NZ_CP195124.1_|_locus_tag_ACR43Q_RS04470
NZ_AP029227.1_|_locus_tag=ACZ5V5_RS04660 -> NZ_AP029227.1_|_locus_tag_ACZ5V5_RS04660
NZ_CP190853.1_|_locus_tag=ACP8MJ_RS11200 -> NZ_CP190853.1_|_locus_tag_ACP8MJ_RS11200
NZ_CP190848.1_|_locus_tag=ACP8M6_RS03515 -> NZ_CP190848.1_|_locus_tag_ACP8M6_RS03515
NZ_CP190848.1_|_locus_tag=ACP8M6_RS04000 -> NZ_CP190848.1_|_locus_tag_ACP8M6_RS04000
NZ_CP190848.1_|_locus_tag=ACP8M6_RS10780 -> NZ_CP190848.1_|_locus_tag_ACP8M6_RS10780
NZ_CP190848.1_|_locus_tag=ACP8M6_RS10795 -> NZ_CP190848.1_|_locus_tag_ACP8M6_RS10795
NZ_CP190848.1_|_locus_tag=ACP8M6_RS11045 -> NZ_CP190848.1_|_locus_tag_ACP8M6_RS11045
NZ_CP191073.1_|_locus_tag=ACP8K9_RS03460 -> NZ_CP191073.1_|_locus_tag_ACP8K9_RS03460
NZ_CP191073.1_|_locus_tag=ACP8K9_RS03945 -> NZ_CP191073.1_|_locus_tag_ACP8K9_RS03945
NZ_CP191073.1_|_locus_tag=ACP8K9_RS04500 -> NZ_CP191073.1_|_locus_tag_ACP8K9_RS04500
NZ_CP191073.1_|_locus_tag=ACP8K9_RS10940 -> NZ_CP191073.1_|_locus_tag_ACP8K9_RS10940
NZ_CP191073.1_|_locus_tag=ACP8K9_RS10955 -> NZ_CP191073.1_|_locus_tag_ACP8K9_RS10955
NZ_CP191073.1_|_locus_tag=ACP8K9_RS11205 -> NZ_CP191073.1_|_locus_tag_ACP8K9_RS11205
NZ_CP191067.1_|_locus_tag=ACP8LX_RS04485 -> NZ_CP191067.1_|_locus_tag_ACP8LX_RS04485
NZ_CP191038.1_|_locus_tag=ACP8MX_RS03835 -> NZ_CP191038.1_|_locus_tag_ACP8MX_RS03835
NZ_CP191038.1_|_locus_tag=ACP8MX_RS10970 -> NZ_CP191038.1_|_locus_tag_ACP8MX_RS10970
NZ_CP191038.1_|_locus_tag=ACP8MX_RS11235 -> NZ_CP191038.1_|_locus_tag_ACP8MX_RS11235
NZ_CP195124.1_|_locus_tag=ACR43Q_RS10695 -> NZ_CP195124.1_|_locus_tag_ACR43Q_RS10695
NZ_CP195124.1_|_locus_tag=ACR43Q_RS10945 -> NZ_CP195124.1_|_locus_tag_ACR43Q_RS10945
NZ_AP029227.1_|_locus_tag=ACZ5V5_RS10795 -> NZ_AP029227.1_|_locus_tag_ACZ5V5_RS10795
NZ_AP029227.1_|_locus_tag=ACZ5V5_RS10810 -> NZ_AP029227.1_|_locus_tag_ACZ5V5_RS10810
NZ_AP029231.1_|_locus_tag=ACZ5VA_RS04345 -> NZ_AP029231.1_|_locus_tag_ACZ5VA_RS04345
NZ_CP087413.1_|_locus_tag=LPB35_RS03950 -> NZ_CP087413.1_|_locus_tag_LPB35_RS03950
NZ_CP087413.1_|_locus_tag=LPB35_RS11315 -> NZ_CP087413.1_|_locus_tag_LPB35_RS11315
NZ_CP087397.1_|_locus_tag=LPA66_RS04365 -> NZ_CP087397.1_|_locus_tag_LPA66_RS04365
NZ_CP190977.1_|_locus_tag=ACP8M9_RS11475 -> NZ_CP190977.1_|_locus_tag_ACP8M9_RS11475
NZ_CP191067.1_|_locus_tag=ACP8LX_RS11250 -> NZ_CP191067.1_|_locus_tag_ACP8LX_RS11250
NZ_CP190841.1_|_locus_tag=ACP8LS_RS03935 -> NZ_CP190841.1_|_locus_tag_ACP8LS_RS03935
NZ_CP190841.1_|_locus_tag=ACP8LS_RS11600 -> NZ_CP190841.1_|_locus_tag_ACP8LS_RS11600
NZ_CP190841.1_|_locus_tag=ACP8LS_RS11875 -> NZ_CP190841.1_|_locus_tag_ACP8LS_RS11875
NZ_CP190841.1_|_locus_tag=ACP8LS_RS11615 -> NZ_CP190841.1_|_locus_tag_ACP8LS_RS11615
NZ_CP190841.1_|_locus_tag=ACP8LS_RS05130 -> NZ_CP190841.1_|_locus_tag_ACP8LS_RS05130
NZ_CP191136.1_|_locus_tag=ACP8I1_RS07275 -> NZ_CP191136.1_|_locus_tag_ACP8I1_RS07275
NZ_CP191102.1_|_locus_tag=ACP8K2_RS04480 -> NZ_CP191102.1_|_locus_tag_ACP8K2_RS04480
NZ_CP190877.1_|_locus_tag=ACP8I5_RS10985 -> NZ_CP190877.1_|_locus_tag_ACP8I5_RS10985
NZ_CP190871.1_|_locus_tag=ACP8KJ_RS10770 -> NZ_CP190871.1_|_locus_tag_ACP8KJ_RS10770
NZ_CP191043.1_|_locus_tag=ACP8ND_RS04765 -> NZ_CP191043.1_|_locus_tag_ACP8ND_RS04765
NZ_CP087395.1_|_locus_tag=LPB30_RS03890 -> NZ_CP087395.1_|_locus_tag_LPB30_RS03890
NZ_CP191043.1_|_locus_tag=ACP8ND_RS04195 -> NZ_CP191043.1_|_locus_tag_ACP8ND_RS04195
NZ_CP190871.1_|_locus_tag=ACP8KJ_RS11035 -> NZ_CP190871.1_|_locus_tag_ACP8KJ_RS11035
NZ_CP190877.1_|_locus_tag=ACP8I5_RS10720 -> NZ_CP190877.1_|_locus_tag_ACP8I5_RS10720
NZ_CP190877.1_|_locus_tag=ACP8I5_RS10735 -> NZ_CP190877.1_|_locus_tag_ACP8I5_RS10735
NZ_CP190871.1_|_locus_tag=ACP8KJ_RS10785 -> NZ_CP190871.1_|_locus_tag_ACP8KJ_RS10785
NZ_CP191043.1_|_locus_tag=ACP8ND_RS03680 -> NZ_CP191043.1_|_locus_tag_ACP8ND_RS03680
NZ_CP191043.1_|_locus_tag=ACP8ND_RS11155 -> NZ_CP191043.1_|_locus_tag_ACP8ND_RS11155
NZ_CP191043.1_|_locus_tag=ACP8ND_RS11170 -> NZ_CP191043.1_|_locus_tag_ACP8ND_RS11170
NZ_CP191043.1_|_locus_tag=ACP8ND_RS11420 -> NZ_CP191043.1_|_locus_tag_ACP8ND_RS11420
NZ_CP190877.1_|_locus_tag=ACP8I5_RS04695 -> NZ_CP190877.1_|_locus_tag_ACP8I5_RS04695
NZ_CP190871.1_|_locus_tag=ACP8KJ_RS04700 -> NZ_CP190871.1_|_locus_tag_ACP8KJ_RS04700
NZ_CP087397.1_|_locus_tag=LPA66_RS03880 -> NZ_CP087397.1_|_locus_tag_LPA66_RS03880
NZ_CP190877.1_|_locus_tag=ACP8I5_RS03565 -> NZ_CP190877.1_|_locus_tag_ACP8I5_RS03565
NZ_CP190871.1_|_locus_tag=ACP8KJ_RS03570 -> NZ_CP190871.1_|_locus_tag_ACP8KJ_RS03570
NZ_CP190853.1_|_locus_tag=ACP8MJ_RS04030 -> NZ_CP190853.1_|_locus_tag_ACP8MJ_RS04030
NZ_CP191067.1_|_locus_tag=ACP8LX_RS03885 -> NZ_CP191067.1_|_locus_tag_ACP8LX_RS03885
NZ_AP029227.1_|_locus_tag=ACZ5V5_RS04065 -> NZ_AP029227.1_|_locus_tag_ACZ5V5_RS04065
NZ_CP087416.1_|_locus_tag=LPA61_RS03945 -> NZ_CP087416.1_|_locus_tag_LPA61_RS03945
NZ_CP087409.1_|_locus_tag=LPB26_RS03945 -> NZ_CP087409.1_|_locus_tag_LPB26_RS03945
NZ_CP087402.1_|_locus_tag=LPA77_RS03955 -> NZ_CP087402.1_|_locus_tag_LPA77_RS03955
NZ_CP190877.1_|_locus_tag=ACP8I5_RS04080 -> NZ_CP190877.1_|_locus_tag_ACP8I5_RS04080
NZ_CP190871.1_|_locus_tag=ACP8KJ_RS04085 -> NZ_CP190871.1_|_locus_tag_ACP8KJ_RS04085
NZ_CP190856.1_|_locus_tag=ACP8MF_RS04300 -> NZ_CP190856.1_|_locus_tag_ACP8MF_RS04300
NZ_CP166525.1_|_locus_tag=AB6X74_RS04570 -> NZ_CP166525.1_|_locus_tag_AB6X74_RS04570
NZ_CP190357.1_|_locus_tag=N3P47_RS02405 -> NZ_CP190357.1_|_locus_tag_N3P47_RS02405
NZ_CP166528.1_|_locus_tag=AB6X57_RS10245 -> NZ_CP166528.1_|_locus_tag_AB6X57_RS10245
NZ_CP166534.1_|_locus_tag=AB6X48_RS02580 -> NZ_CP166534.1_|_locus_tag_AB6X48_RS02580
NZ_CP166530.1_|_locus_tag=AB6X80_RS09870 -> NZ_CP166530.1_|_locus_tag_AB6X80_RS09870
NZ_CP166577.1_|_locus_tag=AB6X62_RS05810 -> NZ_CP166577.1_|_locus_tag_AB6X62_RS05810
NZ_CP166525.1_|_locus_tag=AB6X74_RS10385 -> NZ_CP166525.1_|_locus_tag_AB6X74_RS10385
NZ_CP166554.1_|_locus_tag=AB6X89_RS09800 -> NZ_CP166554.1_|_locus_tag_AB6X89_RS09800
NZ_CP166533.1_|_locus_tag=AB6X95_RS09430 -> NZ_CP166533.1_|_locus_tag_AB6X95_RS09430
NZ_CP166525.1_|_locus_tag=AB6X74_RS11860 -> NZ_CP166525.1_|_locus_tag_AB6X74_RS11860
NZ_CP166524.1_|_locus_tag=AB6X68_RS09705 -> NZ_CP166524.1_|_locus_tag_AB6X68_RS09705
NZ_CP166532.1_|_locus_tag=AB6X60_RS09425 -> NZ_CP166532.1_|_locus_tag_AB6X60_RS09425
NZ_CP142803.1_|_locus_tag=VW783_RS04650 -> NZ_CP142803.1_|_locus_tag_VW783_RS04650
NZ_CP166563.1_|_locus_tag=AB6X69_RS11410 -> NZ_CP166563.1_|_locus_tag_AB6X69_RS11410
NZ_CP166542.1_|_locus_tag=AB6X49_RS02365 -> NZ_CP166542.1_|_locus_tag_AB6X49_RS02365
NZ_CP166857.1_|_locus_tag=ACA491_RS06870 -> NZ_CP166857.1_|_locus_tag_ACA491_RS06870
NZ_CP166858.1_|_locus_tag=ACA496_RS09850 -> NZ_CP166858.1_|_locus_tag_ACA496_RS09850
NZ_CP166856.1_|_locus_tag=ACA490_RS09520 -> NZ_CP166856.1_|_locus_tag_ACA490_RS09520
NZ_CP166855.1_|_locus_tag=ACA488_RS10485 -> NZ_CP166855.1_|_locus_tag_ACA488_RS10485
NZ_CP166854.1_|_locus_tag=ACA487_RS09375 -> NZ_CP166854.1_|_locus_tag_ACA487_RS09375
NZ_CP166853.1_|_locus_tag=ACA492_RS09340 -> NZ_CP166853.1_|_locus_tag_ACA492_RS09340
NZ_CP166852.1_|_locus_tag=ACA489_RS09625 -> NZ_CP166852.1_|_locus_tag_ACA489_RS09625
NZ_CP166552.1_|_locus_tag=AB6X53_RS02325 -> NZ_CP166552.1_|_locus_tag_AB6X53_RS02325
NZ_CP166538.1_|_locus_tag=AB6X71_RS02325 -> NZ_CP166538.1_|_locus_tag_AB6X71_RS02325
NZ_CP166536.1_|_locus_tag=AB6X61_RS02325 -> NZ_CP166536.1_|_locus_tag_AB6X61_RS02325
NZ_CP166534.1_|_locus_tag=AB6X48_RS02325 -> NZ_CP166534.1_|_locus_tag_AB6X48_RS02325
NZ_AP040286.1_|_locus_tag=ACZ354_RS02195 -> NZ_AP040286.1_|_locus_tag_ACZ354_RS02195
NZ_CP142804.1_|_locus_tag=VW782_RS11315 -> NZ_CP142804.1_|_locus_tag_VW782_RS11315
NZ_CP199996.1_|_locus_tag=ACUBUE_RS02085 -> NZ_CP199996.1_|_locus_tag_ACUBUE_RS02085
NZ_CP166862.1_|_locus_tag=ACA493_RS09050 -> NZ_CP166862.1_|_locus_tag_ACA493_RS09050
NZ_CP166547.1_|_locus_tag=AB6X94_RS02405 -> NZ_CP166547.1_|_locus_tag_AB6X94_RS02405
NZ_CP166548.1_|_locus_tag=AB6X44_RS02395 -> NZ_CP166548.1_|_locus_tag_AB6X44_RS02395
NZ_CP166509.1_|_locus_tag=AB6X63_RS02385 -> NZ_CP166509.1_|_locus_tag_AB6X63_RS02385
NZ_CP166507.1_|_locus_tag=AB6X50_RS02375 -> NZ_CP166507.1_|_locus_tag_AB6X50_RS02375
NZ_CP166506.1_|_locus_tag=AB6X78_RS02405 -> NZ_CP166506.1_|_locus_tag_AB6X78_RS02405
NZ_CP166567.1_|_locus_tag=AB6X76_RS02365 -> NZ_CP166567.1_|_locus_tag_AB6X76_RS02365
NZ_CP166565.1_|_locus_tag=AB6X77_RS02355 -> NZ_CP166565.1_|_locus_tag_AB6X77_RS02355
NZ_CP166540.1_|_locus_tag=AB6X82_RS02360 -> NZ_CP166540.1_|_locus_tag_AB6X82_RS02360
NZ_CP166860.1_|_locus_tag=ACA497_RS09585 -> NZ_CP166860.1_|_locus_tag_ACA497_RS09585
NZ_CP093064.1_|_locus_tag=MMZ60_RS10110 -> NZ_CP093064.1_|_locus_tag_MMZ60_RS10110
NZ_CP166853.1_|_locus_tag=ACA492_RS02560 -> NZ_CP166853.1_|_locus_tag_ACA492_RS02560
NZ_CP096462.1_|_locus_tag=M1D64_RS03620 -> NZ_CP096462.1_|_locus_tag_M1D64_RS03620
NZ_CP166542.1_|_locus_tag=AB6X49_RS02090 -> NZ_CP166542.1_|_locus_tag_AB6X49_RS02090
NZ_CP166540.1_|_locus_tag=AB6X82_RS02085 -> NZ_CP166540.1_|_locus_tag_AB6X82_RS02085
NZ_CP166577.1_|_locus_tag=AB6X62_RS04740 -> NZ_CP166577.1_|_locus_tag_AB6X62_RS04740
NZ_CP166575.1_|_locus_tag=AB6X81_RS04725 -> NZ_CP166575.1_|_locus_tag_AB6X81_RS04725
NZ_CP166559.1_|_locus_tag=AB6X87_RS10330 -> NZ_CP166559.1_|_locus_tag_AB6X87_RS10330
NZ_CP166557.1_|_locus_tag=AB6X64_RS10330 -> NZ_CP166557.1_|_locus_tag_AB6X64_RS10330
NZ_CP166555.1_|_locus_tag=AB6X65_RS10330 -> NZ_CP166555.1_|_locus_tag_AB6X65_RS10330
NZ_CP166544.1_|_locus_tag=AB6X43_RS11005 -> NZ_CP166544.1_|_locus_tag_AB6X43_RS11005
NZ_CP166520.1_|_locus_tag=AB6X83_RS10160 -> NZ_CP166520.1_|_locus_tag_AB6X83_RS10160
NZ_AP040284.1_|_locus_tag=ACZ35Y_RS10535 -> NZ_AP040284.1_|_locus_tag_ACZ35Y_RS10535
NZ_AP040287.1_|_locus_tag=ACZ5SG_RS10435 -> NZ_AP040287.1_|_locus_tag_ACZ5SG_RS10435
NZ_CP180165.1_|_locus_tag=ACMTNW_RS11035 -> NZ_CP180165.1_|_locus_tag_ACMTNW_RS11035
NZ_CP195881.1_|_locus_tag=ACSNDX_RS14370 -> NZ_CP195881.1_|_locus_tag_ACSNDX_RS14370
NZ_CP195878.1_|_locus_tag=ACSLFG_RS08445 -> NZ_CP195878.1_|_locus_tag_ACSLFG_RS08445
NZ_CP166575.1_|_locus_tag=AB6X81_RS13425 -> NZ_CP166575.1_|_locus_tag_AB6X81_RS13425
NZ_CP166557.1_|_locus_tag=AB6X64_RS02230 -> NZ_CP166557.1_|_locus_tag_AB6X64_RS02230
NZ_CP166555.1_|_locus_tag=AB6X65_RS02230 -> NZ_CP166555.1_|_locus_tag_AB6X65_RS02230
NZ_CP166544.1_|_locus_tag=AB6X43_RS02250 -> NZ_CP166544.1_|_locus_tag_AB6X43_RS02250
NZ_CP166520.1_|_locus_tag=AB6X83_RS02125 -> NZ_CP166520.1_|_locus_tag_AB6X83_RS02125
NZ_CP166515.1_|_locus_tag=AB6X90_RS02640 -> NZ_CP166515.1_|_locus_tag_AB6X90_RS02640
NZ_CP166514.1_|_locus_tag=AB6X72_RS02645 -> NZ_CP166514.1_|_locus_tag_AB6X72_RS02645
NZ_AP040284.1_|_locus_tag=ACZ35Y_RS02380 -> NZ_AP040284.1_|_locus_tag_ACZ35Y_RS02380
NZ_AP040287.1_|_locus_tag=ACZ5SG_RS02385 -> NZ_AP040287.1_|_locus_tag_ACZ5SG_RS02385
NZ_CP180165.1_|_locus_tag=ACMTNW_RS02440 -> NZ_CP180165.1_|_locus_tag_ACMTNW_RS02440
NZ_CP087451.1_|_locus_tag=LPA74_RS02560 -> NZ_CP087451.1_|_locus_tag_LPA74_RS02560
NZ_CP087449.1_|_locus_tag=LPB34_RS02570 -> NZ_CP087449.1_|_locus_tag_LPB34_RS02570
NZ_CP087447.1_|_locus_tag=LPB22_RS02565 -> NZ_CP087447.1_|_locus_tag_LPB22_RS02565
NZ_CP087444.1_|_locus_tag=LPB14_RS02270 -> NZ_CP087444.1_|_locus_tag_LPB14_RS02270
NZ_CP195881.1_|_locus_tag=ACSNDX_RS08450 -> NZ_CP195881.1_|_locus_tag_ACSNDX_RS08450
NZ_CP166571.1_|_locus_tag=AB6X92_RS11130 -> NZ_CP166571.1_|_locus_tag_AB6X92_RS11130
NZ_CP166569.1_|_locus_tag=AB6X75_RS11125 -> NZ_CP166569.1_|_locus_tag_AB6X75_RS11125
NZ_CP166517.1_|_locus_tag=AB6X55_RS11100 -> NZ_CP166517.1_|_locus_tag_AB6X55_RS11100
NZ_CP166513.1_|_locus_tag=AB6X73_RS10730 -> NZ_CP166513.1_|_locus_tag_AB6X73_RS10730
NZ_CP166512.1_|_locus_tag=AB6X86_RS10730 -> NZ_CP166512.1_|_locus_tag_AB6X86_RS10730
NZ_CP166511.1_|_locus_tag=AB6X96_RS10730 -> NZ_CP166511.1_|_locus_tag_AB6X96_RS10730
NZ_CP195878.1_|_locus_tag=ACSLFG_RS08170 -> NZ_CP195878.1_|_locus_tag_ACSLFG_RS08170
NZ_CP180165.1_|_locus_tag=ACMTNW_RS02715 -> NZ_CP180165.1_|_locus_tag_ACMTNW_RS02715
NZ_CP195881.1_|_locus_tag=ACSNDX_RS08175 -> NZ_CP195881.1_|_locus_tag_ACSNDX_RS08175
NZ_CP195881.1_|_locus_tag=ACSNDX_RS08195 -> NZ_CP195881.1_|_locus_tag_ACSNDX_RS08195
NZ_CP190843.1_|_locus_tag=ACP8JA_RS02405 -> NZ_CP190843.1_|_locus_tag_ACP8JA_RS02405
NZ_CP166574.1_|_locus_tag=AB6X59_RS02420 -> NZ_CP166574.1_|_locus_tag_AB6X59_RS02420
NZ_CP166573.1_|_locus_tag=AB6X54_RS02420 -> NZ_CP166573.1_|_locus_tag_AB6X54_RS02420
NZ_CP166547.1_|_locus_tag=AB6X94_RS02660 -> NZ_CP166547.1_|_locus_tag_AB6X94_RS02660
NZ_CP166548.1_|_locus_tag=AB6X44_RS02650 -> NZ_CP166548.1_|_locus_tag_AB6X44_RS02650
NZ_CP166509.1_|_locus_tag=AB6X63_RS02640 -> NZ_CP166509.1_|_locus_tag_AB6X63_RS02640
NZ_CP166507.1_|_locus_tag=AB6X50_RS02630 -> NZ_CP166507.1_|_locus_tag_AB6X50_RS02630
NZ_CP166506.1_|_locus_tag=AB6X78_RS02660 -> NZ_CP166506.1_|_locus_tag_AB6X78_RS02660
NZ_AP040286.1_|_locus_tag=ACZ354_RS02450 -> NZ_AP040286.1_|_locus_tag_ACZ354_RS02450
NZ_CP199996.1_|_locus_tag=ACUBUE_RS02340 -> NZ_CP199996.1_|_locus_tag_ACUBUE_RS02340
NZ_CP191062.1_|_locus_tag=ACP8K4_RS02450 -> NZ_CP191062.1_|_locus_tag_ACP8K4_RS02450
NZ_CP191061.1_|_locus_tag=ACP8KY_RS02430 -> NZ_CP191061.1_|_locus_tag_ACP8KY_RS02430
NZ_CP191062.1_|_locus_tag=ACP8K4_RS02430 -> NZ_CP191062.1_|_locus_tag_ACP8K4_RS02430
NZ_CP191059.1_|_locus_tag=ACP8MQ_RS02430 -> NZ_CP191059.1_|_locus_tag_ACP8MQ_RS02430
NZ_AP040284.1_|_locus_tag=ACZ35Y_RS09470 -> NZ_AP040284.1_|_locus_tag_ACZ35Y_RS09470
NZ_AP040287.1_|_locus_tag=ACZ5SG_RS09370 -> NZ_AP040287.1_|_locus_tag_ACZ5SG_RS09370
NZ_CP166858.1_|_locus_tag=ACA496_RS02450 -> NZ_CP166858.1_|_locus_tag_ACA496_RS02450
NZ_CP166857.1_|_locus_tag=ACA491_RS14015 -> NZ_CP166857.1_|_locus_tag_ACA491_RS14015
NZ_CP166857.1_|_locus_tag=ACA491_RS14290 -> NZ_CP166857.1_|_locus_tag_ACA491_RS14290
NZ_CP166856.1_|_locus_tag=ACA490_RS02410 -> NZ_CP166856.1_|_locus_tag_ACA490_RS02410
NZ_CP166855.1_|_locus_tag=ACA488_RS02285 -> NZ_CP166855.1_|_locus_tag_ACA488_RS02285
NZ_CP166854.1_|_locus_tag=ACA487_RS02285 -> NZ_CP166854.1_|_locus_tag_ACA487_RS02285
NZ_CP166853.1_|_locus_tag=ACA492_RS02285 -> NZ_CP166853.1_|_locus_tag_ACA492_RS02285
NZ_CP166852.1_|_locus_tag=ACA489_RS02405 -> NZ_CP166852.1_|_locus_tag_ACA489_RS02405
NZ_CP166865.1_|_locus_tag=ACA498_RS02400 -> NZ_CP166865.1_|_locus_tag_ACA498_RS02400
NZ_CP166865.1_|_locus_tag=ACA498_RS02420 -> NZ_CP166865.1_|_locus_tag_ACA498_RS02420
NZ_CP199774.1_|_locus_tag=ACUHZX_RS00830 -> NZ_CP199774.1_|_locus_tag_ACUHZX_RS00830
NZ_CP093064.1_|_locus_tag=MMZ60_RS02290 -> NZ_CP093064.1_|_locus_tag_MMZ60_RS02290
NZ_AP044060.1_|_locus_tag=ACZ5OM_RS09545 -> NZ_AP044060.1_|_locus_tag_ACZ5OM_RS09545
NZ_AP044062.1_|_locus_tag=ACZ5K1_RS04720 -> NZ_AP044062.1_|_locus_tag_ACZ5K1_RS04720
NZ_CP087451.1_|_locus_tag=LPA74_RS12095 -> NZ_CP087451.1_|_locus_tag_LPA74_RS12095
NZ_AP044063.1_|_locus_tag=ACZ41Y_RS02360 -> NZ_AP044063.1_|_locus_tag_ACZ41Y_RS02360
NZ_AP041587.1_|_locus_tag=ACZ5QC_RS02470 -> NZ_AP041587.1_|_locus_tag_ACZ5QC_RS02470
NZ_AP043709.1_|_locus_tag=ACZ471_RS11675 -> NZ_AP043709.1_|_locus_tag_ACZ471_RS11675
NZ_CP087437.1_|_locus_tag=LPA86_RS11165 -> NZ_CP087437.1_|_locus_tag_LPA86_RS11165
NZ_CP087435.1_|_locus_tag=LPA64_RS11165 -> NZ_CP087435.1_|_locus_tag_LPA64_RS11165
NZ_CP087446.1_|_locus_tag=LPB37_RS11265 -> NZ_CP087446.1_|_locus_tag_LPB37_RS11265
NZ_AP043700.1_|_locus_tag=ACZ49O_RS01400 -> NZ_AP043700.1_|_locus_tag_ACZ49O_RS01400
NZ_CP087442.1_|_locus_tag=LPB05_RS10795 -> NZ_CP087442.1_|_locus_tag_LPB05_RS10795
NZ_CP087441.1_|_locus_tag=LPA95_RS10805 -> NZ_CP087441.1_|_locus_tag_LPA95_RS10805
NZ_CP087439.1_|_locus_tag=LPB17_RS10815 -> NZ_CP087439.1_|_locus_tag_LPB17_RS10815
NZ_CP087432.1_|_locus_tag=LPA89_RS11175 -> NZ_CP087432.1_|_locus_tag_LPA89_RS11175
NZ_CP087449.1_|_locus_tag=LPB34_RS11665 -> NZ_CP087449.1_|_locus_tag_LPB34_RS11665
NZ_CP087447.1_|_locus_tag=LPB22_RS11650 -> NZ_CP087447.1_|_locus_tag_LPB22_RS11650
NZ_CP166861.1_|_locus_tag=ACA499_RS02405 -> NZ_CP166861.1_|_locus_tag_ACA499_RS02405
NZ_AP044060.1_|_locus_tag=ACZ5OM_RS10615 -> NZ_AP044060.1_|_locus_tag_ACZ5OM_RS10615
NZ_AP044062.1_|_locus_tag=ACZ5K1_RS10615 -> NZ_AP044062.1_|_locus_tag_ACZ5K1_RS10615
NZ_CP166858.1_|_locus_tag=ACA496_RS11515 -> NZ_CP166858.1_|_locus_tag_ACA496_RS11515
NZ_CP166857.1_|_locus_tag=ACA491_RS04850 -> NZ_CP166857.1_|_locus_tag_ACA491_RS04850
NZ_CP166856.1_|_locus_tag=ACA490_RS11185 -> NZ_CP166856.1_|_locus_tag_ACA490_RS11185
NZ_CP166855.1_|_locus_tag=ACA488_RS12160 -> NZ_CP166855.1_|_locus_tag_ACA488_RS12160
NZ_CP166854.1_|_locus_tag=ACA487_RS11400 -> NZ_CP166854.1_|_locus_tag_ACA487_RS11400
NZ_CP166853.1_|_locus_tag=ACA492_RS11010 -> NZ_CP166853.1_|_locus_tag_ACA492_RS11010
NZ_CP166852.1_|_locus_tag=ACA489_RS11290 -> NZ_CP166852.1_|_locus_tag_ACA489_RS11290
NZ_AP044062.1_|_locus_tag=ACZ5K1_RS02310 -> NZ_AP044062.1_|_locus_tag_ACZ5K1_RS02310
NZ_CP166524.1_|_locus_tag=AB6X68_RS02400 -> NZ_CP166524.1_|_locus_tag_AB6X68_RS02400
NZ_AP040284.1_|_locus_tag=ACZ35Y_RS02635 -> NZ_AP040284.1_|_locus_tag_ACZ35Y_RS02635
NZ_AP040287.1_|_locus_tag=ACZ5SG_RS02640 -> NZ_AP040287.1_|_locus_tag_ACZ5SG_RS02640
NZ_CP166574.1_|_locus_tag=AB6X59_RS02160 -> NZ_CP166574.1_|_locus_tag_AB6X59_RS02160
NZ_CP166573.1_|_locus_tag=AB6X54_RS02160 -> NZ_CP166573.1_|_locus_tag_AB6X54_RS02160
NZ_CP166546.1_|_locus_tag=AB6X58_RS02780 -> NZ_CP166546.1_|_locus_tag_AB6X58_RS02780
NZ_CP166864.1_|_locus_tag=ACA495_RS02430 -> NZ_CP166864.1_|_locus_tag_ACA495_RS02430
NZ_CP166863.1_|_locus_tag=ACA494_RS02450 -> NZ_CP166863.1_|_locus_tag_ACA494_RS02450
NZ_CP166861.1_|_locus_tag=ACA499_RS02425 -> NZ_CP166861.1_|_locus_tag_ACA499_RS02425
NZ_CP166860.1_|_locus_tag=ACA497_RS02540 -> NZ_CP166860.1_|_locus_tag_ACA497_RS02540
NZ_CP166860.1_|_locus_tag=ACA497_RS02560 -> NZ_CP166860.1_|_locus_tag_ACA497_RS02560
NZ_CP166859.1_|_locus_tag=ACA486_RS02510 -> NZ_CP166859.1_|_locus_tag_ACA486_RS02510
NZ_CP166551.1_|_locus_tag=AB6X51_RS02455 -> NZ_CP166551.1_|_locus_tag_AB6X51_RS02455
NZ_CP166550.1_|_locus_tag=AB6X85_RS02455 -> NZ_CP166550.1_|_locus_tag_AB6X85_RS02455
NZ_CP166549.1_|_locus_tag=AB6X66_RS02455 -> NZ_CP166549.1_|_locus_tag_AB6X66_RS02455
NZ_CP190843.1_|_locus_tag=ACP8JA_RS02145 -> NZ_CP190843.1_|_locus_tag_ACP8JA_RS02145
NZ_CP190843.1_|_locus_tag=ACP8JA_RS02425 -> NZ_CP190843.1_|_locus_tag_ACP8JA_RS02425
NZ_CP190843.1_|_locus_tag=ACP8JA_RS09060 -> NZ_CP190843.1_|_locus_tag_ACP8JA_RS09060
NZ_CP190843.1_|_locus_tag=ACP8JA_RS10080 -> NZ_CP190843.1_|_locus_tag_ACP8JA_RS10080
NZ_CP190843.1_|_locus_tag=ACP8JA_RS10640 -> NZ_CP190843.1_|_locus_tag_ACP8JA_RS10640
NZ_CP191061.1_|_locus_tag=ACP8KY_RS02175 -> NZ_CP191061.1_|_locus_tag_ACP8KY_RS02175
NZ_CP191061.1_|_locus_tag=ACP8KY_RS10745 -> NZ_CP191061.1_|_locus_tag_ACP8KY_RS10745
NZ_CP191062.1_|_locus_tag=ACP8K4_RS02175 -> NZ_CP191062.1_|_locus_tag_ACP8K4_RS02175
NZ_CP191062.1_|_locus_tag=ACP8K4_RS09175 -> NZ_CP191062.1_|_locus_tag_ACP8K4_RS09175
NZ_CP191062.1_|_locus_tag=ACP8K4_RS10180 -> NZ_CP191062.1_|_locus_tag_ACP8K4_RS10180
NZ_CP191062.1_|_locus_tag=ACP8K4_RS10745 -> NZ_CP191062.1_|_locus_tag_ACP8K4_RS10745
NZ_CP191059.1_|_locus_tag=ACP8MQ_RS02175 -> NZ_CP191059.1_|_locus_tag_ACP8MQ_RS02175
NZ_CP191059.1_|_locus_tag=ACP8MQ_RS09175 -> NZ_CP191059.1_|_locus_tag_ACP8MQ_RS09175
NZ_CP191059.1_|_locus_tag=ACP8MQ_RS10180 -> NZ_CP191059.1_|_locus_tag_ACP8MQ_RS10180
NZ_CP191059.1_|_locus_tag=ACP8MQ_RS10745 -> NZ_CP191059.1_|_locus_tag_ACP8MQ_RS10745
NZ_CP195878.1_|_locus_tag=ACSLFG_RS00950 -> NZ_CP195878.1_|_locus_tag_ACSLFG_RS00950
NZ_CP195878.1_|_locus_tag=ACSLFG_RS08190 -> NZ_CP195878.1_|_locus_tag_ACSLFG_RS08190
NZ_CP195878.1_|_locus_tag=ACSLFG_RS13785 -> NZ_CP195878.1_|_locus_tag_ACSLFG_RS13785
NZ_CP195878.1_|_locus_tag=ACSLFG_RS14360 -> NZ_CP195878.1_|_locus_tag_ACSLFG_RS14360
NZ_CP166577.1_|_locus_tag=AB6X62_RS04165 -> NZ_CP166577.1_|_locus_tag_AB6X62_RS04165
NZ_CP166577.1_|_locus_tag=AB6X62_RS13070 -> NZ_CP166577.1_|_locus_tag_AB6X62_RS13070
NZ_CP166575.1_|_locus_tag=AB6X81_RS04150 -> NZ_CP166575.1_|_locus_tag_AB6X81_RS04150
NZ_CP166575.1_|_locus_tag=AB6X81_RS13160 -> NZ_CP166575.1_|_locus_tag_AB6X81_RS13160
NZ_CP166574.1_|_locus_tag=AB6X59_RS10685 -> NZ_CP166574.1_|_locus_tag_AB6X59_RS10685
NZ_CP166573.1_|_locus_tag=AB6X54_RS02440 -> NZ_CP166573.1_|_locus_tag_AB6X54_RS02440
NZ_CP166573.1_|_locus_tag=AB6X54_RS10685 -> NZ_CP166573.1_|_locus_tag_AB6X54_RS10685
NZ_CP166567.1_|_locus_tag=AB6X76_RS02090 -> NZ_CP166567.1_|_locus_tag_AB6X76_RS02090
NZ_CP166565.1_|_locus_tag=AB6X77_RS02080 -> NZ_CP166565.1_|_locus_tag_AB6X77_RS02080
NZ_CP166564.1_|_locus_tag=AB6X84_RS04480 -> NZ_CP166564.1_|_locus_tag_AB6X84_RS04480
NZ_CP166563.1_|_locus_tag=AB6X69_RS02140 -> NZ_CP166563.1_|_locus_tag_AB6X69_RS02140
NZ_CP166563.1_|_locus_tag=AB6X69_RS02395 -> NZ_CP166563.1_|_locus_tag_AB6X69_RS02395
NZ_CP166563.1_|_locus_tag=AB6X69_RS02415 -> NZ_CP166563.1_|_locus_tag_AB6X69_RS02415
NZ_CP166563.1_|_locus_tag=AB6X69_RS09715 -> NZ_CP166563.1_|_locus_tag_AB6X69_RS09715
NZ_CP166563.1_|_locus_tag=AB6X69_RS10835 -> NZ_CP166563.1_|_locus_tag_AB6X69_RS10835
NZ_CP166562.1_|_locus_tag=AB6X56_RS02165 -> NZ_CP166562.1_|_locus_tag_AB6X56_RS02165
NZ_CP166562.1_|_locus_tag=AB6X56_RS10695 -> NZ_CP166562.1_|_locus_tag_AB6X56_RS10695
NZ_CP166559.1_|_locus_tag=AB6X87_RS02485 -> NZ_CP166559.1_|_locus_tag_AB6X87_RS02485
NZ_CP166559.1_|_locus_tag=AB6X87_RS02505 -> NZ_CP166559.1_|_locus_tag_AB6X87_RS02505
NZ_CP166559.1_|_locus_tag=AB6X87_RS10905 -> NZ_CP166559.1_|_locus_tag_AB6X87_RS10905
NZ_CP166561.1_|_locus_tag=AB6X45_RS02165 -> NZ_CP166561.1_|_locus_tag_AB6X45_RS02165
NZ_CP166561.1_|_locus_tag=AB6X45_RS02445 -> NZ_CP166561.1_|_locus_tag_AB6X45_RS02445
NZ_CP166561.1_|_locus_tag=AB6X45_RS10695 -> NZ_CP166561.1_|_locus_tag_AB6X45_RS10695
NZ_CP166557.1_|_locus_tag=AB6X64_RS02485 -> NZ_CP166557.1_|_locus_tag_AB6X64_RS02485
NZ_CP166557.1_|_locus_tag=AB6X64_RS02505 -> NZ_CP166557.1_|_locus_tag_AB6X64_RS02505
NZ_CP166557.1_|_locus_tag=AB6X64_RS10905 -> NZ_CP166557.1_|_locus_tag_AB6X64_RS10905
NZ_CP166555.1_|_locus_tag=AB6X65_RS02485 -> NZ_CP166555.1_|_locus_tag_AB6X65_RS02485
NZ_CP166555.1_|_locus_tag=AB6X65_RS02505 -> NZ_CP166555.1_|_locus_tag_AB6X65_RS02505
NZ_CP166555.1_|_locus_tag=AB6X65_RS10905 -> NZ_CP166555.1_|_locus_tag_AB6X65_RS10905
NZ_CP166552.1_|_locus_tag=AB6X53_RS02580 -> NZ_CP166552.1_|_locus_tag_AB6X53_RS02580
NZ_CP166552.1_|_locus_tag=AB6X53_RS02600 -> NZ_CP166552.1_|_locus_tag_AB6X53_RS02600
NZ_CP166552.1_|_locus_tag=AB6X53_RS11090 -> NZ_CP166552.1_|_locus_tag_AB6X53_RS11090
NZ_CP166551.1_|_locus_tag=AB6X51_RS02710 -> NZ_CP166551.1_|_locus_tag_AB6X51_RS02710
NZ_CP166551.1_|_locus_tag=AB6X51_RS02730 -> NZ_CP166551.1_|_locus_tag_AB6X51_RS02730
NZ_CP166551.1_|_locus_tag=AB6X51_RS11005 -> NZ_CP166551.1_|_locus_tag_AB6X51_RS11005
NZ_CP166551.1_|_locus_tag=AB6X51_RS11575 -> NZ_CP166551.1_|_locus_tag_AB6X51_RS11575
NZ_CP166550.1_|_locus_tag=AB6X85_RS02710 -> NZ_CP166550.1_|_locus_tag_AB6X85_RS02710
NZ_CP166550.1_|_locus_tag=AB6X85_RS02730 -> NZ_CP166550.1_|_locus_tag_AB6X85_RS02730
NZ_CP166550.1_|_locus_tag=AB6X85_RS11030 -> NZ_CP166550.1_|_locus_tag_AB6X85_RS11030
NZ_CP166550.1_|_locus_tag=AB6X85_RS11600 -> NZ_CP166550.1_|_locus_tag_AB6X85_RS11600
NZ_CP166549.1_|_locus_tag=AB6X66_RS02710 -> NZ_CP166549.1_|_locus_tag_AB6X66_RS02710
NZ_CP166549.1_|_locus_tag=AB6X66_RS02730 -> NZ_CP166549.1_|_locus_tag_AB6X66_RS02730
NZ_CP166549.1_|_locus_tag=AB6X66_RS11010 -> NZ_CP166549.1_|_locus_tag_AB6X66_RS11010
NZ_CP166549.1_|_locus_tag=AB6X66_RS11580 -> NZ_CP166549.1_|_locus_tag_AB6X66_RS11580
NZ_CP166547.1_|_locus_tag=AB6X94_RS11620 -> NZ_CP166547.1_|_locus_tag_AB6X94_RS11620
NZ_CP166548.1_|_locus_tag=AB6X44_RS11595 -> NZ_CP166548.1_|_locus_tag_AB6X44_RS11595
NZ_CP166546.1_|_locus_tag=AB6X58_RS02505 -> NZ_CP166546.1_|_locus_tag_AB6X58_RS02505
NZ_CP166546.1_|_locus_tag=AB6X58_RS02760 -> NZ_CP166546.1_|_locus_tag_AB6X58_RS02760
NZ_CP166546.1_|_locus_tag=AB6X58_RS11195 -> NZ_CP166546.1_|_locus_tag_AB6X58_RS11195
NZ_CP166544.1_|_locus_tag=AB6X43_RS02505 -> NZ_CP166544.1_|_locus_tag_AB6X43_RS02505
NZ_CP166544.1_|_locus_tag=AB6X43_RS11580 -> NZ_CP166544.1_|_locus_tag_AB6X43_RS11580
NZ_CP166538.1_|_locus_tag=AB6X71_RS02580 -> NZ_CP166538.1_|_locus_tag_AB6X71_RS02580
NZ_CP166538.1_|_locus_tag=AB6X71_RS02600 -> NZ_CP166538.1_|_locus_tag_AB6X71_RS02600
NZ_CP166538.1_|_locus_tag=AB6X71_RS11090 -> NZ_CP166538.1_|_locus_tag_AB6X71_RS11090
NZ_CP166536.1_|_locus_tag=AB6X61_RS02580 -> NZ_CP166536.1_|_locus_tag_AB6X61_RS02580
NZ_CP166536.1_|_locus_tag=AB6X61_RS02600 -> NZ_CP166536.1_|_locus_tag_AB6X61_RS02600
NZ_CP166536.1_|_locus_tag=AB6X61_RS11090 -> NZ_CP166536.1_|_locus_tag_AB6X61_RS11090
NZ_CP166534.1_|_locus_tag=AB6X48_RS02600 -> NZ_CP166534.1_|_locus_tag_AB6X48_RS02600
NZ_CP166534.1_|_locus_tag=AB6X48_RS11090 -> NZ_CP166534.1_|_locus_tag_AB6X48_RS11090
NZ_CP166533.1_|_locus_tag=AB6X95_RS02160 -> NZ_CP166533.1_|_locus_tag_AB6X95_RS02160
NZ_CP166533.1_|_locus_tag=AB6X95_RS02435 -> NZ_CP166533.1_|_locus_tag_AB6X95_RS02435
NZ_CP166533.1_|_locus_tag=AB6X95_RS10875 -> NZ_CP166533.1_|_locus_tag_AB6X95_RS10875
NZ_CP166533.1_|_locus_tag=AB6X95_RS11450 -> NZ_CP166533.1_|_locus_tag_AB6X95_RS11450
NZ_CP166528.1_|_locus_tag=AB6X57_RS04290 -> NZ_CP166528.1_|_locus_tag_AB6X57_RS04290
NZ_CP166526.1_|_locus_tag=AB6X52_RS02390 -> NZ_CP166526.1_|_locus_tag_AB6X52_RS02390
NZ_CP166526.1_|_locus_tag=AB6X52_RS10720 -> NZ_CP166526.1_|_locus_tag_AB6X52_RS10720
NZ_CP166525.1_|_locus_tag=AB6X74_RS09810 -> NZ_CP166525.1_|_locus_tag_AB6X74_RS09810
NZ_CP166524.1_|_locus_tag=AB6X68_RS02145 -> NZ_CP166524.1_|_locus_tag_AB6X68_RS02145
NZ_CP166524.1_|_locus_tag=AB6X68_RS02420 -> NZ_CP166524.1_|_locus_tag_AB6X68_RS02420
NZ_CP166524.1_|_locus_tag=AB6X68_RS11745 -> NZ_CP166524.1_|_locus_tag_AB6X68_RS11745
NZ_CP166532.1_|_locus_tag=AB6X60_RS02160 -> NZ_CP166532.1_|_locus_tag_AB6X60_RS02160
NZ_CP166532.1_|_locus_tag=AB6X60_RS02435 -> NZ_CP166532.1_|_locus_tag_AB6X60_RS02435
NZ_CP166532.1_|_locus_tag=AB6X60_RS10875 -> NZ_CP166532.1_|_locus_tag_AB6X60_RS10875
NZ_CP166532.1_|_locus_tag=AB6X60_RS11450 -> NZ_CP166532.1_|_locus_tag_AB6X60_RS11450
NZ_CP166522.1_|_locus_tag=AB6X88_RS02375 -> NZ_CP166522.1_|_locus_tag_AB6X88_RS02375
NZ_CP166522.1_|_locus_tag=AB6X88_RS02395 -> NZ_CP166522.1_|_locus_tag_AB6X88_RS02395
NZ_CP166522.1_|_locus_tag=AB6X88_RS10725 -> NZ_CP166522.1_|_locus_tag_AB6X88_RS10725
NZ_CP166520.1_|_locus_tag=AB6X83_RS02400 -> NZ_CP166520.1_|_locus_tag_AB6X83_RS02400
NZ_CP166520.1_|_locus_tag=AB6X83_RS10735 -> NZ_CP166520.1_|_locus_tag_AB6X83_RS10735
NZ_CP166515.1_|_locus_tag=AB6X90_RS02895 -> NZ_CP166515.1_|_locus_tag_AB6X90_RS02895
NZ_CP166515.1_|_locus_tag=AB6X90_RS03945 -> NZ_CP166515.1_|_locus_tag_AB6X90_RS03945
NZ_CP166514.1_|_locus_tag=AB6X72_RS02900 -> NZ_CP166514.1_|_locus_tag_AB6X72_RS02900
NZ_CP166514.1_|_locus_tag=AB6X72_RS03950 -> NZ_CP166514.1_|_locus_tag_AB6X72_RS03950
NZ_CP166509.1_|_locus_tag=AB6X63_RS11420 -> NZ_CP166509.1_|_locus_tag_AB6X63_RS11420
NZ_CP166507.1_|_locus_tag=AB6X50_RS11410 -> NZ_CP166507.1_|_locus_tag_AB6X50_RS11410
NZ_CP166506.1_|_locus_tag=AB6X78_RS11620 -> NZ_CP166506.1_|_locus_tag_AB6X78_RS11620
NZ_CP092999.1_|_locus_tag=MM174_RS04800 -> NZ_CP092999.1_|_locus_tag_MM174_RS04800
NZ_CP092999.1_|_locus_tag=MM174_RS04820 -> NZ_CP092999.1_|_locus_tag_MM174_RS04820
NZ_CP092999.1_|_locus_tag=MM174_RS05080 -> NZ_CP092999.1_|_locus_tag_MM174_RS05080
NZ_CP092999.1_|_locus_tag=MM174_RS10490 -> NZ_CP092999.1_|_locus_tag_MM174_RS10490
NZ_CP092999.1_|_locus_tag=MM174_RS11135 -> NZ_CP092999.1_|_locus_tag_MM174_RS11135
NZ_CP092999.1_|_locus_tag=MM174_RS11785 -> NZ_CP092999.1_|_locus_tag_MM174_RS11785
NZ_OY725415.1_|_locus_tag=AC1U0L_RS00035 -> NZ_OY725415.1_|_locus_tag_AC1U0L_RS00035
NZ_OY725415.1_|_locus_tag=AC1U0L_RS00290 -> NZ_OY725415.1_|_locus_tag_AC1U0L_RS00290
NZ_OY725415.1_|_locus_tag=AC1U0L_RS05270 -> NZ_OY725415.1_|_locus_tag_AC1U0L_RS05270
NZ_CP182574.1_|_locus_tag=ACNFVN_RS02165 -> NZ_CP182574.1_|_locus_tag_ACNFVN_RS02165
NZ_CP182574.1_|_locus_tag=ACNFVN_RS02420 -> NZ_CP182574.1_|_locus_tag_ACNFVN_RS02420
NZ_CP182574.1_|_locus_tag=ACNFVN_RS10340 -> NZ_CP182574.1_|_locus_tag_ACNFVN_RS10340
NZ_CP182574.1_|_locus_tag=ACNFVN_RS10905 -> NZ_CP182574.1_|_locus_tag_ACNFVN_RS10905
NZ_AP041589.1_|_locus_tag=ACZ50H_RS02280 -> NZ_AP041589.1_|_locus_tag_ACZ50H_RS02280
NZ_AP041589.1_|_locus_tag=ACZ50H_RS02555 -> NZ_AP041589.1_|_locus_tag_ACZ50H_RS02555
NZ_AP041589.1_|_locus_tag=ACZ50H_RS10990 -> NZ_AP041589.1_|_locus_tag_ACZ50H_RS10990
NZ_AP040284.1_|_locus_tag=ACZ35Y_RS11110 -> NZ_AP040284.1_|_locus_tag_ACZ35Y_RS11110
NZ_AP040285.1_|_locus_tag=ACZ5U7_RS02440 -> NZ_AP040285.1_|_locus_tag_ACZ5U7_RS02440
NZ_AP040286.1_|_locus_tag=ACZ354_RS02470 -> NZ_AP040286.1_|_locus_tag_ACZ354_RS02470
NZ_AP040286.1_|_locus_tag=ACZ354_RS10705 -> NZ_AP040286.1_|_locus_tag_ACZ354_RS10705
NZ_AP040287.1_|_locus_tag=ACZ5SG_RS02655 -> NZ_AP040287.1_|_locus_tag_ACZ5SG_RS02655
NZ_AP040287.1_|_locus_tag=ACZ5SG_RS11010 -> NZ_AP040287.1_|_locus_tag_ACZ5SG_RS11010
NZ_AP040288.1_|_locus_tag=ACZ5SY_RS02555 -> NZ_AP040288.1_|_locus_tag_ACZ5SY_RS02555
NZ_AP040291.1_|_locus_tag=ACZ5SD_RS02555 -> NZ_AP040291.1_|_locus_tag_ACZ5SD_RS02555
NZ_AP040293.1_|_locus_tag=ACZ5R0_RS02545 -> NZ_AP040293.1_|_locus_tag_ACZ5R0_RS02545
NZ_AP041587.1_|_locus_tag=ACZ5QC_RS02195 -> NZ_AP041587.1_|_locus_tag_ACZ5QC_RS02195
NZ_AP041587.1_|_locus_tag=ACZ5QC_RS11195 -> NZ_AP041587.1_|_locus_tag_ACZ5QC_RS11195
NZ_AP040295.1_|_locus_tag=ACZ5QS_RS02565 -> NZ_AP040295.1_|_locus_tag_ACZ5QS_RS02565
NZ_AP040296.1_|_locus_tag=ACZ5PY_RS02545 -> NZ_AP040296.1_|_locus_tag_ACZ5PY_RS02545
NZ_AP040298.1_|_locus_tag=ACZ5PR_RS02245 -> NZ_AP040298.1_|_locus_tag_ACZ5PR_RS02245
NZ_AP044060.1_|_locus_tag=ACZ5OM_RS02320 -> NZ_AP044060.1_|_locus_tag_ACZ5OM_RS02320
NZ_AP044062.1_|_locus_tag=ACZ5K1_RS02035 -> NZ_AP044062.1_|_locus_tag_ACZ5K1_RS02035
NZ_AP044062.1_|_locus_tag=ACZ5K1_RS11185 -> NZ_AP044062.1_|_locus_tag_ACZ5K1_RS11185
NZ_AP041610.1_|_locus_tag=ACZ5IF_RS02375 -> NZ_AP041610.1_|_locus_tag_ACZ5IF_RS02375
NZ_AP041610.1_|_locus_tag=ACZ5IF_RS02630 -> NZ_AP041610.1_|_locus_tag_ACZ5IF_RS02630
NZ_AP041610.1_|_locus_tag=ACZ5IF_RS02645 -> NZ_AP041610.1_|_locus_tag_ACZ5IF_RS02645
NZ_AP041610.1_|_locus_tag=ACZ5IF_RS09485 -> NZ_AP041610.1_|_locus_tag_ACZ5IF_RS09485
NZ_AP041610.1_|_locus_tag=ACZ5IF_RS10550 -> NZ_AP041610.1_|_locus_tag_ACZ5IF_RS10550
NZ_AP041610.1_|_locus_tag=ACZ5IF_RS11125 -> NZ_AP041610.1_|_locus_tag_ACZ5IF_RS11125
NZ_AP043700.1_|_locus_tag=ACZ49O_RS09805 -> NZ_AP043700.1_|_locus_tag_ACZ49O_RS09805
NZ_AP043709.1_|_locus_tag=ACZ471_RS05855 -> NZ_AP043709.1_|_locus_tag_ACZ471_RS05855
NZ_AP043709.1_|_locus_tag=ACZ471_RS06420 -> NZ_AP043709.1_|_locus_tag_ACZ471_RS06420
NZ_AP043709.1_|_locus_tag=ACZ471_RS11400 -> NZ_AP043709.1_|_locus_tag_ACZ471_RS11400
NZ_AP043709.1_|_locus_tag=ACZ471_RS11655 -> NZ_AP043709.1_|_locus_tag_ACZ471_RS11655
NZ_AP043709.1_|_locus_tag=ACZ471_RS12330 -> NZ_AP043709.1_|_locus_tag_ACZ471_RS12330
NZ_AP044063.1_|_locus_tag=ACZ41Y_RS11065 -> NZ_AP044063.1_|_locus_tag_ACZ41Y_RS11065
NZ_AP040133.1_|_locus_tag=ACZ435_RS02265 -> NZ_AP040133.1_|_locus_tag_ACZ435_RS02265
NZ_CP180165.1_|_locus_tag=ACMTNW_RS02695 -> NZ_CP180165.1_|_locus_tag_ACMTNW_RS02695
NZ_CP180165.1_|_locus_tag=ACMTNW_RS11615 -> NZ_CP180165.1_|_locus_tag_ACMTNW_RS11615
NZ_CP142805.1_|_locus_tag=VW781_RS02195 -> NZ_CP142805.1_|_locus_tag_VW781_RS02195
NZ_CP142805.1_|_locus_tag=VW781_RS09555 -> NZ_CP142805.1_|_locus_tag_VW781_RS09555
NZ_CP142805.1_|_locus_tag=VW781_RS10660 -> NZ_CP142805.1_|_locus_tag_VW781_RS10660
NZ_CP142804.1_|_locus_tag=VW782_RS02870 -> NZ_CP142804.1_|_locus_tag_VW782_RS02870
NZ_CP142804.1_|_locus_tag=VW782_RS11040 -> NZ_CP142804.1_|_locus_tag_VW782_RS11040
NZ_CP142804.1_|_locus_tag=VW782_RS11060 -> NZ_CP142804.1_|_locus_tag_VW782_RS11060
NZ_CP142803.1_|_locus_tag=VW783_RS02380 -> NZ_CP142803.1_|_locus_tag_VW783_RS02380
NZ_CP142803.1_|_locus_tag=VW783_RS02640 -> NZ_CP142803.1_|_locus_tag_VW783_RS02640
NZ_CP142803.1_|_locus_tag=VW783_RS02950 -> NZ_CP142803.1_|_locus_tag_VW783_RS02950
NZ_CP142803.1_|_locus_tag=VW783_RS03525 -> NZ_CP142803.1_|_locus_tag_VW783_RS03525
NZ_CP087451.1_|_locus_tag=LPA74_RS02815 -> NZ_CP087451.1_|_locus_tag_LPA74_RS02815
NZ_CP087449.1_|_locus_tag=LPB34_RS02825 -> NZ_CP087449.1_|_locus_tag_LPB34_RS02825
NZ_CP087447.1_|_locus_tag=LPB22_RS02820 -> NZ_CP087447.1_|_locus_tag_LPB22_RS02820
NZ_CP087446.1_|_locus_tag=LPB37_RS02270 -> NZ_CP087446.1_|_locus_tag_LPB37_RS02270
NZ_CP087442.1_|_locus_tag=LPB05_RS02250 -> NZ_CP087442.1_|_locus_tag_LPB05_RS02250
NZ_CP087444.1_|_locus_tag=LPB14_RS10785 -> NZ_CP087444.1_|_locus_tag_LPB14_RS10785
NZ_CP087441.1_|_locus_tag=LPA95_RS02260 -> NZ_CP087441.1_|_locus_tag_LPA95_RS02260
NZ_CP087439.1_|_locus_tag=LPB17_RS02265 -> NZ_CP087439.1_|_locus_tag_LPB17_RS02265
NZ_CP087435.1_|_locus_tag=LPA64_RS02290 -> NZ_CP087435.1_|_locus_tag_LPA64_RS02290
NZ_CP087433.1_|_locus_tag=LPB12_RS02280 -> NZ_CP087433.1_|_locus_tag_LPB12_RS02280
NZ_CP087432.1_|_locus_tag=LPA89_RS02290 -> NZ_CP087432.1_|_locus_tag_LPA89_RS02290
NZ_CP087431.1_|_locus_tag=LPA96_RS02300 -> NZ_CP087431.1_|_locus_tag_LPA96_RS02300
NZ_CP087429.1_|_locus_tag=LPA92_RS02280 -> NZ_CP087429.1_|_locus_tag_LPA92_RS02280
NZ_CP087428.1_|_locus_tag=LPB40_RS02280 -> NZ_CP087428.1_|_locus_tag_LPB40_RS02280
NZ_CP093064.1_|_locus_tag=MMZ60_RS02545 -> NZ_CP093064.1_|_locus_tag_MMZ60_RS02545
NZ_CP093064.1_|_locus_tag=MMZ60_RS02565 -> NZ_CP093064.1_|_locus_tag_MMZ60_RS02565
NZ_CP093064.1_|_locus_tag=MMZ60_RS11305 -> NZ_CP093064.1_|_locus_tag_MMZ60_RS11305
NZ_CP093064.1_|_locus_tag=MMZ60_RS11950 -> NZ_CP093064.1_|_locus_tag_MMZ60_RS11950
NZ_CP199774.1_|_locus_tag=ACUHZX_RS01085 -> NZ_CP199774.1_|_locus_tag_ACUHZX_RS01085
NZ_CP199774.1_|_locus_tag=ACUHZX_RS01105 -> NZ_CP199774.1_|_locus_tag_ACUHZX_RS01105
NZ_CP199774.1_|_locus_tag=ACUHZX_RS07785 -> NZ_CP199774.1_|_locus_tag_ACUHZX_RS07785
NZ_CP199774.1_|_locus_tag=ACUHZX_RS08955 -> NZ_CP199774.1_|_locus_tag_ACUHZX_RS08955
NZ_CP190357.1_|_locus_tag=N3P47_RS11670 -> NZ_CP190357.1_|_locus_tag_N3P47_RS11670
NZ_CP085310.1_|_locus_tag=K1375_RS04800 -> NZ_CP085310.1_|_locus_tag_K1375_RS04800
NZ_CP085310.1_|_locus_tag=K1375_RS04820 -> NZ_CP085310.1_|_locus_tag_K1375_RS04820
NZ_CP085310.1_|_locus_tag=K1375_RS05075 -> NZ_CP085310.1_|_locus_tag_K1375_RS05075
NZ_CP085310.1_|_locus_tag=K1375_RS10700 -> NZ_CP085310.1_|_locus_tag_K1375_RS10700
NZ_CP085310.1_|_locus_tag=K1375_RS11345 -> NZ_CP085310.1_|_locus_tag_K1375_RS11345
NZ_CP085310.1_|_locus_tag=K1375_RS12040 -> NZ_CP085310.1_|_locus_tag_K1375_RS12040
NZ_CP085313.1_|_locus_tag=K1374_RS00820 -> NZ_CP085313.1_|_locus_tag_K1374_RS00820
NZ_CP085313.1_|_locus_tag=K1374_RS01075 -> NZ_CP085313.1_|_locus_tag_K1374_RS01075
NZ_CP085313.1_|_locus_tag=K1374_RS01095 -> NZ_CP085313.1_|_locus_tag_K1374_RS01095
NZ_CP085313.1_|_locus_tag=K1374_RS07755 -> NZ_CP085313.1_|_locus_tag_K1374_RS07755
NZ_CP085313.1_|_locus_tag=K1374_RS08445 -> NZ_CP085313.1_|_locus_tag_K1374_RS08445
NZ_CP085313.1_|_locus_tag=K1374_RS09085 -> NZ_CP085313.1_|_locus_tag_K1374_RS09085
NZ_CP199996.1_|_locus_tag=ACUBUE_RS02360 -> NZ_CP199996.1_|_locus_tag_ACUBUE_RS02360
NZ_CP199996.1_|_locus_tag=ACUBUE_RS10725 -> NZ_CP199996.1_|_locus_tag_ACUBUE_RS10725
NZ_CP166865.1_|_locus_tag=ACA498_RS02145 -> NZ_CP166865.1_|_locus_tag_ACA498_RS02145
NZ_CP166865.1_|_locus_tag=ACA498_RS10920 -> NZ_CP166865.1_|_locus_tag_ACA498_RS10920
NZ_CP166864.1_|_locus_tag=ACA495_RS02145 -> NZ_CP166864.1_|_locus_tag_ACA495_RS02145
NZ_CP166864.1_|_locus_tag=ACA495_RS02410 -> NZ_CP166864.1_|_locus_tag_ACA495_RS02410
NZ_CP166864.1_|_locus_tag=ACA495_RS11660 -> NZ_CP166864.1_|_locus_tag_ACA495_RS11660
NZ_CP166863.1_|_locus_tag=ACA494_RS02175 -> NZ_CP166863.1_|_locus_tag_ACA494_RS02175
NZ_CP166863.1_|_locus_tag=ACA494_RS02430 -> NZ_CP166863.1_|_locus_tag_ACA494_RS02430
NZ_CP166863.1_|_locus_tag=ACA494_RS11610 -> NZ_CP166863.1_|_locus_tag_ACA494_RS11610
NZ_CP166862.1_|_locus_tag=ACA493_RS02150 -> NZ_CP166862.1_|_locus_tag_ACA493_RS02150
NZ_CP166862.1_|_locus_tag=ACA493_RS02405 -> NZ_CP166862.1_|_locus_tag_ACA493_RS02405
NZ_CP166862.1_|_locus_tag=ACA493_RS02425 -> NZ_CP166862.1_|_locus_tag_ACA493_RS02425
NZ_CP166862.1_|_locus_tag=ACA493_RS10580 -> NZ_CP166862.1_|_locus_tag_ACA493_RS10580
NZ_CP166861.1_|_locus_tag=ACA499_RS02150 -> NZ_CP166861.1_|_locus_tag_ACA499_RS02150
NZ_CP166861.1_|_locus_tag=ACA499_RS11030 -> NZ_CP166861.1_|_locus_tag_ACA499_RS11030
NZ_CP166860.1_|_locus_tag=ACA497_RS02285 -> NZ_CP166860.1_|_locus_tag_ACA497_RS02285
NZ_CP166859.1_|_locus_tag=ACA486_RS02235 -> NZ_CP166859.1_|_locus_tag_ACA486_RS02235
NZ_CP166859.1_|_locus_tag=ACA486_RS02490 -> NZ_CP166859.1_|_locus_tag_ACA486_RS02490
NZ_CP166859.1_|_locus_tag=ACA486_RS12075 -> NZ_CP166859.1_|_locus_tag_ACA486_RS12075
NZ_CP166858.1_|_locus_tag=ACA496_RS02705 -> NZ_CP166858.1_|_locus_tag_ACA496_RS02705
NZ_CP166858.1_|_locus_tag=ACA496_RS02725 -> NZ_CP166858.1_|_locus_tag_ACA496_RS02725
NZ_CP166857.1_|_locus_tag=ACA491_RS14035 -> NZ_CP166857.1_|_locus_tag_ACA491_RS14035
NZ_CP166856.1_|_locus_tag=ACA490_RS02665 -> NZ_CP166856.1_|_locus_tag_ACA490_RS02665
NZ_CP166856.1_|_locus_tag=ACA490_RS02685 -> NZ_CP166856.1_|_locus_tag_ACA490_RS02685
NZ_CP166855.1_|_locus_tag=ACA488_RS02540 -> NZ_CP166855.1_|_locus_tag_ACA488_RS02540
NZ_CP166855.1_|_locus_tag=ACA488_RS02560 -> NZ_CP166855.1_|_locus_tag_ACA488_RS02560
NZ_CP166854.1_|_locus_tag=ACA487_RS02540 -> NZ_CP166854.1_|_locus_tag_ACA487_RS02540
NZ_CP166854.1_|_locus_tag=ACA487_RS02560 -> NZ_CP166854.1_|_locus_tag_ACA487_RS02560
NZ_CP166853.1_|_locus_tag=ACA492_RS02540 -> NZ_CP166853.1_|_locus_tag_ACA492_RS02540
NZ_CP166852.1_|_locus_tag=ACA489_RS02660 -> NZ_CP166852.1_|_locus_tag_ACA489_RS02660
NZ_CP166852.1_|_locus_tag=ACA489_RS02680 -> NZ_CP166852.1_|_locus_tag_ACA489_RS02680
NZ_CP195881.1_|_locus_tag=ACSNDX_RS00955 -> NZ_CP195881.1_|_locus_tag_ACSNDX_RS00955
NZ_CP195881.1_|_locus_tag=ACSNDX_RS13795 -> NZ_CP195881.1_|_locus_tag_ACSNDX_RS13795
NZ_CP142805.1_|_locus_tag=VW781_RS11225 -> NZ_CP142805.1_|_locus_tag_VW781_RS11225
NZ_CP166516.1_|_locus_tag=AB6X47_RS04555 -> NZ_CP166516.1_|_locus_tag_AB6X47_RS04555
NZ_CP166515.1_|_locus_tag=AB6X90_RS04540 -> NZ_CP166515.1_|_locus_tag_AB6X90_RS04540
NZ_CP087451.1_|_locus_tag=LPA74_RS11520 -> NZ_CP087451.1_|_locus_tag_LPA74_RS11520
NZ_CP087449.1_|_locus_tag=LPB34_RS11085 -> NZ_CP087449.1_|_locus_tag_LPB34_RS11085
NZ_AP040291.1_|_locus_tag=ACZ5SD_RS10955 -> NZ_AP040291.1_|_locus_tag_ACZ5SD_RS10955
NZ_CP166554.1_|_locus_tag=AB6X89_RS03780 -> NZ_CP166554.1_|_locus_tag_AB6X89_RS03780
NZ_CP166547.1_|_locus_tag=AB6X94_RS04575 -> NZ_CP166547.1_|_locus_tag_AB6X94_RS04575
NZ_CP166548.1_|_locus_tag=AB6X44_RS04565 -> NZ_CP166548.1_|_locus_tag_AB6X44_RS04565
NZ_CP166538.1_|_locus_tag=AB6X71_RS10525 -> NZ_CP166538.1_|_locus_tag_AB6X71_RS10525
NZ_CP166536.1_|_locus_tag=AB6X61_RS10525 -> NZ_CP166536.1_|_locus_tag_AB6X61_RS10525
NZ_CP166509.1_|_locus_tag=AB6X63_RS04555 -> NZ_CP166509.1_|_locus_tag_AB6X63_RS04555
NZ_CP166507.1_|_locus_tag=AB6X50_RS04550 -> NZ_CP166507.1_|_locus_tag_AB6X50_RS04550
NZ_CP166506.1_|_locus_tag=AB6X78_RS04575 -> NZ_CP166506.1_|_locus_tag_AB6X78_RS04575
NZ_AP040286.1_|_locus_tag=ACZ354_RS10140 -> NZ_AP040286.1_|_locus_tag_ACZ354_RS10140
NZ_CP142804.1_|_locus_tag=VW782_RS03435 -> NZ_CP142804.1_|_locus_tag_VW782_RS03435
NZ_CP190357.1_|_locus_tag=N3P47_RS02660 -> NZ_CP190357.1_|_locus_tag_N3P47_RS02660
NZ_CP190357.1_|_locus_tag=N3P47_RS09990 -> NZ_CP190357.1_|_locus_tag_N3P47_RS09990
NZ_CP190357.1_|_locus_tag=N3P47_RS11105 -> NZ_CP190357.1_|_locus_tag_N3P47_RS11105
NZ_CP199996.1_|_locus_tag=ACUBUE_RS10160 -> NZ_CP199996.1_|_locus_tag_ACUBUE_RS10160
NZ_CP096462.1_|_locus_tag=M1D64_RS04730 -> NZ_CP096462.1_|_locus_tag_M1D64_RS04730
NZ_CP096462.1_|_locus_tag=M1D64_RS04150 -> NZ_CP096462.1_|_locus_tag_M1D64_RS04150
NZ_CP096462.1_|_locus_tag=M1D64_RS12025 -> NZ_CP096462.1_|_locus_tag_M1D64_RS12025
NZ_AP040285.1_|_locus_tag=ACZ5U7_RS10490 -> NZ_AP040285.1_|_locus_tag_ACZ5U7_RS10490
NZ_AP040288.1_|_locus_tag=ACZ5SY_RS10915 -> NZ_AP040288.1_|_locus_tag_ACZ5SY_RS10915
NZ_AP040293.1_|_locus_tag=ACZ5R0_RS10940 -> NZ_AP040293.1_|_locus_tag_ACZ5R0_RS10940
NZ_AP040295.1_|_locus_tag=ACZ5QS_RS10615 -> NZ_AP040295.1_|_locus_tag_ACZ5QS_RS10615
NZ_AP040296.1_|_locus_tag=ACZ5PY_RS10930 -> NZ_AP040296.1_|_locus_tag_ACZ5PY_RS10930
NZ_AP040298.1_|_locus_tag=ACZ5PR_RS10265 -> NZ_AP040298.1_|_locus_tag_ACZ5PR_RS10265
NZ_AP040301.1_|_locus_tag=ACZ5OL_RS10925 -> NZ_AP040301.1_|_locus_tag_ACZ5OL_RS10925
NZ_AP044063.1_|_locus_tag=ACZ41Y_RS09400 -> NZ_AP044063.1_|_locus_tag_ACZ41Y_RS09400
NZ_CP096462.1_|_locus_tag=M1D64_RS11765 -> NZ_CP096462.1_|_locus_tag_M1D64_RS11765
NZ_CP096462.1_|_locus_tag=M1D64_RS11780 -> NZ_CP096462.1_|_locus_tag_M1D64_RS11780
NZ_CP182574.1_|_locus_tag=ACNFVN_RS09570 -> NZ_CP182574.1_|_locus_tag_ACNFVN_RS09570
NZ_CP191061.1_|_locus_tag=ACP8KY_RS02450 -> NZ_CP191061.1_|_locus_tag_ACP8KY_RS02450
NZ_CP191059.1_|_locus_tag=ACP8MQ_RS02450 -> NZ_CP191059.1_|_locus_tag_ACP8MQ_RS02450
NZ_CP199774.1_|_locus_tag=ACUHZX_RS09515 -> NZ_CP199774.1_|_locus_tag_ACUHZX_RS09515
NZ_CP166546.1_|_locus_tag=AB6X58_RS09310 -> NZ_CP166546.1_|_locus_tag_AB6X58_RS09310
NZ_CP166865.1_|_locus_tag=ACA498_RS09730 -> NZ_CP166865.1_|_locus_tag_ACA498_RS09730
NZ_CP166864.1_|_locus_tag=ACA495_RS09400 -> NZ_CP166864.1_|_locus_tag_ACA495_RS09400
NZ_CP166861.1_|_locus_tag=ACA499_RS09050 -> NZ_CP166861.1_|_locus_tag_ACA499_RS09050
NZ_CP166546.1_|_locus_tag=AB6X58_RS10650 -> NZ_CP166546.1_|_locus_tag_AB6X58_RS10650
NZ_CP142805.1_|_locus_tag=VW781_RS02450 -> NZ_CP142805.1_|_locus_tag_VW781_RS02450
NZ_CP166865.1_|_locus_tag=ACA498_RS10375 -> NZ_CP166865.1_|_locus_tag_ACA498_RS10375
NZ_CP166861.1_|_locus_tag=ACA499_RS10485 -> NZ_CP166861.1_|_locus_tag_ACA499_RS10485
NZ_CP166860.1_|_locus_tag=ACA497_RS10965 -> NZ_CP166860.1_|_locus_tag_ACA497_RS10965
NZ_CP166860.1_|_locus_tag=ACA497_RS11510 -> NZ_CP166860.1_|_locus_tag_ACA497_RS11510
NZ_CP166858.1_|_locus_tag=ACA496_RS10965 -> NZ_CP166858.1_|_locus_tag_ACA496_RS10965
NZ_CP166857.1_|_locus_tag=ACA491_RS05400 -> NZ_CP166857.1_|_locus_tag_ACA491_RS05400
NZ_CP166856.1_|_locus_tag=ACA490_RS10635 -> NZ_CP166856.1_|_locus_tag_ACA490_RS10635
NZ_CP166855.1_|_locus_tag=ACA488_RS11610 -> NZ_CP166855.1_|_locus_tag_ACA488_RS11610
NZ_CP166854.1_|_locus_tag=ACA487_RS10850 -> NZ_CP166854.1_|_locus_tag_ACA487_RS10850
NZ_CP166853.1_|_locus_tag=ACA492_RS10460 -> NZ_CP166853.1_|_locus_tag_ACA492_RS10460
NZ_CP166852.1_|_locus_tag=ACA489_RS10740 -> NZ_CP166852.1_|_locus_tag_ACA489_RS10740
NZ_CP166863.1_|_locus_tag=ACA494_RS09580 -> NZ_CP166863.1_|_locus_tag_ACA494_RS09580
NZ_CP182574.1_|_locus_tag=ACNFVN_RS02440 -> NZ_CP182574.1_|_locus_tag_ACNFVN_RS02440
NZ_CP166862.1_|_locus_tag=ACA493_RS10035 -> NZ_CP166862.1_|_locus_tag_ACA493_RS10035
NZ_AP044060.1_|_locus_tag=ACZ5OM_RS11180 -> NZ_AP044060.1_|_locus_tag_ACZ5OM_RS11180
NZ_AP044063.1_|_locus_tag=ACZ41Y_RS02090 -> NZ_AP044063.1_|_locus_tag_ACZ41Y_RS02090
NZ_AP044060.1_|_locus_tag=ACZ5OM_RS02045 -> NZ_AP044060.1_|_locus_tag_ACZ5OM_RS02045
NZ_AP044060.1_|_locus_tag=ACZ5OM_RS02305 -> NZ_AP044060.1_|_locus_tag_ACZ5OM_RS02305
NZ_AP044062.1_|_locus_tag=ACZ5K1_RS02295 -> NZ_AP044062.1_|_locus_tag_ACZ5K1_RS02295
NZ_AP044063.1_|_locus_tag=ACZ41Y_RS02345 -> NZ_AP044063.1_|_locus_tag_ACZ41Y_RS02345
NZ_AP040285.1_|_locus_tag=ACZ5U7_RS02165 -> NZ_AP040285.1_|_locus_tag_ACZ5U7_RS02165
NZ_AP040288.1_|_locus_tag=ACZ5SY_RS02280 -> NZ_AP040288.1_|_locus_tag_ACZ5SY_RS02280
NZ_AP040291.1_|_locus_tag=ACZ5SD_RS02280 -> NZ_AP040291.1_|_locus_tag_ACZ5SD_RS02280
NZ_AP040293.1_|_locus_tag=ACZ5R0_RS02270 -> NZ_AP040293.1_|_locus_tag_ACZ5R0_RS02270
NZ_AP040295.1_|_locus_tag=ACZ5QS_RS02290 -> NZ_AP040295.1_|_locus_tag_ACZ5QS_RS02290
NZ_AP040296.1_|_locus_tag=ACZ5PY_RS02270 -> NZ_AP040296.1_|_locus_tag_ACZ5PY_RS02270
NZ_AP040298.1_|_locus_tag=ACZ5PR_RS01970 -> NZ_AP040298.1_|_locus_tag_ACZ5PR_RS01970
NZ_AP040301.1_|_locus_tag=ACZ5OL_RS02280 -> NZ_AP040301.1_|_locus_tag_ACZ5OL_RS02280
NZ_AP044063.1_|_locus_tag=ACZ41Y_RS10480 -> NZ_AP044063.1_|_locus_tag_ACZ41Y_RS10480
NZ_CP166859.1_|_locus_tag=ACA486_RS04630 -> NZ_CP166859.1_|_locus_tag_ACA486_RS04630
NZ_CP087441.1_|_locus_tag=LPA95_RS09160 -> NZ_CP087441.1_|_locus_tag_LPA95_RS09160
NZ_CP166859.1_|_locus_tag=ACA486_RS11530 -> NZ_CP166859.1_|_locus_tag_ACA486_RS11530
NZ_CP166564.1_|_locus_tag=AB6X84_RS09710 -> NZ_CP166564.1_|_locus_tag_AB6X84_RS09710
NZ_CP166864.1_|_locus_tag=ACA495_RS11115 -> NZ_CP166864.1_|_locus_tag_ACA495_RS11115
NZ_AP040133.1_|_locus_tag=ACZ435_RS11080 -> NZ_AP040133.1_|_locus_tag_ACZ435_RS11080
NZ_CP166567.1_|_locus_tag=AB6X76_RS10220 -> NZ_CP166567.1_|_locus_tag_AB6X76_RS10220
NZ_CP166565.1_|_locus_tag=AB6X77_RS10085 -> NZ_CP166565.1_|_locus_tag_AB6X77_RS10085
NZ_CP191061.1_|_locus_tag=ACP8KY_RS10180 -> NZ_CP191061.1_|_locus_tag_ACP8KY_RS10180
NZ_CP191048.1_|_locus_tag=ACP8IJ_RS02065 -> NZ_CP191048.1_|_locus_tag_ACP8IJ_RS02065
NZ_CP191048.1_|_locus_tag=ACP8IJ_RS02320 -> NZ_CP191048.1_|_locus_tag_ACP8IJ_RS02320
NZ_CP191048.1_|_locus_tag=ACP8IJ_RS09545 -> NZ_CP191048.1_|_locus_tag_ACP8IJ_RS09545
NZ_CP191048.1_|_locus_tag=ACP8IJ_RS10240 -> NZ_CP191048.1_|_locus_tag_ACP8IJ_RS10240
NZ_CP191048.1_|_locus_tag=ACP8IJ_RS10795 -> NZ_CP191048.1_|_locus_tag_ACP8IJ_RS10795
NZ_CP191047.1_|_locus_tag=ACP8LQ_RS02065 -> NZ_CP191047.1_|_locus_tag_ACP8LQ_RS02065
NZ_CP191047.1_|_locus_tag=ACP8LQ_RS02320 -> NZ_CP191047.1_|_locus_tag_ACP8LQ_RS02320
NZ_CP191047.1_|_locus_tag=ACP8LQ_RS09865 -> NZ_CP191047.1_|_locus_tag_ACP8LQ_RS09865
NZ_CP191047.1_|_locus_tag=ACP8LQ_RS10560 -> NZ_CP191047.1_|_locus_tag_ACP8LQ_RS10560
NZ_CP191047.1_|_locus_tag=ACP8LQ_RS11115 -> NZ_CP191047.1_|_locus_tag_ACP8LQ_RS11115
NZ_CP166574.1_|_locus_tag=AB6X59_RS10125 -> NZ_CP166574.1_|_locus_tag_AB6X59_RS10125
NZ_CP166571.1_|_locus_tag=AB6X92_RS02145 -> NZ_CP166571.1_|_locus_tag_AB6X92_RS02145
NZ_CP166571.1_|_locus_tag=AB6X92_RS10570 -> NZ_CP166571.1_|_locus_tag_AB6X92_RS10570
NZ_CP166573.1_|_locus_tag=AB6X54_RS10125 -> NZ_CP166573.1_|_locus_tag_AB6X54_RS10125
NZ_CP166569.1_|_locus_tag=AB6X75_RS02140 -> NZ_CP166569.1_|_locus_tag_AB6X75_RS02140
NZ_CP166569.1_|_locus_tag=AB6X75_RS10565 -> NZ_CP166569.1_|_locus_tag_AB6X75_RS10565
NZ_CP166567.1_|_locus_tag=AB6X76_RS02345 -> NZ_CP166567.1_|_locus_tag_AB6X76_RS02345
NZ_CP166567.1_|_locus_tag=AB6X76_RS10790 -> NZ_CP166567.1_|_locus_tag_AB6X76_RS10790
NZ_CP166565.1_|_locus_tag=AB6X77_RS02335 -> NZ_CP166565.1_|_locus_tag_AB6X77_RS02335
NZ_CP166565.1_|_locus_tag=AB6X77_RS10650 -> NZ_CP166565.1_|_locus_tag_AB6X77_RS10650
NZ_CP166562.1_|_locus_tag=AB6X56_RS10135 -> NZ_CP166562.1_|_locus_tag_AB6X56_RS10135
NZ_CP166561.1_|_locus_tag=AB6X45_RS10135 -> NZ_CP166561.1_|_locus_tag_AB6X45_RS10135
NZ_CP166542.1_|_locus_tag=AB6X49_RS02345 -> NZ_CP166542.1_|_locus_tag_AB6X49_RS02345
NZ_CP166542.1_|_locus_tag=AB6X49_RS10170 -> NZ_CP166542.1_|_locus_tag_AB6X49_RS10170
NZ_CP166540.1_|_locus_tag=AB6X82_RS02340 -> NZ_CP166540.1_|_locus_tag_AB6X82_RS02340
NZ_CP166540.1_|_locus_tag=AB6X82_RS10165 -> NZ_CP166540.1_|_locus_tag_AB6X82_RS10165
NZ_CP166540.1_|_locus_tag=AB6X82_RS10730 -> NZ_CP166540.1_|_locus_tag_AB6X82_RS10730
NZ_CP166530.1_|_locus_tag=AB6X80_RS02410 -> NZ_CP166530.1_|_locus_tag_AB6X80_RS02410
NZ_CP166530.1_|_locus_tag=AB6X80_RS02430 -> NZ_CP166530.1_|_locus_tag_AB6X80_RS02430
NZ_CP166531.1_|_locus_tag=AB6X79_RS02180 -> NZ_CP166531.1_|_locus_tag_AB6X79_RS02180
NZ_CP166531.1_|_locus_tag=AB6X79_RS02435 -> NZ_CP166531.1_|_locus_tag_AB6X79_RS02435
NZ_CP166531.1_|_locus_tag=AB6X79_RS02455 -> NZ_CP166531.1_|_locus_tag_AB6X79_RS02455
NZ_CP166531.1_|_locus_tag=AB6X79_RS10900 -> NZ_CP166531.1_|_locus_tag_AB6X79_RS10900
NZ_CP166529.1_|_locus_tag=AB6X70_RS02180 -> NZ_CP166529.1_|_locus_tag_AB6X70_RS02180
NZ_CP166529.1_|_locus_tag=AB6X70_RS02435 -> NZ_CP166529.1_|_locus_tag_AB6X70_RS02435
NZ_CP166529.1_|_locus_tag=AB6X70_RS02455 -> NZ_CP166529.1_|_locus_tag_AB6X70_RS02455
NZ_CP166529.1_|_locus_tag=AB6X70_RS10900 -> NZ_CP166529.1_|_locus_tag_AB6X70_RS10900
NZ_CP166513.1_|_locus_tag=AB6X73_RS02140 -> NZ_CP166513.1_|_locus_tag_AB6X73_RS02140
NZ_CP166513.1_|_locus_tag=AB6X73_RS10170 -> NZ_CP166513.1_|_locus_tag_AB6X73_RS10170
NZ_CP166512.1_|_locus_tag=AB6X86_RS02140 -> NZ_CP166512.1_|_locus_tag_AB6X86_RS02140
NZ_CP166512.1_|_locus_tag=AB6X86_RS10170 -> NZ_CP166512.1_|_locus_tag_AB6X86_RS10170
NZ_CP166511.1_|_locus_tag=AB6X96_RS02140 -> NZ_CP166511.1_|_locus_tag_AB6X96_RS02140
NZ_CP166511.1_|_locus_tag=AB6X96_RS10170 -> NZ_CP166511.1_|_locus_tag_AB6X96_RS10170
NZ_OY725415.1_|_locus_tag=AC1U0L_RS05835 -> NZ_OY725415.1_|_locus_tag_AC1U0L_RS05835
NZ_OY725415.1_|_locus_tag=AC1U0L_RS06875 -> NZ_OY725415.1_|_locus_tag_AC1U0L_RS06875
NZ_AP041589.1_|_locus_tag=ACZ50H_RS02535 -> NZ_AP041589.1_|_locus_tag_ACZ50H_RS02535
NZ_AP041589.1_|_locus_tag=ACZ50H_RS11555 -> NZ_AP041589.1_|_locus_tag_ACZ50H_RS11555
NZ_AP040285.1_|_locus_tag=ACZ5U7_RS02420 -> NZ_AP040285.1_|_locus_tag_ACZ5U7_RS02420
NZ_AP040288.1_|_locus_tag=ACZ5SY_RS02535 -> NZ_AP040288.1_|_locus_tag_ACZ5SY_RS02535
NZ_AP040291.1_|_locus_tag=ACZ5SD_RS02535 -> NZ_AP040291.1_|_locus_tag_ACZ5SD_RS02535
NZ_AP040293.1_|_locus_tag=ACZ5R0_RS02525 -> NZ_AP040293.1_|_locus_tag_ACZ5R0_RS02525
NZ_AP041587.1_|_locus_tag=ACZ5QC_RS02450 -> NZ_AP041587.1_|_locus_tag_ACZ5QC_RS02450
NZ_AP040295.1_|_locus_tag=ACZ5QS_RS02545 -> NZ_AP040295.1_|_locus_tag_ACZ5QS_RS02545
NZ_AP040296.1_|_locus_tag=ACZ5PY_RS02525 -> NZ_AP040296.1_|_locus_tag_ACZ5PY_RS02525
NZ_AP040298.1_|_locus_tag=ACZ5PR_RS02225 -> NZ_AP040298.1_|_locus_tag_ACZ5PR_RS02225
NZ_AP040301.1_|_locus_tag=ACZ5OL_RS02535 -> NZ_AP040301.1_|_locus_tag_ACZ5OL_RS02535
NZ_AP043700.1_|_locus_tag=ACZ49O_RS09550 -> NZ_AP043700.1_|_locus_tag_ACZ49O_RS09550
NZ_AP040133.1_|_locus_tag=ACZ435_RS02520 -> NZ_AP040133.1_|_locus_tag_ACZ435_RS02520
NZ_AP040133.1_|_locus_tag=ACZ435_RS02540 -> NZ_AP040133.1_|_locus_tag_ACZ435_RS02540
NZ_CP087446.1_|_locus_tag=LPB37_RS02545 -> NZ_CP087446.1_|_locus_tag_LPB37_RS02545
NZ_CP087442.1_|_locus_tag=LPB05_RS02525 -> NZ_CP087442.1_|_locus_tag_LPB05_RS02525
NZ_CP087442.1_|_locus_tag=LPB05_RS10225 -> NZ_CP087442.1_|_locus_tag_LPB05_RS10225
NZ_CP087435.1_|_locus_tag=LPA64_RS02565 -> NZ_CP087435.1_|_locus_tag_LPA64_RS02565
NZ_CP087434.1_|_locus_tag=LPB29_RS02555 -> NZ_CP087434.1_|_locus_tag_LPB29_RS02555
NZ_CP087433.1_|_locus_tag=LPB12_RS02555 -> NZ_CP087433.1_|_locus_tag_LPB12_RS02555
NZ_CP087430.1_|_locus_tag=LPA68_RS02540 -> NZ_CP087430.1_|_locus_tag_LPA68_RS02540
NZ_CP087429.1_|_locus_tag=LPA92_RS02555 -> NZ_CP087429.1_|_locus_tag_LPA92_RS02555
NZ_CP087428.1_|_locus_tag=LPB40_RS02555 -> NZ_CP087428.1_|_locus_tag_LPB40_RS02555
NZ_CP166519.1_|_locus_tag=AB6X67_RS04610 -> NZ_CP166519.1_|_locus_tag_AB6X67_RS04610
NZ_CP087446.1_|_locus_tag=LPB37_RS09635 -> NZ_CP087446.1_|_locus_tag_LPB37_RS09635
NZ_CP087442.1_|_locus_tag=LPB05_RS09165 -> NZ_CP087442.1_|_locus_tag_LPB05_RS09165
NZ_CP087439.1_|_locus_tag=LPB17_RS09170 -> NZ_CP087439.1_|_locus_tag_LPB17_RS09170
NZ_CP087437.1_|_locus_tag=LPA86_RS09530 -> NZ_CP087437.1_|_locus_tag_LPA86_RS09530
NZ_CP087435.1_|_locus_tag=LPA64_RS09530 -> NZ_CP087435.1_|_locus_tag_LPA64_RS09530
NZ_CP087433.1_|_locus_tag=LPB12_RS09205 -> NZ_CP087433.1_|_locus_tag_LPB12_RS09205
NZ_CP087429.1_|_locus_tag=LPA92_RS09210 -> NZ_CP087429.1_|_locus_tag_LPA92_RS09210
NZ_CP166531.1_|_locus_tag=AB6X79_RS09895 -> NZ_CP166531.1_|_locus_tag_AB6X79_RS09895
NZ_CP166529.1_|_locus_tag=AB6X70_RS09895 -> NZ_CP166529.1_|_locus_tag_AB6X70_RS09895
NZ_AP040285.1_|_locus_tag=ACZ5U7_RS11055 -> NZ_AP040285.1_|_locus_tag_ACZ5U7_RS11055
NZ_AP040288.1_|_locus_tag=ACZ5SY_RS11475 -> NZ_AP040288.1_|_locus_tag_ACZ5SY_RS11475
NZ_AP040291.1_|_locus_tag=ACZ5SD_RS11515 -> NZ_AP040291.1_|_locus_tag_ACZ5SD_RS11515
NZ_AP040293.1_|_locus_tag=ACZ5R0_RS11500 -> NZ_AP040293.1_|_locus_tag_ACZ5R0_RS11500
NZ_AP040295.1_|_locus_tag=ACZ5QS_RS11175 -> NZ_AP040295.1_|_locus_tag_ACZ5QS_RS11175
NZ_AP040296.1_|_locus_tag=ACZ5PY_RS11490 -> NZ_AP040296.1_|_locus_tag_ACZ5PY_RS11490
NZ_AP040298.1_|_locus_tag=ACZ5PR_RS10825 -> NZ_AP040298.1_|_locus_tag_ACZ5PR_RS10825
NZ_AP040133.1_|_locus_tag=ACZ435_RS11640 -> NZ_AP040133.1_|_locus_tag_ACZ435_RS11640
NZ_AP043700.1_|_locus_tag=ACZ49O_RS01970 -> NZ_AP043700.1_|_locus_tag_ACZ49O_RS01970
NZ_CP087434.1_|_locus_tag=LPB29_RS11155 -> NZ_CP087434.1_|_locus_tag_LPB29_RS11155
NZ_CP087433.1_|_locus_tag=LPB12_RS11150 -> NZ_CP087433.1_|_locus_tag_LPB12_RS11150
NZ_CP087429.1_|_locus_tag=LPA92_RS11155 -> NZ_CP087429.1_|_locus_tag_LPA92_RS11155
NZ_CP087428.1_|_locus_tag=LPB40_RS11150 -> NZ_CP087428.1_|_locus_tag_LPB40_RS11150
NZ_CP087435.1_|_locus_tag=LPA64_RS10590 -> NZ_CP087435.1_|_locus_tag_LPA64_RS10590
NZ_CP087446.1_|_locus_tag=LPB37_RS10695 -> NZ_CP087446.1_|_locus_tag_LPB37_RS10695
NZ_CP087441.1_|_locus_tag=LPA95_RS10230 -> NZ_CP087441.1_|_locus_tag_LPA95_RS10230
NZ_CP087439.1_|_locus_tag=LPB17_RS10240 -> NZ_CP087439.1_|_locus_tag_LPB17_RS10240
NZ_CP087433.1_|_locus_tag=LPB12_RS10575 -> NZ_CP087433.1_|_locus_tag_LPB12_RS10575
NZ_CP087432.1_|_locus_tag=LPA89_RS10605 -> NZ_CP087432.1_|_locus_tag_LPA89_RS10605
NZ_CP087429.1_|_locus_tag=LPA92_RS10580 -> NZ_CP087429.1_|_locus_tag_LPA92_RS10580
NZ_CP087428.1_|_locus_tag=LPB40_RS10580 -> NZ_CP087428.1_|_locus_tag_LPB40_RS10580
NZ_CP087444.1_|_locus_tag=LPB14_RS10210 -> NZ_CP087444.1_|_locus_tag_LPB14_RS10210
NZ_CP087444.1_|_locus_tag=LPB14_RS02545 -> NZ_CP087444.1_|_locus_tag_LPB14_RS02545
NZ_AP041589.1_|_locus_tag=ACZ50H_RS10000 -> NZ_AP041589.1_|_locus_tag_ACZ50H_RS10000
NZ_CP166547.1_|_locus_tag=AB6X94_RS05580 -> NZ_CP166547.1_|_locus_tag_AB6X94_RS05580
NZ_CP166548.1_|_locus_tag=AB6X44_RS05570 -> NZ_CP166548.1_|_locus_tag_AB6X44_RS05570
NZ_CP166509.1_|_locus_tag=AB6X63_RS05560 -> NZ_CP166509.1_|_locus_tag_AB6X63_RS05560
NZ_CP166507.1_|_locus_tag=AB6X50_RS05555 -> NZ_CP166507.1_|_locus_tag_AB6X50_RS05555
NZ_CP166506.1_|_locus_tag=AB6X78_RS05580 -> NZ_CP166506.1_|_locus_tag_AB6X78_RS05580
NZ_CP166517.1_|_locus_tag=AB6X55_RS02395 -> NZ_CP166517.1_|_locus_tag_AB6X55_RS02395
NZ_OY725415.1_|_locus_tag=AC1U0L_RS00015 -> NZ_OY725415.1_|_locus_tag_AC1U0L_RS00015
NZ_CP166513.1_|_locus_tag=AB6X73_RS02415 -> NZ_CP166513.1_|_locus_tag_AB6X73_RS02415
NZ_AP040301.1_|_locus_tag=ACZ5OL_RS11485 -> NZ_AP040301.1_|_locus_tag_ACZ5OL_RS11485
NZ_CP166571.1_|_locus_tag=AB6X92_RS02420 -> NZ_CP166571.1_|_locus_tag_AB6X92_RS02420
NZ_CP166569.1_|_locus_tag=AB6X75_RS02415 -> NZ_CP166569.1_|_locus_tag_AB6X75_RS02415
NZ_CP166512.1_|_locus_tag=AB6X86_RS02395 -> NZ_CP166512.1_|_locus_tag_AB6X86_RS02395
NZ_CP166571.1_|_locus_tag=AB6X92_RS02400 -> NZ_CP166571.1_|_locus_tag_AB6X92_RS02400
NZ_CP166569.1_|_locus_tag=AB6X75_RS02395 -> NZ_CP166569.1_|_locus_tag_AB6X75_RS02395
NZ_CP166516.1_|_locus_tag=AB6X47_RS05605 -> NZ_CP166516.1_|_locus_tag_AB6X47_RS05605
NZ_CP166515.1_|_locus_tag=AB6X90_RS05590 -> NZ_CP166515.1_|_locus_tag_AB6X90_RS05590
NZ_CP191048.1_|_locus_tag=ACP8IJ_RS02340 -> NZ_CP191048.1_|_locus_tag_ACP8IJ_RS02340
NZ_CP191047.1_|_locus_tag=ACP8LQ_RS02340 -> NZ_CP191047.1_|_locus_tag_ACP8LQ_RS02340
NZ_CP166530.1_|_locus_tag=AB6X80_RS11435 -> NZ_CP166530.1_|_locus_tag_AB6X80_RS11435
NZ_CP166531.1_|_locus_tag=AB6X79_RS11460 -> NZ_CP166531.1_|_locus_tag_AB6X79_RS11460
NZ_CP166529.1_|_locus_tag=AB6X70_RS11460 -> NZ_CP166529.1_|_locus_tag_AB6X70_RS11460
NZ_CP199996.1_|_locus_tag=ACUBUE_RS09160 -> NZ_CP199996.1_|_locus_tag_ACUBUE_RS09160
NZ_AP040298.1_|_locus_tag=ACZ5PR_RS09275 -> NZ_AP040298.1_|_locus_tag_ACZ5PR_RS09275
NZ_AP040286.1_|_locus_tag=ACZ354_RS09090 -> NZ_AP040286.1_|_locus_tag_ACZ354_RS09090
NZ_AP040285.1_|_locus_tag=ACZ5U7_RS09805 -> NZ_AP040285.1_|_locus_tag_ACZ5U7_RS09805
NZ_AP040288.1_|_locus_tag=ACZ5SY_RS09925 -> NZ_AP040288.1_|_locus_tag_ACZ5SY_RS09925
NZ_AP040293.1_|_locus_tag=ACZ5R0_RS09950 -> NZ_AP040293.1_|_locus_tag_ACZ5R0_RS09950
NZ_AP040295.1_|_locus_tag=ACZ5QS_RS09625 -> NZ_AP040295.1_|_locus_tag_ACZ5QS_RS09625
NZ_AP040296.1_|_locus_tag=ACZ5PY_RS09940 -> NZ_AP040296.1_|_locus_tag_ACZ5PY_RS09940
NZ_AP040301.1_|_locus_tag=ACZ5OL_RS09935 -> NZ_AP040301.1_|_locus_tag_ACZ5OL_RS09935
NZ_AP040133.1_|_locus_tag=ACZ435_RS09650 -> NZ_AP040133.1_|_locus_tag_ACZ435_RS09650
NZ_CP087444.1_|_locus_tag=LPB14_RS02525 -> NZ_CP087444.1_|_locus_tag_LPB14_RS02525
NZ_CP191061.1_|_locus_tag=ACP8KY_RS09175 -> NZ_CP191061.1_|_locus_tag_ACP8KY_RS09175
NZ_CP166575.1_|_locus_tag=AB6X81_RS05790 -> NZ_CP166575.1_|_locus_tag_AB6X81_RS05790
NZ_CP166574.1_|_locus_tag=AB6X59_RS09110 -> NZ_CP166574.1_|_locus_tag_AB6X59_RS09110
NZ_CP166573.1_|_locus_tag=AB6X54_RS09110 -> NZ_CP166573.1_|_locus_tag_AB6X54_RS09110
NZ_CP166567.1_|_locus_tag=AB6X76_RS09520 -> NZ_CP166567.1_|_locus_tag_AB6X76_RS09520
NZ_CP166565.1_|_locus_tag=AB6X77_RS09385 -> NZ_CP166565.1_|_locus_tag_AB6X77_RS09385
NZ_CP166559.1_|_locus_tag=AB6X87_RS09305 -> NZ_CP166559.1_|_locus_tag_AB6X87_RS09305
NZ_CP166561.1_|_locus_tag=AB6X45_RS09120 -> NZ_CP166561.1_|_locus_tag_AB6X45_RS09120
NZ_CP166555.1_|_locus_tag=AB6X65_RS09305 -> NZ_CP166555.1_|_locus_tag_AB6X65_RS09305
NZ_CP166552.1_|_locus_tag=AB6X53_RS09530 -> NZ_CP166552.1_|_locus_tag_AB6X53_RS09530
NZ_CP166542.1_|_locus_tag=AB6X49_RS09470 -> NZ_CP166542.1_|_locus_tag_AB6X49_RS09470
NZ_CP166544.1_|_locus_tag=AB6X43_RS10280 -> NZ_CP166544.1_|_locus_tag_AB6X43_RS10280
NZ_CP166540.1_|_locus_tag=AB6X82_RS09465 -> NZ_CP166540.1_|_locus_tag_AB6X82_RS09465
NZ_CP166538.1_|_locus_tag=AB6X71_RS09530 -> NZ_CP166538.1_|_locus_tag_AB6X71_RS09530
NZ_CP166536.1_|_locus_tag=AB6X61_RS09530 -> NZ_CP166536.1_|_locus_tag_AB6X61_RS09530
NZ_CP166526.1_|_locus_tag=AB6X52_RS09120 -> NZ_CP166526.1_|_locus_tag_AB6X52_RS09120
NZ_AP043700.1_|_locus_tag=ACZ49O_RS02660 -> NZ_AP043700.1_|_locus_tag_ACZ49O_RS02660
NZ_CP180165.1_|_locus_tag=ACMTNW_RS09990 -> NZ_CP180165.1_|_locus_tag_ACMTNW_RS09990
NZ_CP142804.1_|_locus_tag=VW782_RS04430 -> NZ_CP142804.1_|_locus_tag_VW782_RS04430
NZ_CP166520.1_|_locus_tag=AB6X83_RS09115 -> NZ_CP166520.1_|_locus_tag_AB6X83_RS09115
NZ_CP087446.1_|_locus_tag=LPB37_RS02525 -> NZ_CP087446.1_|_locus_tag_LPB37_RS02525
NZ_CP087442.1_|_locus_tag=LPB05_RS02505 -> NZ_CP087442.1_|_locus_tag_LPB05_RS02505
NZ_CP087441.1_|_locus_tag=LPA95_RS02515 -> NZ_CP087441.1_|_locus_tag_LPA95_RS02515
NZ_CP087439.1_|_locus_tag=LPB17_RS02520 -> NZ_CP087439.1_|_locus_tag_LPB17_RS02520
NZ_CP087437.1_|_locus_tag=LPA86_RS02545 -> NZ_CP087437.1_|_locus_tag_LPA86_RS02545
NZ_CP087435.1_|_locus_tag=LPA64_RS02545 -> NZ_CP087435.1_|_locus_tag_LPA64_RS02545
NZ_CP087434.1_|_locus_tag=LPB29_RS02535 -> NZ_CP087434.1_|_locus_tag_LPB29_RS02535
NZ_CP087433.1_|_locus_tag=LPB12_RS02535 -> NZ_CP087433.1_|_locus_tag_LPB12_RS02535
NZ_CP087430.1_|_locus_tag=LPA68_RS02520 -> NZ_CP087430.1_|_locus_tag_LPA68_RS02520
NZ_CP087428.1_|_locus_tag=LPB40_RS02535 -> NZ_CP087428.1_|_locus_tag_LPB40_RS02535
NZ_CP087444.1_|_locus_tag=LPB14_RS09165 -> NZ_CP087444.1_|_locus_tag_LPB14_RS09165
NZ_AP040291.1_|_locus_tag=ACZ5SD_RS09965 -> NZ_AP040291.1_|_locus_tag_ACZ5SD_RS09965
NZ_CP087451.1_|_locus_tag=LPA74_RS09765 -> NZ_CP087451.1_|_locus_tag_LPA74_RS09765
NZ_CP087449.1_|_locus_tag=LPB34_RS09675 -> NZ_CP087449.1_|_locus_tag_LPB34_RS09675
NZ_CP087447.1_|_locus_tag=LPB22_RS09665 -> NZ_CP087447.1_|_locus_tag_LPB22_RS09665
NZ_CP182395.1_|_locus_tag=ACNBES_RS01035 -> NZ_CP182395.1_|_locus_tag_ACNBES_RS01035
NZ_CP166522.1_|_locus_tag=AB6X88_RS09105 -> NZ_CP166522.1_|_locus_tag_AB6X88_RS09105
NZ_CP166528.1_|_locus_tag=AB6X57_RS11270 -> NZ_CP166528.1_|_locus_tag_AB6X57_RS11270
NZ_CP182395.1_|_locus_tag=ACNBES_RS00485 -> NZ_CP182395.1_|_locus_tag_ACNBES_RS00485
NZ_CP182395.1_|_locus_tag=ACNBES_RS01605 -> NZ_CP182395.1_|_locus_tag_ACNBES_RS01605
NZ_CP182395.1_|_locus_tag=ACNBES_RS06380 -> NZ_CP182395.1_|_locus_tag_ACNBES_RS06380
NZ_CP182395.1_|_locus_tag=ACNBES_RS06705 -> NZ_CP182395.1_|_locus_tag_ACNBES_RS06705
NZ_CP182395.1_|_locus_tag=ACNBES_RS06720 -> NZ_CP182395.1_|_locus_tag_ACNBES_RS06720
NZ_CP166533.1_|_locus_tag=AB6X95_RS02415 -> NZ_CP166533.1_|_locus_tag_AB6X95_RS02415
NZ_CP166532.1_|_locus_tag=AB6X60_RS02415 -> NZ_CP166532.1_|_locus_tag_AB6X60_RS02415
NZ_CP166863.1_|_locus_tag=ACA494_RS11065 -> NZ_CP166863.1_|_locus_tag_ACA494_RS11065
NZ_CP166551.1_|_locus_tag=AB6X51_RS10225 -> NZ_CP166551.1_|_locus_tag_AB6X51_RS10225
NZ_CP166550.1_|_locus_tag=AB6X85_RS10250 -> NZ_CP166550.1_|_locus_tag_AB6X85_RS10250
NZ_CP166549.1_|_locus_tag=AB6X66_RS10230 -> NZ_CP166549.1_|_locus_tag_AB6X66_RS10230
NZ_CP166517.1_|_locus_tag=AB6X55_RS02140 -> NZ_CP166517.1_|_locus_tag_AB6X55_RS02140
NZ_CP166528.1_|_locus_tag=AB6X57_RS04545 -> NZ_CP166528.1_|_locus_tag_AB6X57_RS04545
NZ_CP166517.1_|_locus_tag=AB6X55_RS02415 -> NZ_CP166517.1_|_locus_tag_AB6X55_RS02415
NZ_CP166512.1_|_locus_tag=AB6X86_RS02415 -> NZ_CP166512.1_|_locus_tag_AB6X86_RS02415
NZ_CP166519.1_|_locus_tag=AB6X67_RS04355 -> NZ_CP166519.1_|_locus_tag_AB6X67_RS04355
NZ_CP166528.1_|_locus_tag=AB6X57_RS04270 -> NZ_CP166528.1_|_locus_tag_AB6X57_RS04270
NZ_CP166526.1_|_locus_tag=AB6X52_RS02410 -> NZ_CP166526.1_|_locus_tag_AB6X52_RS02410
NZ_CP166542.1_|_locus_tag=AB6X49_RS10735 -> NZ_CP166542.1_|_locus_tag_AB6X49_RS10735
NZ_CP166530.1_|_locus_tag=AB6X80_RS02155 -> NZ_CP166530.1_|_locus_tag_AB6X80_RS02155
NZ_CP166530.1_|_locus_tag=AB6X80_RS10875 -> NZ_CP166530.1_|_locus_tag_AB6X80_RS10875
NZ_CP166517.1_|_locus_tag=AB6X55_RS10540 -> NZ_CP166517.1_|_locus_tag_AB6X55_RS10540
NZ_CP166513.1_|_locus_tag=AB6X73_RS02395 -> NZ_CP166513.1_|_locus_tag_AB6X73_RS02395
NZ_CP166514.1_|_locus_tag=AB6X72_RS05595 -> NZ_CP166514.1_|_locus_tag_AB6X72_RS05595
NZ_CP166562.1_|_locus_tag=AB6X56_RS09120 -> NZ_CP166562.1_|_locus_tag_AB6X56_RS09120
NZ_CP166557.1_|_locus_tag=AB6X64_RS09305 -> NZ_CP166557.1_|_locus_tag_AB6X64_RS09305
NZ_CP166534.1_|_locus_tag=AB6X48_RS09530 -> NZ_CP166534.1_|_locus_tag_AB6X48_RS09530
NZ_CP166525.1_|_locus_tag=AB6X74_RS04845 -> NZ_CP166525.1_|_locus_tag_AB6X74_RS04845
NZ_CP166516.1_|_locus_tag=AB6X47_RS02905 -> NZ_CP166516.1_|_locus_tag_AB6X47_RS02905
NZ_CP166516.1_|_locus_tag=AB6X47_RS03960 -> NZ_CP166516.1_|_locus_tag_AB6X47_RS03960
NZ_CP166564.1_|_locus_tag=AB6X84_RS11400 -> NZ_CP166564.1_|_locus_tag_AB6X84_RS11400
NZ_CP166526.1_|_locus_tag=AB6X52_RS02135 -> NZ_CP166526.1_|_locus_tag_AB6X52_RS02135
NZ_CP166526.1_|_locus_tag=AB6X52_RS10145 -> NZ_CP166526.1_|_locus_tag_AB6X52_RS10145
NZ_CP166522.1_|_locus_tag=AB6X88_RS10150 -> NZ_CP166522.1_|_locus_tag_AB6X88_RS10150
NZ_CP166559.1_|_locus_tag=AB6X87_RS02230 -> NZ_CP166559.1_|_locus_tag_AB6X87_RS02230
NZ_CP166522.1_|_locus_tag=AB6X88_RS02120 -> NZ_CP166522.1_|_locus_tag_AB6X88_RS02120
NZ_CP166519.1_|_locus_tag=AB6X67_RS09590 -> NZ_CP166519.1_|_locus_tag_AB6X67_RS09590
NZ_CP166562.1_|_locus_tag=AB6X56_RS02425 -> NZ_CP166562.1_|_locus_tag_AB6X56_RS02425
NZ_CP166561.1_|_locus_tag=AB6X45_RS02425 -> NZ_CP166561.1_|_locus_tag_AB6X45_RS02425
NZ_CP166574.1_|_locus_tag=AB6X59_RS02440 -> NZ_CP166574.1_|_locus_tag_AB6X59_RS02440
NZ_CP166564.1_|_locus_tag=AB6X84_RS04460 -> NZ_CP166564.1_|_locus_tag_AB6X84_RS04460
NZ_CP166564.1_|_locus_tag=AB6X84_RS04735 -> NZ_CP166564.1_|_locus_tag_AB6X84_RS04735
NZ_CP166562.1_|_locus_tag=AB6X56_RS02445 -> NZ_CP166562.1_|_locus_tag_AB6X56_RS02445
NZ_CP166544.1_|_locus_tag=AB6X43_RS02525 -> NZ_CP166544.1_|_locus_tag_AB6X43_RS02525
NZ_CP166528.1_|_locus_tag=AB6X57_RS09670 -> NZ_CP166528.1_|_locus_tag_AB6X57_RS09670
NZ_CP166524.1_|_locus_tag=AB6X68_RS11175 -> NZ_CP166524.1_|_locus_tag_AB6X68_RS11175
NZ_CP166520.1_|_locus_tag=AB6X83_RS02380 -> NZ_CP166520.1_|_locus_tag_AB6X83_RS02380
NZ_CP166514.1_|_locus_tag=AB6X72_RS04545 -> NZ_CP166514.1_|_locus_tag_AB6X72_RS04545
NZ_CP166552.1_|_locus_tag=AB6X53_RS10525 -> NZ_CP166552.1_|_locus_tag_AB6X53_RS10525
NZ_CP166519.1_|_locus_tag=AB6X67_RS10150 -> NZ_CP166519.1_|_locus_tag_AB6X67_RS10150
NZ_CP087426.1_|_locus_tag=LPA80_RS03450 -> NZ_CP087426.1_|_locus_tag_LPA80_RS03450
NZ_CP087464.1_|_locus_tag=LPB15_RS12280 -> NZ_CP087464.1_|_locus_tag_LPB15_RS12280
NZ_CP087464.1_|_locus_tag=LPB15_RS12535 -> NZ_CP087464.1_|_locus_tag_LPB15_RS12535
NZ_CP087464.1_|_locus_tag=LPB15_RS03705 -> NZ_CP087464.1_|_locus_tag_LPB15_RS03705
NZ_CP087464.1_|_locus_tag=LPB15_RS04255 -> NZ_CP087464.1_|_locus_tag_LPB15_RS04255
NZ_CP087426.1_|_locus_tag=LPA80_RS04640 -> NZ_CP087426.1_|_locus_tag_LPA80_RS04640
NZ_CP166577.1_|_locus_tag=AB6X62_RS13335 -> NZ_CP166577.1_|_locus_tag_AB6X62_RS13335
NZ_CP087402.1_|_locus_tag=LPA77_RS12035 -> NZ_CP087402.1_|_locus_tag_LPA77_RS12035
NZ_CP087413.1_|_locus_tag=LPB35_RS04535 -> NZ_CP087413.1_|_locus_tag_LPB35_RS04535
NZ_CP087409.1_|_locus_tag=LPB26_RS12030 -> NZ_CP087409.1_|_locus_tag_LPB26_RS12030
NZ_CP087413.1_|_locus_tag=LPB35_RS11300 -> NZ_CP087413.1_|_locus_tag_LPB35_RS11300
NZ_CP166554.1_|_locus_tag=AB6X89_RS09525 -> NZ_CP166554.1_|_locus_tag_AB6X89_RS09525
NZ_CP166519.1_|_locus_tag=AB6X67_RS04335 -> NZ_CP166519.1_|_locus_tag_AB6X67_RS04335
NZ_CP166516.1_|_locus_tag=AB6X47_RS02650 -> NZ_CP166516.1_|_locus_tag_AB6X47_RS02650
NZ_CP087395.1_|_locus_tag=LPB30_RS12000 -> NZ_CP087395.1_|_locus_tag_LPB30_RS12000
NZ_CP087395.1_|_locus_tag=LPB30_RS12015 -> NZ_CP087395.1_|_locus_tag_LPB30_RS12015
NZ_CP087422.1_|_locus_tag=LPA88_RS04895 -> NZ_CP087422.1_|_locus_tag_LPA88_RS04895
NZ_CP087397.1_|_locus_tag=LPA66_RS11575 -> NZ_CP087397.1_|_locus_tag_LPA66_RS11575
NZ_CP087395.1_|_locus_tag=LPB30_RS04575 -> NZ_CP087395.1_|_locus_tag_LPB30_RS04575
NZ_CP087397.1_|_locus_tag=LPA66_RS11590 -> NZ_CP087397.1_|_locus_tag_LPA66_RS11590
NZ_CP087422.1_|_locus_tag=LPA88_RS11280 -> NZ_CP087422.1_|_locus_tag_LPA88_RS11280
NZ_CP087422.1_|_locus_tag=LPA88_RS11530 -> NZ_CP087422.1_|_locus_tag_LPA88_RS11530
NZ_CP087395.1_|_locus_tag=LPB30_RS03410 -> NZ_CP087395.1_|_locus_tag_LPB30_RS03410
NZ_CP087422.1_|_locus_tag=LPA88_RS11265 -> NZ_CP087422.1_|_locus_tag_LPA88_RS11265
NZ_CP087397.1_|_locus_tag=LPA66_RS05020 -> NZ_CP087397.1_|_locus_tag_LPA66_RS05020
NZ_CP166554.1_|_locus_tag=AB6X89_RS02785 -> NZ_CP166554.1_|_locus_tag_AB6X89_RS02785
NZ_CP087437.1_|_locus_tag=LPA86_RS02290 -> NZ_CP087437.1_|_locus_tag_LPA86_RS02290
NZ_CP087434.1_|_locus_tag=LPB29_RS02280 -> NZ_CP087434.1_|_locus_tag_LPB29_RS02280
NZ_CP087430.1_|_locus_tag=LPA68_RS02265 -> NZ_CP087430.1_|_locus_tag_LPA68_RS02265
NZ_CP087431.1_|_locus_tag=LPA96_RS11190 -> NZ_CP087431.1_|_locus_tag_LPA96_RS11190
NZ_CP087447.1_|_locus_tag=LPB22_RS11070 -> NZ_CP087447.1_|_locus_tag_LPB22_RS11070
NZ_CP166564.1_|_locus_tag=AB6X84_RS10280 -> NZ_CP166564.1_|_locus_tag_AB6X84_RS10280
NZ_CP166534.1_|_locus_tag=AB6X48_RS10525 -> NZ_CP166534.1_|_locus_tag_AB6X48_RS10525
NZ_CP166511.1_|_locus_tag=AB6X96_RS02395 -> NZ_CP166511.1_|_locus_tag_AB6X96_RS02395
NZ_CP166511.1_|_locus_tag=AB6X96_RS09135 -> NZ_CP166511.1_|_locus_tag_AB6X96_RS09135
NZ_CP087437.1_|_locus_tag=LPA86_RS02565 -> NZ_CP087437.1_|_locus_tag_LPA86_RS02565
NZ_CP087434.1_|_locus_tag=LPB29_RS09210 -> NZ_CP087434.1_|_locus_tag_LPB29_RS09210
NZ_CP087432.1_|_locus_tag=LPA89_RS09545 -> NZ_CP087432.1_|_locus_tag_LPA89_RS09545
NZ_CP087431.1_|_locus_tag=LPA96_RS09555 -> NZ_CP087431.1_|_locus_tag_LPA96_RS09555
NZ_CP087430.1_|_locus_tag=LPA68_RS09185 -> NZ_CP087430.1_|_locus_tag_LPA68_RS09185
NZ_CP087428.1_|_locus_tag=LPB40_RS09210 -> NZ_CP087428.1_|_locus_tag_LPB40_RS09210
NZ_CP087430.1_|_locus_tag=LPA68_RS11120 -> NZ_CP087430.1_|_locus_tag_LPA68_RS11120
NZ_CP087431.1_|_locus_tag=LPA96_RS10615 -> NZ_CP087431.1_|_locus_tag_LPA96_RS10615
NZ_CP087430.1_|_locus_tag=LPA68_RS10550 -> NZ_CP087430.1_|_locus_tag_LPA68_RS10550
NZ_CP087437.1_|_locus_tag=LPA86_RS10590 -> NZ_CP087437.1_|_locus_tag_LPA86_RS10590
NZ_CP087434.1_|_locus_tag=LPB29_RS10580 -> NZ_CP087434.1_|_locus_tag_LPB29_RS10580
NZ_CP166511.1_|_locus_tag=AB6X96_RS02415 -> NZ_CP166511.1_|_locus_tag_AB6X96_RS02415
NZ_CP166571.1_|_locus_tag=AB6X92_RS09530 -> NZ_CP166571.1_|_locus_tag_AB6X92_RS09530
NZ_CP166569.1_|_locus_tag=AB6X75_RS09525 -> NZ_CP166569.1_|_locus_tag_AB6X75_RS09525
NZ_CP166519.1_|_locus_tag=AB6X67_RS11175 -> NZ_CP166519.1_|_locus_tag_AB6X67_RS11175
NZ_CP166517.1_|_locus_tag=AB6X55_RS09515 -> NZ_CP166517.1_|_locus_tag_AB6X55_RS09515
NZ_CP166513.1_|_locus_tag=AB6X73_RS09135 -> NZ_CP166513.1_|_locus_tag_AB6X73_RS09135
NZ_CP166512.1_|_locus_tag=AB6X86_RS09135 -> NZ_CP166512.1_|_locus_tag_AB6X86_RS09135
NZ_CP087432.1_|_locus_tag=LPA89_RS02545 -> NZ_CP087432.1_|_locus_tag_LPA89_RS02545
NZ_CP087431.1_|_locus_tag=LPA96_RS02555 -> NZ_CP087431.1_|_locus_tag_LPA96_RS02555
NZ_CP087429.1_|_locus_tag=LPA92_RS02535 -> NZ_CP087429.1_|_locus_tag_LPA92_RS02535

                                          Gap/Ambiguity  Composition  p-value
Analyzing sequences: done in 0.0006427 secs
   1  NZ_CP166554.1_|_locus_tag_AB6X89_RS09780    1.34%    passed     99.17%
   2  NZ_CP087462.1_|_locus_tag_LPA62_RS03950     0.83%    passed     95.79%
   3  NZ_CP087462.1_|_locus_tag_LPA62_RS12470     0.83%    passed     94.59%
   4  NZ_CP087462.1_|_locus_tag_LPA62_RS12725     0.77%    passed     93.86%
   5  NZ_CP087426.1_|_locus_tag_LPA80_RS11830     0.89%    passed     95.21%
   6  NZ_CP087427.1_|_locus_tag_LPB23_RS03350     0.83%    passed     93.35%
   7  NZ_CP087427.1_|_locus_tag_LPB23_RS11680     0.83%    passed     94.59%
   8  NZ_CP087426.1_|_locus_tag_LPA80_RS03980     0.89%    passed     96.03%
   9  NZ_CP087426.1_|_locus_tag_LPA80_RS11815     0.89%    passed     96.03%
  10  NZ_CP087470.1_|_locus_tag_LPA94_RS03330     0.89%    passed     96.60%
  11  NZ_CP087469.1_|_locus_tag_LPB21_RS03330     0.89%    passed     96.60%
  12  NZ_CP087465.1_|_locus_tag_LPB06_RS11960     0.89%    passed     96.03%
  13  NZ_CP087456.1_|_locus_tag_LPA55_RS11960     0.89%    passed     96.03%
  14  NZ_CP087455.1_|_locus_tag_LPB38_RS11960     0.89%    passed     96.03%
  15  NZ_CP087470.1_|_locus_tag_LPA94_RS11755     0.89%    passed     95.21%
  16  NZ_CP087470.1_|_locus_tag_LPA94_RS11770     0.89%    passed     95.21%
  17  NZ_CP087470.1_|_locus_tag_LPA94_RS12025     0.89%    passed     95.21%
  18  NZ_CP087469.1_|_locus_tag_LPB21_RS11755     0.89%    passed     95.21%
  19  NZ_CP087469.1_|_locus_tag_LPB21_RS11770     0.89%    passed     95.21%
  20  NZ_CP087469.1_|_locus_tag_LPB21_RS12025     0.89%    passed     95.21%
  21  NZ_CP087468.1_|_locus_tag_LPB09_RS09235     0.89%    passed     95.21%
  22  NZ_CP087468.1_|_locus_tag_LPB09_RS09850     0.89%    passed     95.21%
  23  NZ_CP087468.1_|_locus_tag_LPB09_RS12975     0.89%    passed     95.21%
  24  NZ_CP087468.1_|_locus_tag_LPB09_RS12990     0.89%    passed     95.21%
  25  NZ_CP087468.1_|_locus_tag_LPB09_RS13245     0.89%    passed     95.21%
  26  NZ_CP087467.1_|_locus_tag_LPA83_RS03690     0.89%    passed     95.21%
  27  NZ_CP087467.1_|_locus_tag_LPA83_RS04305     0.89%    passed     95.21%
  28  NZ_CP087467.1_|_locus_tag_LPA83_RS11690     0.89%    passed     95.21%
  29  NZ_CP087467.1_|_locus_tag_LPA83_RS11705     0.89%    passed     95.21%
  30  NZ_CP087467.1_|_locus_tag_LPA83_RS11960     0.89%    passed     95.21%
  31  NZ_CP087466.1_|_locus_tag_LPA58_RS04455     0.89%    passed     95.21%
  32  NZ_CP087466.1_|_locus_tag_LPA58_RS11185     0.89%    passed     95.21%
  33  NZ_CP087466.1_|_locus_tag_LPA58_RS11440     0.89%    passed     95.21%
  34  NZ_CP087465.1_|_locus_tag_LPB06_RS03870     0.89%    passed     95.21%
  35  NZ_CP087463.1_|_locus_tag_LPB07_RS11975     0.89%    passed     95.21%
  36  NZ_CP087463.1_|_locus_tag_LPB07_RS11990     0.89%    passed     95.21%
  37  NZ_CP087463.1_|_locus_tag_LPB07_RS12245     0.89%    passed     95.21%
  38  NZ_CP087462.1_|_locus_tag_LPA62_RS12455     0.89%    passed     95.21%
  39  NZ_CP087461.1_|_locus_tag_LPA87_RS04090     0.89%    passed     95.21%
  40  NZ_CP087461.1_|_locus_tag_LPA87_RS11935     0.89%    passed     95.21%
  41  NZ_CP087461.1_|_locus_tag_LPA87_RS12190     0.89%    passed     95.21%
  42  NZ_CP087460.1_|_locus_tag_LPB28_RS03660     0.89%    passed     95.21%
  43  NZ_CP087459.1_|_locus_tag_LPB01_RS03650     0.89%    passed     95.21%
  44  NZ_CP087456.1_|_locus_tag_LPA55_RS03870     0.89%    passed     95.21%
  45  NZ_CP087457.1_|_locus_tag_LPA78_RS04315     0.89%    passed     95.21%
  46  NZ_CP087457.1_|_locus_tag_LPA78_RS11555     0.89%    passed     95.21%
  47  NZ_CP087457.1_|_locus_tag_LPA78_RS11570     0.89%    passed     95.21%
  48  NZ_CP087457.1_|_locus_tag_LPA78_RS11825     0.89%    passed     95.21%
  49  NZ_CP087455.1_|_locus_tag_LPB38_RS03870     0.89%    passed     95.21%
  50  NZ_CP087454.1_|_locus_tag_LPA59_RS03750     0.89%    passed     95.21%
  51  NZ_CP087454.1_|_locus_tag_LPA59_RS04365     0.89%    passed     95.21%
  52  NZ_CP087454.1_|_locus_tag_LPA59_RS12525     0.89%    passed     95.21%
  53  NZ_CP087454.1_|_locus_tag_LPA59_RS12540     0.89%    passed     95.21%
  54  NZ_CP087454.1_|_locus_tag_LPA59_RS12795     0.89%    passed     95.21%
  55  NZ_CP087453.1_|_locus_tag_LPB33_RS04080     0.89%    passed     95.21%
  56  NZ_CP087453.1_|_locus_tag_LPB33_RS04630     0.89%    passed     95.21%
  57  NZ_CP087453.1_|_locus_tag_LPB33_RS12080     0.89%    passed     95.21%
  58  NZ_CP087453.1_|_locus_tag_LPB33_RS12095     0.89%    passed     95.21%
  59  NZ_CP087453.1_|_locus_tag_LPB33_RS12350     0.89%    passed     95.21%
  60  NZ_CP087452.1_|_locus_tag_LPA71_RS03290     0.89%    passed     95.21%
  61  NZ_CP087452.1_|_locus_tag_LPA71_RS03900     0.89%    passed     95.21%
  62  NZ_CP087452.1_|_locus_tag_LPA71_RS11870     0.89%    passed     95.21%
  63  NZ_CP087452.1_|_locus_tag_LPA71_RS11885     0.89%    passed     95.21%
  64  NZ_CP087452.1_|_locus_tag_LPA71_RS12140     0.89%    passed     95.21%
  65  NZ_CP087427.1_|_locus_tag_LPB23_RS03880     0.89%    passed     95.21%
  66  NZ_CP087427.1_|_locus_tag_LPB23_RS04505     0.89%    passed     95.21%
  67  NZ_CP087427.1_|_locus_tag_LPB23_RS11700     0.89%    passed     95.21%
  68  NZ_CP087426.1_|_locus_tag_LPA80_RS12085     0.89%    passed     95.21%
  69  NZ_CP197393.1_|_locus_tag_ACTQG0_RS00005    0.89%    passed     95.21%
  70  NZ_CP197393.1_|_locus_tag_ACTQG0_RS00020    0.89%    passed     95.21%
  71  NZ_CP197393.1_|_locus_tag_ACTQG0_RS08795    0.89%    passed     95.21%
  72  NZ_CP197393.1_|_locus_tag_ACTQG0_RS13135    0.89%    passed     95.21%
  73  NZ_CP197392.1_|_locus_tag_ACTQGY_RS00540    0.89%    passed     95.21%
  74  NZ_CP197392.1_|_locus_tag_ACTQGY_RS04830    0.89%    passed     95.21%
  75  NZ_CP197392.1_|_locus_tag_ACTQGY_RS05085    0.89%    passed     95.21%
  76  NZ_CP197392.1_|_locus_tag_ACTQGY_RS05100    0.89%    passed     95.21%
  77  NZ_CP197391.1_|_locus_tag_ACTQGX_RS07415    0.89%    passed     95.21%
  78  NZ_CP197391.1_|_locus_tag_ACTQGX_RS07430    0.89%    passed     95.21%
  79  NZ_CP197391.1_|_locus_tag_ACTQGX_RS07685    0.89%    passed     95.21%
  80  NZ_CP197391.1_|_locus_tag_ACTQGX_RS11975    0.89%    passed     95.21%
  81  NZ_CP197390.1_|_locus_tag_ACTQG1_RS00005    0.89%    passed     95.21%
  82  NZ_CP197390.1_|_locus_tag_ACTQG1_RS00020    0.89%    passed     95.21%
  83  NZ_CP197390.1_|_locus_tag_ACTQG1_RS08540    0.89%    passed     95.21%
  84  NZ_CP197390.1_|_locus_tag_ACTQG1_RS12835    0.89%    passed     95.21%
  85  NZ_CP162665.1_|_locus_tag_AB4Y52_RS02730    0.89%    passed     95.21%
  86  NZ_CP162665.1_|_locus_tag_AB4Y52_RS03370    0.89%    passed     95.21%
  87  NZ_CP162665.1_|_locus_tag_AB4Y52_RS07870    0.89%    passed     95.21%
  88  NZ_CP162665.1_|_locus_tag_AB4Y52_RS08125    0.89%    passed     95.21%
  89  NZ_CP162665.1_|_locus_tag_AB4Y52_RS08145    0.89%    passed     95.21%
  90  NZ_CP162663.1_|_locus_tag_AB4Y50_RS00475    0.89%    passed     95.21%
  91  NZ_CP162663.1_|_locus_tag_AB4Y50_RS01115    0.89%    passed     95.21%
  92  NZ_CP162663.1_|_locus_tag_AB4Y50_RS05620    0.89%    passed     95.21%
  93  NZ_CP162663.1_|_locus_tag_AB4Y50_RS05875    0.89%    passed     95.21%
  94  NZ_CP162663.1_|_locus_tag_AB4Y50_RS05895    0.89%    passed     95.21%
  95  NZ_CP163405.1_|_locus_tag_AB6C05_RS04110    0.89%    passed     95.21%
  96  NZ_CP163405.1_|_locus_tag_AB6C05_RS09230    0.89%    passed     95.21%
  97  NZ_CP163405.1_|_locus_tag_AB6C05_RS09485    0.89%    passed     95.21%
  98  NZ_CP163405.1_|_locus_tag_AB6C05_RS09505    0.89%    passed     95.21%
  99  NZ_CP163405.1_|_locus_tag_AB6C05_RS09525    0.89%    passed     95.21%
 100  NZ_CP163403.1_|_locus_tag_AB6C04_RS00005    0.89%    passed     95.21%
 101  NZ_CP163403.1_|_locus_tag_AB6C04_RS00025    0.89%    passed     95.21%
 102  NZ_CP163403.1_|_locus_tag_AB6C04_RS07715    0.89%    passed     95.21%
 103  NZ_CP163403.1_|_locus_tag_AB6C04_RS12835    0.89%    passed     95.21%
 104  NZ_CP163401.1_|_locus_tag_AB6C03_RS05660    0.89%    passed     95.21%
 105  NZ_CP163401.1_|_locus_tag_AB6C03_RS05680    0.89%    passed     95.21%
 106  NZ_CP163401.1_|_locus_tag_AB6C03_RS05935    0.89%    passed     95.21%
 107  NZ_CP163401.1_|_locus_tag_AB6C03_RS11050    0.89%    passed     95.21%
 108  NZ_CP087464.1_|_locus_tag_LPB15_RS04855     0.89%    passed     96.37%
 109  NZ_CP087463.1_|_locus_tag_LPB07_RS04925     0.89%    passed     96.37%
 110  NZ_CP087460.1_|_locus_tag_LPB28_RS04790     0.89%    passed     96.37%
 111  NZ_CP087459.1_|_locus_tag_LPB01_RS04770     0.89%    passed     96.37%
 112  NZ_CP087457.1_|_locus_tag_LPA78_RS04925     0.89%    passed     96.37%
 113  NZ_CP087466.1_|_locus_tag_LPA58_RS03260     0.89%    passed     96.03%
 114  NZ_CP087463.1_|_locus_tag_LPB07_RS03780     0.89%    passed     96.03%
 115  NZ_CP087457.1_|_locus_tag_LPA78_RS03760     0.89%    passed     96.03%
 116  NZ_CP087461.1_|_locus_tag_LPA87_RS04755     0.89%    passed     96.03%
 117  NZ_CP087466.1_|_locus_tag_LPA58_RS03810     0.89%    passed     96.37%
 118  NZ_CP087427.1_|_locus_tag_LPB23_RS11955     0.89%    passed     96.37%
 119  NZ_CP087470.1_|_locus_tag_LPA94_RS03925     0.89%    passed     96.03%
 120  NZ_CP087469.1_|_locus_tag_LPB21_RS03925     0.89%    passed     96.03%
 121  NZ_CP087465.1_|_locus_tag_LPB06_RS04410     0.89%    passed     96.03%
 122  NZ_CP087463.1_|_locus_tag_LPB07_RS04325     0.89%    passed     96.03%
 123  NZ_CP087460.1_|_locus_tag_LPB28_RS04190     0.89%    passed     96.03%
 124  NZ_CP087459.1_|_locus_tag_LPB01_RS04170     0.89%    passed     96.03%
 125  NZ_CP087456.1_|_locus_tag_LPA55_RS04410     0.89%    passed     96.03%
 126  NZ_CP087455.1_|_locus_tag_LPB38_RS04410     0.89%    passed     96.03%
 127  NZ_CP163405.1_|_locus_tag_AB6C05_RS04760    0.89%    passed     96.03%
 128  NZ_CP163405.1_|_locus_tag_AB6C05_RS05285    0.89%    passed     96.03%
 129  NZ_CP163403.1_|_locus_tag_AB6C04_RS08365    0.89%    passed     96.03%
 130  NZ_CP163403.1_|_locus_tag_AB6C04_RS08890    0.89%    passed     96.03%
 131  NZ_CP163401.1_|_locus_tag_AB6C03_RS09875    0.89%    passed     96.03%
 132  NZ_CP163401.1_|_locus_tag_AB6C03_RS10400    0.89%    passed     96.03%
 133  NZ_CP197393.1_|_locus_tag_ACTQG0_RS08265    0.89%    passed     96.39%
 134  NZ_CP197392.1_|_locus_tag_ACTQGY_RS00015    0.89%    passed     96.39%
 135  NZ_CP197391.1_|_locus_tag_ACTQGX_RS12500    0.89%    passed     96.39%
 136  NZ_CP197390.1_|_locus_tag_ACTQG1_RS08015    0.89%    passed     96.39%
 137  NZ_CP087465.1_|_locus_tag_LPB06_RS11705     0.89%    passed     93.79%
 138  NZ_CP087456.1_|_locus_tag_LPA55_RS11705     0.89%    passed     93.79%
 139  NZ_CP087455.1_|_locus_tag_LPB38_RS11705     0.89%    passed     93.79%
 140  NZ_CP087460.1_|_locus_tag_LPB28_RS11575     0.89%    passed     93.79%
 141  NZ_CP087460.1_|_locus_tag_LPB28_RS11590     0.89%    passed     93.79%
 142  NZ_CP087460.1_|_locus_tag_LPB28_RS11845     0.89%    passed     93.79%
 143  NZ_CP087459.1_|_locus_tag_LPB01_RS11540     0.89%    passed     93.79%
 144  NZ_CP087459.1_|_locus_tag_LPB01_RS11795     0.89%    passed     93.79%
 145  NZ_CP087462.1_|_locus_tag_LPA62_RS03420     0.89%    passed     94.74%
 146  NZ_CP087461.1_|_locus_tag_LPA87_RS03570     0.89%    passed     94.74%
 147  NZ_CP087453.1_|_locus_tag_LPB33_RS05265     0.96%    passed     96.76%
 148  NZ_CP197393.1_|_locus_tag_ACTQG0_RS07665    0.96%    passed     96.41%
 149  NZ_CP197392.1_|_locus_tag_ACTQGY_RS12090    0.96%    passed     96.41%
 150  NZ_CP197391.1_|_locus_tag_ACTQGX_RS00005    0.96%    passed     96.41%
 151  NZ_CP197390.1_|_locus_tag_ACTQG1_RS07415    0.96%    passed     96.41%
 152  NZ_CP087468.1_|_locus_tag_LPB09_RS08585     0.96%    passed     94.77%
 153  NZ_CP087467.1_|_locus_tag_LPA83_RS04950     0.96%    passed     94.77%
 154  NZ_CP087465.1_|_locus_tag_LPB06_RS05060     0.96%    passed     94.77%
 155  NZ_CP087456.1_|_locus_tag_LPA55_RS05060     0.96%    passed     94.77%
 156  NZ_CP087455.1_|_locus_tag_LPB38_RS05060     0.96%    passed     94.77%
 157  NZ_CP087454.1_|_locus_tag_LPA59_RS05015     0.96%    passed     94.77%
 158  NZ_CP087452.1_|_locus_tag_LPA71_RS04535     0.96%    passed     94.77%
 159  NZ_CP087470.1_|_locus_tag_LPA94_RS04560     0.96%    passed     95.72%
 160  NZ_CP087469.1_|_locus_tag_LPB21_RS04560     0.96%    passed     95.72%
 161  NZ_CP087462.1_|_locus_tag_LPA62_RS04605     0.96%    passed     95.72%
 162  NZ_CP195074.1_|_locus_tag_ACSAXH_RS03085    0.96%    passed     98.96%
 163  NZ_CP195074.1_|_locus_tag_ACSAXH_RS04155    0.96%    passed     98.96%
 164  NZ_CP195074.1_|_locus_tag_ACSAXH_RS10605    0.96%    passed     98.96%
 165  NZ_CP195074.1_|_locus_tag_ACSAXH_RS10620    0.96%    passed     98.96%
 166  NZ_CP195066.1_|_locus_tag_ACSAXG_RS04235    0.96%    passed     98.88%
 167  NZ_CP195074.1_|_locus_tag_ACSAXH_RS10875    0.96%    passed     99.63%
 168  NZ_CP162665.1_|_locus_tag_AB4Y52_RS03905    0.89%    passed     94.12%
 169  NZ_CP162663.1_|_locus_tag_AB4Y50_RS01650    0.89%    passed     94.12%
 170  NZ_CP195066.1_|_locus_tag_ACSAXG_RS03145    0.96%    passed     98.44%
 171  NZ_CP195066.1_|_locus_tag_ACSAXG_RS03660    0.96%    passed     98.44%
 172  NZ_CP195066.1_|_locus_tag_ACSAXG_RS10695    0.96%    passed     98.44%
 173  NZ_CP195066.1_|_locus_tag_ACSAXG_RS10710    0.96%    passed     98.44%
 174  NZ_CP195066.1_|_locus_tag_ACSAXG_RS10965    0.96%    passed     98.44%
 175  NZ_CP195074.1_|_locus_tag_ACSAXH_RS03585    0.96%    passed     99.52%
 176  NZ_CP190853.1_|_locus_tag_ACP8MJ_RS11450    1.02%    passed     99.99%
 177  NZ_CP166554.1_|_locus_tag_AB6X89_RS04345    1.21%    passed     99.33%
 178  NZ_AP041587.1_|_locus_tag_ACZ5QC_RS04810    0.83%    passed     99.94%
 179  NZ_AP041587.1_|_locus_tag_ACZ5QC_RS10630    0.83%    passed     99.70%
 180  NZ_CP087413.1_|_locus_tag_LPB35_RS03460     1.02%    passed     99.98%
 181  NZ_CP087413.1_|_locus_tag_LPB35_RS11565     1.02%    passed     99.99%
 182  NZ_CP166525.1_|_locus_tag_AB6X74_RS04590    1.15%    passed     99.18%
 183  NZ_CP190834.1_|_locus_tag_ACP8K8_RS10355    0.96%    passed     99.99%
 184  NZ_CP190834.1_|_locus_tag_ACP8K8_RS04370    0.96%    passed     99.99%
 185  NZ_CP190973.1_|_locus_tag_ACP8LY_RS04710    0.96%    passed     99.99%
 186  NZ_CP190973.1_|_locus_tag_ACP8LY_RS10475    0.96%    passed     99.98%
 187  NZ_CP190834.1_|_locus_tag_ACP8K8_RS03345    0.96%    passed    100.00%
 188  NZ_CP190834.1_|_locus_tag_ACP8K8_RS03835    0.96%    passed    100.00%
 189  NZ_CP190834.1_|_locus_tag_ACP8K8_RS10340    0.96%    passed    100.00%
 190  NZ_CP190834.1_|_locus_tag_ACP8K8_RS10600    0.96%    passed    100.00%
 191  NZ_CP190973.1_|_locus_tag_ACP8LY_RS03690    0.96%    passed    100.00%
 192  NZ_CP190973.1_|_locus_tag_ACP8LY_RS04185    0.96%    passed    100.00%
 193  NZ_CP190973.1_|_locus_tag_ACP8LY_RS10720    0.96%    passed    100.00%
 194  NZ_CP190973.1_|_locus_tag_ACP8LY_RS10460    0.96%    passed     99.96%
 195  NZ_OZ408735.1_|_locus_tag_ACZJZQ_RS11110    1.09%    passed     99.95%
 196  NZ_CP190975.1_|_locus_tag_ACP8MH_RS04290    0.89%    passed     72.95%
 197  NZ_CP190979.1_|_locus_tag_ACP8J3_RS03435    0.83%    passed     99.71%
 198  NZ_CP190979.1_|_locus_tag_ACP8J3_RS03945    0.83%    passed     99.94%
 199  NZ_CP190979.1_|_locus_tag_ACP8J3_RS04640    0.83%    passed     99.94%
 200  NZ_CP190979.1_|_locus_tag_ACP8J3_RS10955    0.83%    passed     99.94%
 201  NZ_CP190979.1_|_locus_tag_ACP8J3_RS10970    0.83%    passed     99.94%
 202  NZ_CP190979.1_|_locus_tag_ACP8J3_RS11220    0.83%    passed     99.94%
 203  NZ_CP190937.1_|_locus_tag_ACP8JV_RS11160    0.83%    passed     99.93%
 204  NZ_CP190937.1_|_locus_tag_ACP8JV_RS03600    0.83%    passed     99.99%
 205  NZ_CP190937.1_|_locus_tag_ACP8JV_RS04115    0.83%    passed     99.99%
 206  NZ_CP190937.1_|_locus_tag_ACP8JV_RS11145    0.83%    passed     99.99%
 207  NZ_CP190937.1_|_locus_tag_ACP8JV_RS11410    0.83%    passed     99.99%
 208  NZ_CP121447.1_|_locus_tag_P7F85_RS03580     0.83%    passed     99.99%
 209  NZ_CP121447.1_|_locus_tag_P7F85_RS04095     0.83%    passed     99.99%
 210  NZ_CP121447.1_|_locus_tag_P7F85_RS04800     0.83%    passed     99.99%
 211  NZ_CP121447.1_|_locus_tag_P7F85_RS11095     0.83%    passed     99.99%
 212  NZ_CP121447.1_|_locus_tag_P7F85_RS11110     0.83%    passed     99.99%
 213  NZ_CP121447.1_|_locus_tag_P7F85_RS11360     0.83%    passed     99.99%
 214  NZ_CP190937.1_|_locus_tag_ACP8JV_RS04770    0.83%    passed     99.94%
 215  NZ_OZ408735.1_|_locus_tag_ACZJZQ_RS05010    1.02%    passed     99.87%
 216  NZ_AP029231.1_|_locus_tag_ACZ5VA_RS03790    0.96%    passed     99.98%
 217  NZ_OZ408735.1_|_locus_tag_ACZJZQ_RS04995    0.96%    passed     99.93%
 218  NZ_AP029227.1_|_locus_tag_ACZ5V5_RS11060    1.02%    passed    100.00%
 219  NZ_CP087397.1_|_locus_tag_LPA66_RS11840     0.96%    passed    100.00%
 220  NZ_CP191099.1_|_locus_tag_ACP8IB_RS04560    0.96%    passed     99.97%
 221  NZ_CP190964.1_|_locus_tag_ACP8KO_RS03325    0.96%    passed     99.97%
 222  NZ_CP190991.1_|_locus_tag_ACP8KD_RS04540    0.96%    passed    100.00%
 223  NZ_CP190856.1_|_locus_tag_ACP8MF_RS11245    0.89%    passed     99.96%
 224  NZ_CP191099.1_|_locus_tag_ACP8IB_RS10850    0.89%    passed     99.96%
 225  NZ_CP190975.1_|_locus_tag_ACP8MH_RS03765    0.77%    passed     72.54%
 226  NZ_CP190975.1_|_locus_tag_ACP8MH_RS04850    0.77%    passed     72.54%
 227  NZ_CP190975.1_|_locus_tag_ACP8MH_RS11485    0.77%    passed     72.54%
 228  NZ_CP190975.1_|_locus_tag_ACP8MH_RS11500    0.77%    passed     72.54%
 229  NZ_CP190975.1_|_locus_tag_ACP8MH_RS11800    0.77%    passed     72.54%
 230  NZ_CP191038.1_|_locus_tag_ACP8MX_RS03355    0.96%    passed     99.93%
 231  NZ_CP190853.1_|_locus_tag_ACP8MJ_RS11185    0.96%    passed     99.98%
 232  NZ_CP195124.1_|_locus_tag_ACR43Q_RS10680    0.96%    passed     99.98%
 233  NZ_AP029227.1_|_locus_tag_ACZ5V5_RS03580    0.96%    passed     99.80%
 234  NZ_CP191006.1_|_locus_tag_ACP8JE_RS04535    0.96%    passed     99.99%
 235  NZ_CP190984.1_|_locus_tag_ACP8LE_RS04530    0.96%    passed     99.99%
 236  NZ_CP190856.1_|_locus_tag_ACP8MF_RS11230    0.96%    passed     99.98%
 237  NZ_CP190856.1_|_locus_tag_ACP8MF_RS11495    0.96%    passed     99.98%
 238  NZ_CP191077.1_|_locus_tag_ACP8KB_RS03515    0.96%    passed     99.98%
 239  NZ_CP191077.1_|_locus_tag_ACP8KB_RS03995    0.96%    passed     99.98%
 240  NZ_CP191077.1_|_locus_tag_ACP8KB_RS04595    0.96%    passed     99.98%
 241  NZ_CP191077.1_|_locus_tag_ACP8KB_RS11070    0.96%    passed     99.98%
 242  NZ_CP191077.1_|_locus_tag_ACP8KB_RS11085    0.96%    passed     99.98%
 243  NZ_CP191067.1_|_locus_tag_ACP8LX_RS11230    0.96%    passed     99.98%
 244  NZ_CP191049.1_|_locus_tag_ACP8K0_RS03440    0.96%    passed     99.98%
 245  NZ_CP191049.1_|_locus_tag_ACP8K0_RS03925    0.96%    passed     99.98%
 246  NZ_CP191049.1_|_locus_tag_ACP8K0_RS10560    0.96%    passed     99.98%
 247  NZ_CP191049.1_|_locus_tag_ACP8K0_RS10575    0.96%    passed     99.98%
 248  NZ_CP191049.1_|_locus_tag_ACP8K0_RS10825    0.96%    passed     99.98%
 249  NZ_CP191041.1_|_locus_tag_ACP8JJ_RS03450    0.96%    passed     99.98%
 250  NZ_CP191041.1_|_locus_tag_ACP8JJ_RS03930    0.96%    passed     99.98%
 251  NZ_CP191041.1_|_locus_tag_ACP8JJ_RS04600    0.96%    passed     99.98%
 252  NZ_CP191041.1_|_locus_tag_ACP8JJ_RS11165    0.96%    passed     99.98%
 253  NZ_CP191041.1_|_locus_tag_ACP8JJ_RS11180    0.96%    passed     99.98%
 254  NZ_CP191041.1_|_locus_tag_ACP8JJ_RS11430    0.96%    passed     99.98%
 255  NZ_CP191006.1_|_locus_tag_ACP8JE_RS03320    0.96%    passed     99.98%
 256  NZ_CP191006.1_|_locus_tag_ACP8JE_RS03805    0.96%    passed     99.98%
 257  NZ_CP191006.1_|_locus_tag_ACP8JE_RS10930    0.96%    passed     99.98%
 258  NZ_CP191006.1_|_locus_tag_ACP8JE_RS10945    0.96%    passed     99.98%
 259  NZ_CP191006.1_|_locus_tag_ACP8JE_RS11195    0.96%    passed     99.98%
 260  NZ_CP190995.1_|_locus_tag_ACP8LU_RS03310    0.96%    passed     99.98%
 261  NZ_CP190995.1_|_locus_tag_ACP8LU_RS03790    0.96%    passed     99.98%
 262  NZ_CP190995.1_|_locus_tag_ACP8LU_RS04520    0.96%    passed     99.98%
 263  NZ_CP190995.1_|_locus_tag_ACP8LU_RS11150    0.96%    passed     99.98%
 264  NZ_CP190995.1_|_locus_tag_ACP8LU_RS11170    0.96%    passed     99.98%
 265  NZ_CP190991.1_|_locus_tag_ACP8KD_RS03325    0.96%    passed     99.98%
 266  NZ_CP190991.1_|_locus_tag_ACP8KD_RS03810    0.96%    passed     99.98%
 267  NZ_CP190991.1_|_locus_tag_ACP8KD_RS10935    0.96%    passed     99.98%
 268  NZ_CP190991.1_|_locus_tag_ACP8KD_RS10950    0.96%    passed     99.98%
 269  NZ_CP190991.1_|_locus_tag_ACP8KD_RS11200    0.96%    passed     99.98%
 270  NZ_CP190984.1_|_locus_tag_ACP8LE_RS03315    0.96%    passed     99.98%
 271  NZ_CP190984.1_|_locus_tag_ACP8LE_RS03800    0.96%    passed     99.98%
 272  NZ_CP190984.1_|_locus_tag_ACP8LE_RS10980    0.96%    passed     99.98%
 273  NZ_CP190984.1_|_locus_tag_ACP8LE_RS10995    0.96%    passed     99.98%
 274  NZ_CP190984.1_|_locus_tag_ACP8LE_RS11245    0.96%    passed     99.98%
 275  NZ_CP190964.1_|_locus_tag_ACP8KO_RS03815    0.96%    passed     99.98%
 276  NZ_CP190964.1_|_locus_tag_ACP8KO_RS10920    0.96%    passed     99.98%
 277  NZ_CP190964.1_|_locus_tag_ACP8KO_RS10935    0.96%    passed     99.98%
 278  NZ_CP190964.1_|_locus_tag_ACP8KO_RS11185    0.96%    passed     99.98%
 279  NZ_CP190959.1_|_locus_tag_ACP8JN_RS03635    0.96%    passed     99.98%
 280  NZ_CP190959.1_|_locus_tag_ACP8JN_RS04115    0.96%    passed     99.98%
 281  NZ_CP190959.1_|_locus_tag_ACP8JN_RS10810    0.96%    passed     99.98%
 282  NZ_CP190959.1_|_locus_tag_ACP8JN_RS11060    0.96%    passed     99.98%
 283  NZ_CP191136.1_|_locus_tag_ACP8I1_RS07980    0.96%    passed     99.98%
 284  NZ_CP191136.1_|_locus_tag_ACP8I1_RS08470    0.96%    passed     99.98%
 285  NZ_CP191136.1_|_locus_tag_ACP8I1_RS11115    0.96%    passed     99.98%
 286  NZ_CP191136.1_|_locus_tag_ACP8I1_RS11130    0.96%    passed     99.98%
 287  NZ_CP191136.1_|_locus_tag_ACP8I1_RS11380    0.96%    passed     99.98%
 288  NZ_CP191102.1_|_locus_tag_ACP8K2_RS03430    0.96%    passed     99.98%
 289  NZ_CP191102.1_|_locus_tag_ACP8K2_RS03920    0.96%    passed     99.98%
 290  NZ_CP191102.1_|_locus_tag_ACP8K2_RS11030    0.96%    passed     99.98%
 291  NZ_CP191102.1_|_locus_tag_ACP8K2_RS11280    0.96%    passed     99.98%
 292  NZ_CP191109.1_|_locus_tag_ACP8J6_RS03520    0.96%    passed     99.98%
 293  NZ_CP191109.1_|_locus_tag_ACP8J6_RS04000    0.96%    passed     99.98%
 294  NZ_CP191109.1_|_locus_tag_ACP8J6_RS04555    0.96%    passed     99.98%
 295  NZ_CP191109.1_|_locus_tag_ACP8J6_RS10830    0.96%    passed     99.98%
 296  NZ_CP191109.1_|_locus_tag_ACP8J6_RS10845    0.96%    passed     99.98%
 297  NZ_CP191109.1_|_locus_tag_ACP8J6_RS11095    0.96%    passed     99.98%
 298  NZ_CP191099.1_|_locus_tag_ACP8IB_RS04005    0.96%    passed     99.98%
 299  NZ_CP191099.1_|_locus_tag_ACP8IB_RS10835    0.96%    passed     99.98%
 300  NZ_CP191099.1_|_locus_tag_ACP8IB_RS11100    0.96%    passed     99.98%
 301  NZ_CP185372.1_|_locus_tag_ACOQII_RS03875    0.96%    passed     99.98%
 302  NZ_CP185372.1_|_locus_tag_ACOQII_RS10675    0.96%    passed     99.98%
 303  NZ_CP185372.1_|_locus_tag_ACOQII_RS10690    0.96%    passed     99.98%
 304  NZ_CP185372.1_|_locus_tag_ACOQII_RS10940    0.96%    passed     99.98%
 305  NZ_CP186575.1_|_locus_tag_ACOKFZ_RS03530    0.96%    passed     99.98%
 306  NZ_CP186575.1_|_locus_tag_ACOKFZ_RS04010    0.96%    passed     99.98%
 307  NZ_CP186575.1_|_locus_tag_ACOKFZ_RS10965    0.96%    passed     99.98%
 308  NZ_CP180449.1_|_locus_tag_ACMYSJ_RS04025    0.96%    passed     99.98%
 309  NZ_CP180449.1_|_locus_tag_ACMYSJ_RS10665    0.96%    passed     99.98%
 310  NZ_CP180449.1_|_locus_tag_ACMYSJ_RS10680    0.96%    passed     99.98%
 311  NZ_CP180449.1_|_locus_tag_ACMYSJ_RS10930    0.96%    passed     99.98%
 312  NZ_AP029231.1_|_locus_tag_ACZ5VA_RS10635    0.96%    passed     99.98%
 313  NZ_OZ408735.1_|_locus_tag_ACZJZQ_RS00015    0.96%    passed     99.98%
 314  NZ_OZ408735.1_|_locus_tag_ACZJZQ_RS00495    0.96%    passed     99.98%
 315  NZ_CP087416.1_|_locus_tag_LPA61_RS11790     0.96%    passed     99.98%
 316  NZ_CP087416.1_|_locus_tag_LPA61_RS12040     0.96%    passed     99.98%
 317  NZ_CP087409.1_|_locus_tag_LPB26_RS11780     0.96%    passed     99.98%
 318  NZ_CP087402.1_|_locus_tag_LPA77_RS11785     0.96%    passed     99.98%
 319  NZ_AP029231.1_|_locus_tag_ACZ5VA_RS10650    0.96%    passed    100.00%
 320  NZ_CP087422.1_|_locus_tag_LPA88_RS04180     0.96%    passed     99.98%
 321  NZ_CP190853.1_|_locus_tag_ACP8MJ_RS03550    0.96%    passed     99.97%
 322  NZ_CP191067.1_|_locus_tag_ACP8LX_RS03405    0.96%    passed     99.98%
 323  NZ_CP190856.1_|_locus_tag_ACP8MF_RS03820    0.96%    passed     99.93%
 324  NZ_CP191099.1_|_locus_tag_ACP8IB_RS03525    0.96%    passed     99.93%
 325  NZ_CP185372.1_|_locus_tag_ACOQII_RS03395    0.96%    passed     99.93%
 326  NZ_CP180449.1_|_locus_tag_ACMYSJ_RS03545    0.96%    passed     99.93%
 327  NZ_AP029231.1_|_locus_tag_ACZ5VA_RS03310    0.96%    passed     99.93%
 328  NZ_CP087422.1_|_locus_tag_LPA88_RS03695     0.96%    passed     99.93%
 329  NZ_CP087416.1_|_locus_tag_LPA61_RS03460     0.96%    passed     99.93%
 330  NZ_CP087409.1_|_locus_tag_LPB26_RS03460     0.96%    passed     99.93%
 331  NZ_CP087402.1_|_locus_tag_LPA77_RS03470     0.96%    passed     99.93%
 332  NZ_OZ408735.1_|_locus_tag_ACZJZQ_RS04745    1.09%    passed     99.99%
 333  NZ_CP190841.1_|_locus_tag_ACP8LS_RS04440    0.96%    passed     99.98%
 334  NZ_CP186575.1_|_locus_tag_ACOKFZ_RS11230    0.96%    passed    100.00%
 335  NZ_CP195124.1_|_locus_tag_ACR43Q_RS03870    0.96%    passed     99.87%
 336  NZ_CP191077.1_|_locus_tag_ACP8KB_RS11335    0.96%    passed    100.00%
 337  NZ_CP191067.1_|_locus_tag_ACP8LX_RS11500    0.96%    passed    100.00%
 338  NZ_CP190995.1_|_locus_tag_ACP8LU_RS11420    0.96%    passed    100.00%
 339  NZ_CP190856.1_|_locus_tag_ACP8MF_RS04905    0.96%    passed    100.00%
 340  NZ_CP191049.1_|_locus_tag_ACP8K0_RS04480    0.96%    passed    100.00%
 341  NZ_CP190964.1_|_locus_tag_ACP8KO_RS04500    0.96%    passed    100.00%
 342  NZ_CP190959.1_|_locus_tag_ACP8JN_RS04675    0.96%    passed    100.00%
 343  NZ_CP185372.1_|_locus_tag_ACOQII_RS04485    0.96%    passed    100.00%
 344  NZ_CP186575.1_|_locus_tag_ACOKFZ_RS04615    0.96%    passed    100.00%
 345  NZ_CP186575.1_|_locus_tag_ACOKFZ_RS10980    0.96%    passed    100.00%
 346  NZ_CP180449.1_|_locus_tag_ACMYSJ_RS04585    0.96%    passed    100.00%
 347  NZ_AP029231.1_|_locus_tag_ACZ5VA_RS10900    0.96%    passed     99.99%
 348  NZ_CP190959.1_|_locus_tag_ACP8JN_RS10795    0.96%    passed     99.98%
 349  NZ_CP191038.1_|_locus_tag_ACP8MX_RS10985    0.96%    passed    100.00%
 350  NZ_CP087395.1_|_locus_tag_LPB30_RS12265     0.96%    passed     99.91%
 351  NZ_CP087416.1_|_locus_tag_LPA61_RS05320     0.96%    passed     99.98%
 352  NZ_CP087409.1_|_locus_tag_LPB26_RS05320     0.96%    passed     99.98%
 353  NZ_CP087402.1_|_locus_tag_LPA77_RS05330     0.96%    passed     99.98%
 354  NZ_CP190977.1_|_locus_tag_ACP8M9_RS04045    0.96%    passed     99.97%
 355  NZ_CP190977.1_|_locus_tag_ACP8M9_RS04565    0.96%    passed     99.97%
 356  NZ_CP190977.1_|_locus_tag_ACP8M9_RS05235    0.96%    passed     99.97%
 357  NZ_CP190977.1_|_locus_tag_ACP8M9_RS11740    0.96%    passed     99.97%
 358  NZ_CP190853.1_|_locus_tag_ACP8MJ_RS04640    0.96%    passed     99.99%
 359  NZ_CP190848.1_|_locus_tag_ACP8M6_RS04680    0.96%    passed     99.99%
 360  NZ_CP191038.1_|_locus_tag_ACP8MX_RS04560    0.96%    passed     99.99%
 361  NZ_CP195124.1_|_locus_tag_ACR43Q_RS03390    0.96%    passed     99.99%
 362  NZ_CP195124.1_|_locus_tag_ACR43Q_RS04470    0.96%    passed     99.99%
 363  NZ_AP029227.1_|_locus_tag_ACZ5V5_RS04660    0.96%    passed     99.99%
 364  NZ_CP190853.1_|_locus_tag_ACP8MJ_RS11200    0.96%    passed    100.00%
 365  NZ_CP190848.1_|_locus_tag_ACP8M6_RS03515    0.96%    passed    100.00%
 366  NZ_CP190848.1_|_locus_tag_ACP8M6_RS04000    0.96%    passed    100.00%
 367  NZ_CP190848.1_|_locus_tag_ACP8M6_RS10780    0.96%    passed    100.00%
 368  NZ_CP190848.1_|_locus_tag_ACP8M6_RS10795    0.96%    passed    100.00%
 369  NZ_CP190848.1_|_locus_tag_ACP8M6_RS11045    0.96%    passed    100.00%
 370  NZ_CP191073.1_|_locus_tag_ACP8K9_RS03460    0.96%    passed    100.00%
 371  NZ_CP191073.1_|_locus_tag_ACP8K9_RS03945    0.96%    passed    100.00%
 372  NZ_CP191073.1_|_locus_tag_ACP8K9_RS04500    0.96%    passed    100.00%
 373  NZ_CP191073.1_|_locus_tag_ACP8K9_RS10940    0.96%    passed    100.00%
 374  NZ_CP191073.1_|_locus_tag_ACP8K9_RS10955    0.96%    passed    100.00%
 375  NZ_CP191073.1_|_locus_tag_ACP8K9_RS11205    0.96%    passed    100.00%
 376  NZ_CP191067.1_|_locus_tag_ACP8LX_RS04485    0.96%    passed    100.00%
 377  NZ_CP191038.1_|_locus_tag_ACP8MX_RS03835    0.96%    passed    100.00%
 378  NZ_CP191038.1_|_locus_tag_ACP8MX_RS10970    0.96%    passed    100.00%
 379  NZ_CP191038.1_|_locus_tag_ACP8MX_RS11235    0.96%    passed    100.00%
 380  NZ_CP195124.1_|_locus_tag_ACR43Q_RS10695    0.96%    passed    100.00%
 381  NZ_CP195124.1_|_locus_tag_ACR43Q_RS10945    0.96%    passed    100.00%
 382  NZ_AP029227.1_|_locus_tag_ACZ5V5_RS10795    0.96%    passed    100.00%
 383  NZ_AP029227.1_|_locus_tag_ACZ5V5_RS10810    0.96%    passed    100.00%
 384  NZ_AP029231.1_|_locus_tag_ACZ5VA_RS04345    0.96%    passed    100.00%
 385  NZ_CP087413.1_|_locus_tag_LPB35_RS03950     0.96%    passed    100.00%
 386  NZ_CP087413.1_|_locus_tag_LPB35_RS11315     0.96%    passed    100.00%
 387  NZ_CP087397.1_|_locus_tag_LPA66_RS04365     0.96%    passed     99.98%
 388  NZ_CP190977.1_|_locus_tag_ACP8M9_RS11475    0.96%    passed     99.98%
 389  NZ_CP191067.1_|_locus_tag_ACP8LX_RS11250    0.96%    passed    100.00%
 390  NZ_CP190841.1_|_locus_tag_ACP8LS_RS03935    0.96%    passed     99.98%
 391  NZ_CP190841.1_|_locus_tag_ACP8LS_RS11600    0.96%    passed     99.98%
 392  NZ_CP190841.1_|_locus_tag_ACP8LS_RS11875    0.96%    passed     99.98%
 393  NZ_CP190841.1_|_locus_tag_ACP8LS_RS11615    0.96%    passed    100.00%
 394  NZ_CP190841.1_|_locus_tag_ACP8LS_RS05130    0.96%    passed     99.98%
 395  NZ_CP191136.1_|_locus_tag_ACP8I1_RS07275    0.96%    passed     99.97%
 396  NZ_CP191102.1_|_locus_tag_ACP8K2_RS04480    0.96%    passed     99.97%
 397  NZ_CP190877.1_|_locus_tag_ACP8I5_RS10985    0.96%    passed     99.52%
 398  NZ_CP190871.1_|_locus_tag_ACP8KJ_RS10770    0.96%    passed     99.03%
 399  NZ_CP191043.1_|_locus_tag_ACP8ND_RS04765    0.96%    passed     99.03%
 400  NZ_CP087395.1_|_locus_tag_LPB30_RS03890     0.96%    passed     99.96%
 401  NZ_CP191043.1_|_locus_tag_ACP8ND_RS04195    0.96%    passed     99.71%
 402  NZ_CP190871.1_|_locus_tag_ACP8KJ_RS11035    0.96%    passed     99.80%
 403  NZ_CP190877.1_|_locus_tag_ACP8I5_RS10720    0.96%    passed     99.52%
 404  NZ_CP190877.1_|_locus_tag_ACP8I5_RS10735    0.96%    passed     99.52%
 405  NZ_CP190871.1_|_locus_tag_ACP8KJ_RS10785    0.96%    passed     99.52%
 406  NZ_CP191043.1_|_locus_tag_ACP8ND_RS03680    0.96%    passed     99.52%
 407  NZ_CP191043.1_|_locus_tag_ACP8ND_RS11155    0.96%    passed     99.52%
 408  NZ_CP191043.1_|_locus_tag_ACP8ND_RS11170    0.96%    passed     99.52%
 409  NZ_CP191043.1_|_locus_tag_ACP8ND_RS11420    0.96%    passed     99.52%
 410  NZ_CP190877.1_|_locus_tag_ACP8I5_RS04695    0.96%    passed     99.34%
 411  NZ_CP190871.1_|_locus_tag_ACP8KJ_RS04700    0.96%    passed     99.34%
 412  NZ_CP087397.1_|_locus_tag_LPA66_RS03880     0.96%    passed     99.90%
 413  NZ_CP190877.1_|_locus_tag_ACP8I5_RS03565    0.96%    passed     99.72%
 414  NZ_CP190871.1_|_locus_tag_ACP8KJ_RS03570    0.96%    passed     99.72%
 415  NZ_CP190853.1_|_locus_tag_ACP8MJ_RS04030    0.96%    passed     99.90%
 416  NZ_CP191067.1_|_locus_tag_ACP8LX_RS03885    0.96%    passed     99.98%
 417  NZ_AP029227.1_|_locus_tag_ACZ5V5_RS04065    0.96%    passed     99.98%
 418  NZ_CP087416.1_|_locus_tag_LPA61_RS03945     0.96%    passed     99.98%
 419  NZ_CP087409.1_|_locus_tag_LPB26_RS03945     0.96%    passed     99.98%
 420  NZ_CP087402.1_|_locus_tag_LPA77_RS03955     0.96%    passed     99.98%
 421  NZ_CP190877.1_|_locus_tag_ACP8I5_RS04080    0.96%    passed     99.37%
 422  NZ_CP190871.1_|_locus_tag_ACP8KJ_RS04085    0.96%    passed     99.37%
 423  NZ_CP190856.1_|_locus_tag_ACP8MF_RS04300    0.96%    passed     99.93%
 424  NZ_CP166525.1_|_locus_tag_AB6X74_RS04570    1.15%    passed     99.38%
 425  NZ_CP190357.1_|_locus_tag_N3P47_RS02405     0.96%    passed     99.86%
 426  NZ_CP166528.1_|_locus_tag_AB6X57_RS10245    1.09%    passed     99.73%
 427  NZ_CP166534.1_|_locus_tag_AB6X48_RS02580    0.96%    passed     99.64%
 428  NZ_CP166530.1_|_locus_tag_AB6X80_RS09870    1.02%    passed     99.62%
 429  NZ_CP166577.1_|_locus_tag_AB6X62_RS05810    1.02%    passed     99.26%
 430  NZ_CP166525.1_|_locus_tag_AB6X74_RS10385    1.09%    passed     99.71%
 431  NZ_CP166554.1_|_locus_tag_AB6X89_RS09800    0.96%    passed     99.86%
 432  NZ_CP166533.1_|_locus_tag_AB6X95_RS09430    0.83%    passed     99.98%
 433  NZ_CP166525.1_|_locus_tag_AB6X74_RS11860    0.83%    passed     99.98%
 434  NZ_CP166524.1_|_locus_tag_AB6X68_RS09705    0.83%    passed     99.98%
 435  NZ_CP166532.1_|_locus_tag_AB6X60_RS09425    0.83%    passed     99.98%
 436  NZ_CP142803.1_|_locus_tag_VW783_RS04650     0.83%    passed     99.98%
 437  NZ_CP166563.1_|_locus_tag_AB6X69_RS11410    0.96%    passed     99.86%
 438  NZ_CP166542.1_|_locus_tag_AB6X49_RS02365    0.96%    passed     99.47%
 439  NZ_CP166857.1_|_locus_tag_ACA491_RS06870    0.83%    passed     99.39%
 440  NZ_CP166858.1_|_locus_tag_ACA496_RS09850    0.83%    passed     99.62%
 441  NZ_CP166856.1_|_locus_tag_ACA490_RS09520    0.83%    passed     99.62%
 442  NZ_CP166855.1_|_locus_tag_ACA488_RS10485    0.83%    passed     99.62%
 443  NZ_CP166854.1_|_locus_tag_ACA487_RS09375    0.83%    passed     99.62%
 444  NZ_CP166853.1_|_locus_tag_ACA492_RS09340    0.83%    passed     99.62%
 445  NZ_CP166852.1_|_locus_tag_ACA489_RS09625    0.83%    passed     99.62%
 446  NZ_CP166552.1_|_locus_tag_AB6X53_RS02325    0.89%    passed     99.81%
 447  NZ_CP166538.1_|_locus_tag_AB6X71_RS02325    0.89%    passed     99.81%
 448  NZ_CP166536.1_|_locus_tag_AB6X61_RS02325    0.89%    passed     99.81%
 449  NZ_CP166534.1_|_locus_tag_AB6X48_RS02325    0.89%    passed     99.81%
 450  NZ_AP040286.1_|_locus_tag_ACZ354_RS02195    0.89%    passed     99.81%
 451  NZ_CP142804.1_|_locus_tag_VW782_RS11315     0.89%    passed     99.81%
 452  NZ_CP199996.1_|_locus_tag_ACUBUE_RS02085    0.89%    passed     99.81%
 453  NZ_CP166862.1_|_locus_tag_ACA493_RS09050    0.89%    passed     99.83%
 454  NZ_CP166547.1_|_locus_tag_AB6X94_RS02405    0.89%    passed     99.90%
 455  NZ_CP166548.1_|_locus_tag_AB6X44_RS02395    0.89%    passed     99.90%
 456  NZ_CP166509.1_|_locus_tag_AB6X63_RS02385    0.89%    passed     99.90%
 457  NZ_CP166507.1_|_locus_tag_AB6X50_RS02375    0.89%    passed     99.90%
 458  NZ_CP166506.1_|_locus_tag_AB6X78_RS02405    0.89%    passed     99.90%
 459  NZ_CP166567.1_|_locus_tag_AB6X76_RS02365    0.89%    passed     99.56%
 460  NZ_CP166565.1_|_locus_tag_AB6X77_RS02355    0.89%    passed     99.56%
 461  NZ_CP166540.1_|_locus_tag_AB6X82_RS02360    0.89%    passed     99.56%
 462  NZ_CP166860.1_|_locus_tag_ACA497_RS09585    0.89%    passed     99.61%
 463  NZ_CP093064.1_|_locus_tag_MMZ60_RS10110     0.89%    passed     99.81%
 464  NZ_CP166853.1_|_locus_tag_ACA492_RS02560    0.89%    passed     99.76%
 465  NZ_CP096462.1_|_locus_tag_M1D64_RS03620     0.83%    passed     99.85%
 466  NZ_CP166542.1_|_locus_tag_AB6X49_RS02090    0.89%    passed     99.76%
 467  NZ_CP166540.1_|_locus_tag_AB6X82_RS02085    0.89%    passed     99.76%
 468  NZ_CP166577.1_|_locus_tag_AB6X62_RS04740    0.89%    passed     99.98%
 469  NZ_CP166575.1_|_locus_tag_AB6X81_RS04725    0.89%    passed     99.98%
 470  NZ_CP166559.1_|_locus_tag_AB6X87_RS10330    0.89%    passed     99.98%
 471  NZ_CP166557.1_|_locus_tag_AB6X64_RS10330    0.89%    passed     99.98%
 472  NZ_CP166555.1_|_locus_tag_AB6X65_RS10330    0.89%    passed     99.98%
 473  NZ_CP166544.1_|_locus_tag_AB6X43_RS11005    0.89%    passed     99.98%
 474  NZ_CP166520.1_|_locus_tag_AB6X83_RS10160    0.89%    passed     99.98%
 475  NZ_AP040284.1_|_locus_tag_ACZ35Y_RS10535    0.89%    passed     99.98%
 476  NZ_AP040287.1_|_locus_tag_ACZ5SG_RS10435    0.89%    passed     99.98%
 477  NZ_CP180165.1_|_locus_tag_ACMTNW_RS11035    0.89%    passed     99.98%
 478  NZ_CP195881.1_|_locus_tag_ACSNDX_RS14370    0.89%    passed     99.98%
 479  NZ_CP195878.1_|_locus_tag_ACSLFG_RS08445    0.89%    passed     99.80%
 480  NZ_CP166575.1_|_locus_tag_AB6X81_RS13425    0.89%    passed     99.80%
 481  NZ_CP166557.1_|_locus_tag_AB6X64_RS02230    0.89%    passed     99.80%
 482  NZ_CP166555.1_|_locus_tag_AB6X65_RS02230    0.89%    passed     99.80%
 483  NZ_CP166544.1_|_locus_tag_AB6X43_RS02250    0.89%    passed     99.80%
 484  NZ_CP166520.1_|_locus_tag_AB6X83_RS02125    0.89%    passed     99.80%
 485  NZ_CP166515.1_|_locus_tag_AB6X90_RS02640    0.89%    passed     99.80%
 486  NZ_CP166514.1_|_locus_tag_AB6X72_RS02645    0.89%    passed     99.80%
 487  NZ_AP040284.1_|_locus_tag_ACZ35Y_RS02380    0.89%    passed     99.80%
 488  NZ_AP040287.1_|_locus_tag_ACZ5SG_RS02385    0.89%    passed     99.80%
 489  NZ_CP180165.1_|_locus_tag_ACMTNW_RS02440    0.89%    passed     99.80%
 490  NZ_CP087451.1_|_locus_tag_LPA74_RS02560     0.89%    passed     99.80%
 491  NZ_CP087449.1_|_locus_tag_LPB34_RS02570     0.89%    passed     99.80%
 492  NZ_CP087447.1_|_locus_tag_LPB22_RS02565     0.89%    passed     99.80%
 493  NZ_CP087444.1_|_locus_tag_LPB14_RS02270     0.89%    passed     99.80%
 494  NZ_CP195881.1_|_locus_tag_ACSNDX_RS08450    0.89%    passed     99.80%
 495  NZ_CP166571.1_|_locus_tag_AB6X92_RS11130    0.89%    passed     99.90%
 496  NZ_CP166569.1_|_locus_tag_AB6X75_RS11125    0.89%    passed     99.90%
 497  NZ_CP166517.1_|_locus_tag_AB6X55_RS11100    0.89%    passed     99.90%
 498  NZ_CP166513.1_|_locus_tag_AB6X73_RS10730    0.89%    passed     99.90%
 499  NZ_CP166512.1_|_locus_tag_AB6X86_RS10730    0.89%    passed     99.90%
 500  NZ_CP166511.1_|_locus_tag_AB6X96_RS10730    0.89%    passed     99.90%
 501  NZ_CP195878.1_|_locus_tag_ACSLFG_RS08170    0.89%    passed     99.81%
 502  NZ_CP180165.1_|_locus_tag_ACMTNW_RS02715    0.89%    passed     99.81%
 503  NZ_CP195881.1_|_locus_tag_ACSNDX_RS08175    0.89%    passed     99.81%
 504  NZ_CP195881.1_|_locus_tag_ACSNDX_RS08195    0.89%    passed     99.81%
 505  NZ_CP190843.1_|_locus_tag_ACP8JA_RS02405    0.89%    passed     99.81%
 506  NZ_CP166574.1_|_locus_tag_AB6X59_RS02420    0.89%    passed     99.81%
 507  NZ_CP166573.1_|_locus_tag_AB6X54_RS02420    0.89%    passed     99.81%
 508  NZ_CP166547.1_|_locus_tag_AB6X94_RS02660    0.89%    passed     99.81%
 509  NZ_CP166548.1_|_locus_tag_AB6X44_RS02650    0.89%    passed     99.81%
 510  NZ_CP166509.1_|_locus_tag_AB6X63_RS02640    0.89%    passed     99.81%
 511  NZ_CP166507.1_|_locus_tag_AB6X50_RS02630    0.89%    passed     99.81%
 512  NZ_CP166506.1_|_locus_tag_AB6X78_RS02660    0.89%    passed     99.81%
 513  NZ_AP040286.1_|_locus_tag_ACZ354_RS02450    0.89%    passed     99.81%
 514  NZ_CP199996.1_|_locus_tag_ACUBUE_RS02340    0.89%    passed     99.81%
 515  NZ_CP191062.1_|_locus_tag_ACP8K4_RS02450    0.89%    passed     99.80%
 516  NZ_CP191061.1_|_locus_tag_ACP8KY_RS02430    0.89%    passed     99.76%
 517  NZ_CP191062.1_|_locus_tag_ACP8K4_RS02430    0.89%    passed     99.76%
 518  NZ_CP191059.1_|_locus_tag_ACP8MQ_RS02430    0.89%    passed     99.76%
 519  NZ_AP040284.1_|_locus_tag_ACZ35Y_RS09470    0.89%    passed     99.33%
 520  NZ_AP040287.1_|_locus_tag_ACZ5SG_RS09370    0.89%    passed     99.33%
 521  NZ_CP166858.1_|_locus_tag_ACA496_RS02450    0.89%    passed     99.76%
 522  NZ_CP166857.1_|_locus_tag_ACA491_RS14015    0.89%    passed     99.76%
 523  NZ_CP166857.1_|_locus_tag_ACA491_RS14290    0.89%    passed     99.76%
 524  NZ_CP166856.1_|_locus_tag_ACA490_RS02410    0.89%    passed     99.76%
 525  NZ_CP166855.1_|_locus_tag_ACA488_RS02285    0.89%    passed     99.76%
 526  NZ_CP166854.1_|_locus_tag_ACA487_RS02285    0.89%    passed     99.76%
 527  NZ_CP166853.1_|_locus_tag_ACA492_RS02285    0.89%    passed     99.76%
 528  NZ_CP166852.1_|_locus_tag_ACA489_RS02405    0.89%    passed     99.76%
 529  NZ_CP166865.1_|_locus_tag_ACA498_RS02400    0.89%    passed     99.56%
 530  NZ_CP166865.1_|_locus_tag_ACA498_RS02420    0.89%    passed     99.56%
 531  NZ_CP199774.1_|_locus_tag_ACUHZX_RS00830    0.89%    passed     99.81%
 532  NZ_CP093064.1_|_locus_tag_MMZ60_RS02290     0.89%    passed     99.76%
 533  NZ_AP044060.1_|_locus_tag_ACZ5OM_RS09545    0.89%    passed     99.94%
 534  NZ_AP044062.1_|_locus_tag_ACZ5K1_RS04720    0.89%    passed     99.94%
 535  NZ_CP087451.1_|_locus_tag_LPA74_RS12095     0.89%    passed     99.79%
 536  NZ_AP044063.1_|_locus_tag_ACZ41Y_RS02360    0.89%    passed     99.81%
 537  NZ_AP041587.1_|_locus_tag_ACZ5QC_RS02470    0.89%    passed     99.94%
 538  NZ_AP043709.1_|_locus_tag_ACZ471_RS11675    0.89%    passed     99.94%
 539  NZ_CP087437.1_|_locus_tag_LPA86_RS11165     0.89%    passed     99.79%
 540  NZ_CP087435.1_|_locus_tag_LPA64_RS11165     0.89%    passed     99.79%
 541  NZ_CP087446.1_|_locus_tag_LPB37_RS11265     0.89%    passed     99.46%
 542  NZ_AP043700.1_|_locus_tag_ACZ49O_RS01400    0.89%    passed     99.76%
 543  NZ_CP087442.1_|_locus_tag_LPB05_RS10795     0.89%    passed     99.76%
 544  NZ_CP087441.1_|_locus_tag_LPA95_RS10805     0.89%    passed     99.76%
 545  NZ_CP087439.1_|_locus_tag_LPB17_RS10815     0.89%    passed     99.76%
 546  NZ_CP087432.1_|_locus_tag_LPA89_RS11175     0.89%    passed     99.76%
 547  NZ_CP087449.1_|_locus_tag_LPB34_RS11665     0.89%    passed     99.50%
 548  NZ_CP087447.1_|_locus_tag_LPB22_RS11650     0.89%    passed     99.50%
 549  NZ_CP166861.1_|_locus_tag_ACA499_RS02405    0.89%    passed     99.80%
 550  NZ_AP044060.1_|_locus_tag_ACZ5OM_RS10615    0.89%    passed     99.81%
 551  NZ_AP044062.1_|_locus_tag_ACZ5K1_RS10615    0.89%    passed     99.81%
 552  NZ_CP166858.1_|_locus_tag_ACA496_RS11515    0.89%    passed     99.98%
 553  NZ_CP166857.1_|_locus_tag_ACA491_RS04850    0.89%    passed     99.98%
 554  NZ_CP166856.1_|_locus_tag_ACA490_RS11185    0.89%    passed     99.98%
 555  NZ_CP166855.1_|_locus_tag_ACA488_RS12160    0.89%    passed     99.98%
 556  NZ_CP166854.1_|_locus_tag_ACA487_RS11400    0.89%    passed     99.98%
 557  NZ_CP166853.1_|_locus_tag_ACA492_RS11010    0.89%    passed     99.98%
 558  NZ_CP166852.1_|_locus_tag_ACA489_RS11290    0.89%    passed     99.98%
 559  NZ_AP044062.1_|_locus_tag_ACZ5K1_RS02310    0.89%    passed     99.76%
 560  NZ_CP166524.1_|_locus_tag_AB6X68_RS02400    0.89%    passed     99.80%
 561  NZ_AP040284.1_|_locus_tag_ACZ35Y_RS02635    0.89%    passed     99.99%
 562  NZ_AP040287.1_|_locus_tag_ACZ5SG_RS02640    0.89%    passed     99.99%
 563  NZ_CP166574.1_|_locus_tag_AB6X59_RS02160    0.89%    passed     99.92%
 564  NZ_CP166573.1_|_locus_tag_AB6X54_RS02160    0.89%    passed     99.92%
 565  NZ_CP166546.1_|_locus_tag_AB6X58_RS02780    0.89%    passed     99.81%
 566  NZ_CP166864.1_|_locus_tag_ACA495_RS02430    0.89%    passed     99.81%
 567  NZ_CP166863.1_|_locus_tag_ACA494_RS02450    0.89%    passed     99.81%
 568  NZ_CP166861.1_|_locus_tag_ACA499_RS02425    0.89%    passed     99.81%
 569  NZ_CP166860.1_|_locus_tag_ACA497_RS02540    0.89%    passed     99.81%
 570  NZ_CP166860.1_|_locus_tag_ACA497_RS02560    0.89%    passed     99.81%
 571  NZ_CP166859.1_|_locus_tag_ACA486_RS02510    0.89%    passed     99.81%
 572  NZ_CP166551.1_|_locus_tag_AB6X51_RS02455    0.89%    passed     99.81%
 573  NZ_CP166550.1_|_locus_tag_AB6X85_RS02455    0.89%    passed     99.81%
 574  NZ_CP166549.1_|_locus_tag_AB6X66_RS02455    0.89%    passed     99.81%
 575  NZ_CP190843.1_|_locus_tag_ACP8JA_RS02145    0.89%    passed     99.91%
 576  NZ_CP190843.1_|_locus_tag_ACP8JA_RS02425    0.89%    passed     99.91%
 577  NZ_CP190843.1_|_locus_tag_ACP8JA_RS09060    0.89%    passed     99.91%
 578  NZ_CP190843.1_|_locus_tag_ACP8JA_RS10080    0.89%    passed     99.91%
 579  NZ_CP190843.1_|_locus_tag_ACP8JA_RS10640    0.89%    passed     99.91%
 580  NZ_CP191061.1_|_locus_tag_ACP8KY_RS02175    0.89%    passed     99.91%
 581  NZ_CP191061.1_|_locus_tag_ACP8KY_RS10745    0.89%    passed     99.91%
 582  NZ_CP191062.1_|_locus_tag_ACP8K4_RS02175    0.89%    passed     99.91%
 583  NZ_CP191062.1_|_locus_tag_ACP8K4_RS09175    0.89%    passed     99.91%
 584  NZ_CP191062.1_|_locus_tag_ACP8K4_RS10180    0.89%    passed     99.91%
 585  NZ_CP191062.1_|_locus_tag_ACP8K4_RS10745    0.89%    passed     99.91%
 586  NZ_CP191059.1_|_locus_tag_ACP8MQ_RS02175    0.89%    passed     99.91%
 587  NZ_CP191059.1_|_locus_tag_ACP8MQ_RS09175    0.89%    passed     99.91%
 588  NZ_CP191059.1_|_locus_tag_ACP8MQ_RS10180    0.89%    passed     99.91%
 589  NZ_CP191059.1_|_locus_tag_ACP8MQ_RS10745    0.89%    passed     99.91%
 590  NZ_CP195878.1_|_locus_tag_ACSLFG_RS00950    0.89%    passed     99.91%
 591  NZ_CP195878.1_|_locus_tag_ACSLFG_RS08190    0.89%    passed     99.91%
 592  NZ_CP195878.1_|_locus_tag_ACSLFG_RS13785    0.89%    passed     99.91%
 593  NZ_CP195878.1_|_locus_tag_ACSLFG_RS14360    0.89%    passed     99.91%
 594  NZ_CP166577.1_|_locus_tag_AB6X62_RS04165    0.89%    passed     99.91%
 595  NZ_CP166577.1_|_locus_tag_AB6X62_RS13070    0.89%    passed     99.91%
 596  NZ_CP166575.1_|_locus_tag_AB6X81_RS04150    0.89%    passed     99.91%
 597  NZ_CP166575.1_|_locus_tag_AB6X81_RS13160    0.89%    passed     99.91%
 598  NZ_CP166574.1_|_locus_tag_AB6X59_RS10685    0.89%    passed     99.91%
 599  NZ_CP166573.1_|_locus_tag_AB6X54_RS02440    0.89%    passed     99.91%
 600  NZ_CP166573.1_|_locus_tag_AB6X54_RS10685    0.89%    passed     99.91%
 601  NZ_CP166567.1_|_locus_tag_AB6X76_RS02090    0.89%    passed     99.91%
 602  NZ_CP166565.1_|_locus_tag_AB6X77_RS02080    0.89%    passed     99.91%
 603  NZ_CP166564.1_|_locus_tag_AB6X84_RS04480    0.89%    passed     99.91%
 604  NZ_CP166563.1_|_locus_tag_AB6X69_RS02140    0.89%    passed     99.91%
 605  NZ_CP166563.1_|_locus_tag_AB6X69_RS02395    0.89%    passed     99.91%
 606  NZ_CP166563.1_|_locus_tag_AB6X69_RS02415    0.89%    passed     99.91%
 607  NZ_CP166563.1_|_locus_tag_AB6X69_RS09715    0.89%    passed     99.91%
 608  NZ_CP166563.1_|_locus_tag_AB6X69_RS10835    0.89%    passed     99.91%
 609  NZ_CP166562.1_|_locus_tag_AB6X56_RS02165    0.89%    passed     99.91%
 610  NZ_CP166562.1_|_locus_tag_AB6X56_RS10695    0.89%    passed     99.91%
 611  NZ_CP166559.1_|_locus_tag_AB6X87_RS02485    0.89%    passed     99.91%
 612  NZ_CP166559.1_|_locus_tag_AB6X87_RS02505    0.89%    passed     99.91%
 613  NZ_CP166559.1_|_locus_tag_AB6X87_RS10905    0.89%    passed     99.91%
 614  NZ_CP166561.1_|_locus_tag_AB6X45_RS02165    0.89%    passed     99.91%
 615  NZ_CP166561.1_|_locus_tag_AB6X45_RS02445    0.89%    passed     99.91%
 616  NZ_CP166561.1_|_locus_tag_AB6X45_RS10695    0.89%    passed     99.91%
 617  NZ_CP166557.1_|_locus_tag_AB6X64_RS02485    0.89%    passed     99.91%
 618  NZ_CP166557.1_|_locus_tag_AB6X64_RS02505    0.89%    passed     99.91%
 619  NZ_CP166557.1_|_locus_tag_AB6X64_RS10905    0.89%    passed     99.91%
 620  NZ_CP166555.1_|_locus_tag_AB6X65_RS02485    0.89%    passed     99.91%
 621  NZ_CP166555.1_|_locus_tag_AB6X65_RS02505    0.89%    passed     99.91%
 622  NZ_CP166555.1_|_locus_tag_AB6X65_RS10905    0.89%    passed     99.91%
 623  NZ_CP166552.1_|_locus_tag_AB6X53_RS02580    0.89%    passed     99.91%
 624  NZ_CP166552.1_|_locus_tag_AB6X53_RS02600    0.89%    passed     99.91%
 625  NZ_CP166552.1_|_locus_tag_AB6X53_RS11090    0.89%    passed     99.91%
 626  NZ_CP166551.1_|_locus_tag_AB6X51_RS02710    0.89%    passed     99.91%
 627  NZ_CP166551.1_|_locus_tag_AB6X51_RS02730    0.89%    passed     99.91%
 628  NZ_CP166551.1_|_locus_tag_AB6X51_RS11005    0.89%    passed     99.91%
 629  NZ_CP166551.1_|_locus_tag_AB6X51_RS11575    0.89%    passed     99.91%
 630  NZ_CP166550.1_|_locus_tag_AB6X85_RS02710    0.89%    passed     99.91%
 631  NZ_CP166550.1_|_locus_tag_AB6X85_RS02730    0.89%    passed     99.91%
 632  NZ_CP166550.1_|_locus_tag_AB6X85_RS11030    0.89%    passed     99.91%
 633  NZ_CP166550.1_|_locus_tag_AB6X85_RS11600    0.89%    passed     99.91%
 634  NZ_CP166549.1_|_locus_tag_AB6X66_RS02710    0.89%    passed     99.91%
 635  NZ_CP166549.1_|_locus_tag_AB6X66_RS02730    0.89%    passed     99.91%
 636  NZ_CP166549.1_|_locus_tag_AB6X66_RS11010    0.89%    passed     99.91%
 637  NZ_CP166549.1_|_locus_tag_AB6X66_RS11580    0.89%    passed     99.91%
 638  NZ_CP166547.1_|_locus_tag_AB6X94_RS11620    0.89%    passed     99.91%
 639  NZ_CP166548.1_|_locus_tag_AB6X44_RS11595    0.89%    passed     99.91%
 640  NZ_CP166546.1_|_locus_tag_AB6X58_RS02505    0.89%    passed     99.91%
 641  NZ_CP166546.1_|_locus_tag_AB6X58_RS02760    0.89%    passed     99.91%
 642  NZ_CP166546.1_|_locus_tag_AB6X58_RS11195    0.89%    passed     99.91%
 643  NZ_CP166544.1_|_locus_tag_AB6X43_RS02505    0.89%    passed     99.91%
 644  NZ_CP166544.1_|_locus_tag_AB6X43_RS11580    0.89%    passed     99.91%
 645  NZ_CP166538.1_|_locus_tag_AB6X71_RS02580    0.89%    passed     99.91%
 646  NZ_CP166538.1_|_locus_tag_AB6X71_RS02600    0.89%    passed     99.91%
 647  NZ_CP166538.1_|_locus_tag_AB6X71_RS11090    0.89%    passed     99.91%
 648  NZ_CP166536.1_|_locus_tag_AB6X61_RS02580    0.89%    passed     99.91%
 649  NZ_CP166536.1_|_locus_tag_AB6X61_RS02600    0.89%    passed     99.91%
 650  NZ_CP166536.1_|_locus_tag_AB6X61_RS11090    0.89%    passed     99.91%
 651  NZ_CP166534.1_|_locus_tag_AB6X48_RS02600    0.89%    passed     99.91%
 652  NZ_CP166534.1_|_locus_tag_AB6X48_RS11090    0.89%    passed     99.91%
 653  NZ_CP166533.1_|_locus_tag_AB6X95_RS02160    0.89%    passed     99.91%
 654  NZ_CP166533.1_|_locus_tag_AB6X95_RS02435    0.89%    passed     99.91%
 655  NZ_CP166533.1_|_locus_tag_AB6X95_RS10875    0.89%    passed     99.91%
 656  NZ_CP166533.1_|_locus_tag_AB6X95_RS11450    0.89%    passed     99.91%
 657  NZ_CP166528.1_|_locus_tag_AB6X57_RS04290    0.89%    passed     99.91%
 658  NZ_CP166526.1_|_locus_tag_AB6X52_RS02390    0.89%    passed     99.91%
 659  NZ_CP166526.1_|_locus_tag_AB6X52_RS10720    0.89%    passed     99.91%
 660  NZ_CP166525.1_|_locus_tag_AB6X74_RS09810    0.89%    passed     99.91%
 661  NZ_CP166524.1_|_locus_tag_AB6X68_RS02145    0.89%    passed     99.91%
 662  NZ_CP166524.1_|_locus_tag_AB6X68_RS02420    0.89%    passed     99.91%
 663  NZ_CP166524.1_|_locus_tag_AB6X68_RS11745    0.89%    passed     99.91%
 664  NZ_CP166532.1_|_locus_tag_AB6X60_RS02160    0.89%    passed     99.91%
 665  NZ_CP166532.1_|_locus_tag_AB6X60_RS02435    0.89%    passed     99.91%
 666  NZ_CP166532.1_|_locus_tag_AB6X60_RS10875    0.89%    passed     99.91%
 667  NZ_CP166532.1_|_locus_tag_AB6X60_RS11450    0.89%    passed     99.91%
 668  NZ_CP166522.1_|_locus_tag_AB6X88_RS02375    0.89%    passed     99.91%
 669  NZ_CP166522.1_|_locus_tag_AB6X88_RS02395    0.89%    passed     99.91%
 670  NZ_CP166522.1_|_locus_tag_AB6X88_RS10725    0.89%    passed     99.91%
 671  NZ_CP166520.1_|_locus_tag_AB6X83_RS02400    0.89%    passed     99.91%
 672  NZ_CP166520.1_|_locus_tag_AB6X83_RS10735    0.89%    passed     99.91%
 673  NZ_CP166515.1_|_locus_tag_AB6X90_RS02895    0.89%    passed     99.91%
 674  NZ_CP166515.1_|_locus_tag_AB6X90_RS03945    0.89%    passed     99.91%
 675  NZ_CP166514.1_|_locus_tag_AB6X72_RS02900    0.89%    passed     99.91%
 676  NZ_CP166514.1_|_locus_tag_AB6X72_RS03950    0.89%    passed     99.91%
 677  NZ_CP166509.1_|_locus_tag_AB6X63_RS11420    0.89%    passed     99.91%
 678  NZ_CP166507.1_|_locus_tag_AB6X50_RS11410    0.89%    passed     99.91%
 679  NZ_CP166506.1_|_locus_tag_AB6X78_RS11620    0.89%    passed     99.91%
 680  NZ_CP092999.1_|_locus_tag_MM174_RS04800     0.89%    passed     99.91%
 681  NZ_CP092999.1_|_locus_tag_MM174_RS04820     0.89%    passed     99.91%
 682  NZ_CP092999.1_|_locus_tag_MM174_RS05080     0.89%    passed     99.91%
 683  NZ_CP092999.1_|_locus_tag_MM174_RS10490     0.89%    passed     99.91%
 684  NZ_CP092999.1_|_locus_tag_MM174_RS11135     0.89%    passed     99.91%
 685  NZ_CP092999.1_|_locus_tag_MM174_RS11785     0.89%    passed     99.91%
 686  NZ_OY725415.1_|_locus_tag_AC1U0L_RS00035    0.89%    passed     99.91%
 687  NZ_OY725415.1_|_locus_tag_AC1U0L_RS00290    0.89%    passed     99.91%
 688  NZ_OY725415.1_|_locus_tag_AC1U0L_RS05270    0.89%    passed     99.91%
 689  NZ_CP182574.1_|_locus_tag_ACNFVN_RS02165    0.89%    passed     99.91%
 690  NZ_CP182574.1_|_locus_tag_ACNFVN_RS02420    0.89%    passed     99.91%
 691  NZ_CP182574.1_|_locus_tag_ACNFVN_RS10340    0.89%    passed     99.91%
 692  NZ_CP182574.1_|_locus_tag_ACNFVN_RS10905    0.89%    passed     99.91%
 693  NZ_AP041589.1_|_locus_tag_ACZ50H_RS02280    0.89%    passed     99.91%
 694  NZ_AP041589.1_|_locus_tag_ACZ50H_RS02555    0.89%    passed     99.91%
 695  NZ_AP041589.1_|_locus_tag_ACZ50H_RS10990    0.89%    passed     99.91%
 696  NZ_AP040284.1_|_locus_tag_ACZ35Y_RS11110    0.89%    passed     99.91%
 697  NZ_AP040285.1_|_locus_tag_ACZ5U7_RS02440    0.89%    passed     99.91%
 698  NZ_AP040286.1_|_locus_tag_ACZ354_RS02470    0.89%    passed     99.91%
 699  NZ_AP040286.1_|_locus_tag_ACZ354_RS10705    0.89%    passed     99.91%
 700  NZ_AP040287.1_|_locus_tag_ACZ5SG_RS02655    0.89%    passed     99.91%
 701  NZ_AP040287.1_|_locus_tag_ACZ5SG_RS11010    0.89%    passed     99.91%
 702  NZ_AP040288.1_|_locus_tag_ACZ5SY_RS02555    0.89%    passed     99.91%
 703  NZ_AP040291.1_|_locus_tag_ACZ5SD_RS02555    0.89%    passed     99.91%
 704  NZ_AP040293.1_|_locus_tag_ACZ5R0_RS02545    0.89%    passed     99.91%
 705  NZ_AP041587.1_|_locus_tag_ACZ5QC_RS02195    0.89%    passed     99.91%
 706  NZ_AP041587.1_|_locus_tag_ACZ5QC_RS11195    0.89%    passed     99.91%
 707  NZ_AP040295.1_|_locus_tag_ACZ5QS_RS02565    0.89%    passed     99.91%
 708  NZ_AP040296.1_|_locus_tag_ACZ5PY_RS02545    0.89%    passed     99.91%
 709  NZ_AP040298.1_|_locus_tag_ACZ5PR_RS02245    0.89%    passed     99.91%
 710  NZ_AP044060.1_|_locus_tag_ACZ5OM_RS02320    0.89%    passed     99.91%
 711  NZ_AP044062.1_|_locus_tag_ACZ5K1_RS02035    0.89%    passed     99.91%
 712  NZ_AP044062.1_|_locus_tag_ACZ5K1_RS11185    0.89%    passed     99.91%
 713  NZ_AP041610.1_|_locus_tag_ACZ5IF_RS02375    0.89%    passed     99.91%
 714  NZ_AP041610.1_|_locus_tag_ACZ5IF_RS02630    0.89%    passed     99.91%
 715  NZ_AP041610.1_|_locus_tag_ACZ5IF_RS02645    0.89%    passed     99.91%
 716  NZ_AP041610.1_|_locus_tag_ACZ5IF_RS09485    0.89%    passed     99.91%
 717  NZ_AP041610.1_|_locus_tag_ACZ5IF_RS10550    0.89%    passed     99.91%
 718  NZ_AP041610.1_|_locus_tag_ACZ5IF_RS11125    0.89%    passed     99.91%
 719  NZ_AP043700.1_|_locus_tag_ACZ49O_RS09805    0.89%    passed     99.91%
 720  NZ_AP043709.1_|_locus_tag_ACZ471_RS05855    0.89%    passed     99.91%
 721  NZ_AP043709.1_|_locus_tag_ACZ471_RS06420    0.89%    passed     99.91%
 722  NZ_AP043709.1_|_locus_tag_ACZ471_RS11400    0.89%    passed     99.91%
 723  NZ_AP043709.1_|_locus_tag_ACZ471_RS11655    0.89%    passed     99.91%
 724  NZ_AP043709.1_|_locus_tag_ACZ471_RS12330    0.89%    passed     99.91%
 725  NZ_AP044063.1_|_locus_tag_ACZ41Y_RS11065    0.89%    passed     99.91%
 726  NZ_AP040133.1_|_locus_tag_ACZ435_RS02265    0.89%    passed     99.91%
 727  NZ_CP180165.1_|_locus_tag_ACMTNW_RS02695    0.89%    passed     99.91%
 728  NZ_CP180165.1_|_locus_tag_ACMTNW_RS11615    0.89%    passed     99.91%
 729  NZ_CP142805.1_|_locus_tag_VW781_RS02195     0.89%    passed     99.91%
 730  NZ_CP142805.1_|_locus_tag_VW781_RS09555     0.89%    passed     99.91%
 731  NZ_CP142805.1_|_locus_tag_VW781_RS10660     0.89%    passed     99.91%
 732  NZ_CP142804.1_|_locus_tag_VW782_RS02870     0.89%    passed     99.91%
 733  NZ_CP142804.1_|_locus_tag_VW782_RS11040     0.89%    passed     99.91%
 734  NZ_CP142804.1_|_locus_tag_VW782_RS11060     0.89%    passed     99.91%
 735  NZ_CP142803.1_|_locus_tag_VW783_RS02380     0.89%    passed     99.91%
 736  NZ_CP142803.1_|_locus_tag_VW783_RS02640     0.89%    passed     99.91%
 737  NZ_CP142803.1_|_locus_tag_VW783_RS02950     0.89%    passed     99.91%
 738  NZ_CP142803.1_|_locus_tag_VW783_RS03525     0.89%    passed     99.91%
 739  NZ_CP087451.1_|_locus_tag_LPA74_RS02815     0.89%    passed     99.91%
 740  NZ_CP087449.1_|_locus_tag_LPB34_RS02825     0.89%    passed     99.91%
 741  NZ_CP087447.1_|_locus_tag_LPB22_RS02820     0.89%    passed     99.91%
 742  NZ_CP087446.1_|_locus_tag_LPB37_RS02270     0.89%    passed     99.91%
 743  NZ_CP087442.1_|_locus_tag_LPB05_RS02250     0.89%    passed     99.91%
 744  NZ_CP087444.1_|_locus_tag_LPB14_RS10785     0.89%    passed     99.91%
 745  NZ_CP087441.1_|_locus_tag_LPA95_RS02260     0.89%    passed     99.91%
 746  NZ_CP087439.1_|_locus_tag_LPB17_RS02265     0.89%    passed     99.91%
 747  NZ_CP087435.1_|_locus_tag_LPA64_RS02290     0.89%    passed     99.91%
 748  NZ_CP087433.1_|_locus_tag_LPB12_RS02280     0.89%    passed     99.91%
 749  NZ_CP087432.1_|_locus_tag_LPA89_RS02290     0.89%    passed     99.91%
 750  NZ_CP087431.1_|_locus_tag_LPA96_RS02300     0.89%    passed     99.91%
 751  NZ_CP087429.1_|_locus_tag_LPA92_RS02280     0.89%    passed     99.91%
 752  NZ_CP087428.1_|_locus_tag_LPB40_RS02280     0.89%    passed     99.91%
 753  NZ_CP093064.1_|_locus_tag_MMZ60_RS02545     0.89%    passed     99.91%
 754  NZ_CP093064.1_|_locus_tag_MMZ60_RS02565     0.89%    passed     99.91%
 755  NZ_CP093064.1_|_locus_tag_MMZ60_RS11305     0.89%    passed     99.91%
 756  NZ_CP093064.1_|_locus_tag_MMZ60_RS11950     0.89%    passed     99.91%
 757  NZ_CP199774.1_|_locus_tag_ACUHZX_RS01085    0.89%    passed     99.91%
 758  NZ_CP199774.1_|_locus_tag_ACUHZX_RS01105    0.89%    passed     99.91%
 759  NZ_CP199774.1_|_locus_tag_ACUHZX_RS07785    0.89%    passed     99.91%
 760  NZ_CP199774.1_|_locus_tag_ACUHZX_RS08955    0.89%    passed     99.91%
 761  NZ_CP190357.1_|_locus_tag_N3P47_RS11670     0.89%    passed     99.91%
 762  NZ_CP085310.1_|_locus_tag_K1375_RS04800     0.89%    passed     99.91%
 763  NZ_CP085310.1_|_locus_tag_K1375_RS04820     0.89%    passed     99.91%
 764  NZ_CP085310.1_|_locus_tag_K1375_RS05075     0.89%    passed     99.91%
 765  NZ_CP085310.1_|_locus_tag_K1375_RS10700     0.89%    passed     99.91%
 766  NZ_CP085310.1_|_locus_tag_K1375_RS11345     0.89%    passed     99.91%
 767  NZ_CP085310.1_|_locus_tag_K1375_RS12040     0.89%    passed     99.91%
 768  NZ_CP085313.1_|_locus_tag_K1374_RS00820     0.89%    passed     99.91%
 769  NZ_CP085313.1_|_locus_tag_K1374_RS01075     0.89%    passed     99.91%
 770  NZ_CP085313.1_|_locus_tag_K1374_RS01095     0.89%    passed     99.91%
 771  NZ_CP085313.1_|_locus_tag_K1374_RS07755     0.89%    passed     99.91%
 772  NZ_CP085313.1_|_locus_tag_K1374_RS08445     0.89%    passed     99.91%
 773  NZ_CP085313.1_|_locus_tag_K1374_RS09085     0.89%    passed     99.91%
 774  NZ_CP199996.1_|_locus_tag_ACUBUE_RS02360    0.89%    passed     99.91%
 775  NZ_CP199996.1_|_locus_tag_ACUBUE_RS10725    0.89%    passed     99.91%
 776  NZ_CP166865.1_|_locus_tag_ACA498_RS02145    0.89%    passed     99.91%
 777  NZ_CP166865.1_|_locus_tag_ACA498_RS10920    0.89%    passed     99.91%
 778  NZ_CP166864.1_|_locus_tag_ACA495_RS02145    0.89%    passed     99.91%
 779  NZ_CP166864.1_|_locus_tag_ACA495_RS02410    0.89%    passed     99.91%
 780  NZ_CP166864.1_|_locus_tag_ACA495_RS11660    0.89%    passed     99.91%
 781  NZ_CP166863.1_|_locus_tag_ACA494_RS02175    0.89%    passed     99.91%
 782  NZ_CP166863.1_|_locus_tag_ACA494_RS02430    0.89%    passed     99.91%
 783  NZ_CP166863.1_|_locus_tag_ACA494_RS11610    0.89%    passed     99.91%
 784  NZ_CP166862.1_|_locus_tag_ACA493_RS02150    0.89%    passed     99.91%
 785  NZ_CP166862.1_|_locus_tag_ACA493_RS02405    0.89%    passed     99.91%
 786  NZ_CP166862.1_|_locus_tag_ACA493_RS02425    0.89%    passed     99.91%
 787  NZ_CP166862.1_|_locus_tag_ACA493_RS10580    0.89%    passed     99.91%
 788  NZ_CP166861.1_|_locus_tag_ACA499_RS02150    0.89%    passed     99.91%
 789  NZ_CP166861.1_|_locus_tag_ACA499_RS11030    0.89%    passed     99.91%
 790  NZ_CP166860.1_|_locus_tag_ACA497_RS02285    0.89%    passed     99.91%
 791  NZ_CP166859.1_|_locus_tag_ACA486_RS02235    0.89%    passed     99.91%
 792  NZ_CP166859.1_|_locus_tag_ACA486_RS02490    0.89%    passed     99.91%
 793  NZ_CP166859.1_|_locus_tag_ACA486_RS12075    0.89%    passed     99.91%
 794  NZ_CP166858.1_|_locus_tag_ACA496_RS02705    0.89%    passed     99.91%
 795  NZ_CP166858.1_|_locus_tag_ACA496_RS02725    0.89%    passed     99.91%
 796  NZ_CP166857.1_|_locus_tag_ACA491_RS14035    0.89%    passed     99.91%
 797  NZ_CP166856.1_|_locus_tag_ACA490_RS02665    0.89%    passed     99.91%
 798  NZ_CP166856.1_|_locus_tag_ACA490_RS02685    0.89%    passed     99.91%
 799  NZ_CP166855.1_|_locus_tag_ACA488_RS02540    0.89%    passed     99.91%
 800  NZ_CP166855.1_|_locus_tag_ACA488_RS02560    0.89%    passed     99.91%
 801  NZ_CP166854.1_|_locus_tag_ACA487_RS02540    0.89%    passed     99.91%
 802  NZ_CP166854.1_|_locus_tag_ACA487_RS02560    0.89%    passed     99.91%
 803  NZ_CP166853.1_|_locus_tag_ACA492_RS02540    0.89%    passed     99.91%
 804  NZ_CP166852.1_|_locus_tag_ACA489_RS02660    0.89%    passed     99.91%
 805  NZ_CP166852.1_|_locus_tag_ACA489_RS02680    0.89%    passed     99.91%
 806  NZ_CP195881.1_|_locus_tag_ACSNDX_RS00955    0.89%    passed     99.91%
 807  NZ_CP195881.1_|_locus_tag_ACSNDX_RS13795    0.89%    passed     99.91%
 808  NZ_CP142805.1_|_locus_tag_VW781_RS11225     0.89%    passed     99.90%
 809  NZ_CP166516.1_|_locus_tag_AB6X47_RS04555    0.89%    passed     99.99%
 810  NZ_CP166515.1_|_locus_tag_AB6X90_RS04540    0.89%    passed     99.99%
 811  NZ_CP087451.1_|_locus_tag_LPA74_RS11520     0.89%    passed     99.99%
 812  NZ_CP087449.1_|_locus_tag_LPB34_RS11085     0.89%    passed     99.99%
 813  NZ_AP040291.1_|_locus_tag_ACZ5SD_RS10955    0.89%    passed     99.89%
 814  NZ_CP166554.1_|_locus_tag_AB6X89_RS03780    0.89%    passed     99.76%
 815  NZ_CP166547.1_|_locus_tag_AB6X94_RS04575    0.89%    passed     99.76%
 816  NZ_CP166548.1_|_locus_tag_AB6X44_RS04565    0.89%    passed     99.76%
 817  NZ_CP166538.1_|_locus_tag_AB6X71_RS10525    0.89%    passed     99.76%
 818  NZ_CP166536.1_|_locus_tag_AB6X61_RS10525    0.89%    passed     99.76%
 819  NZ_CP166509.1_|_locus_tag_AB6X63_RS04555    0.89%    passed     99.76%
 820  NZ_CP166507.1_|_locus_tag_AB6X50_RS04550    0.89%    passed     99.76%
 821  NZ_CP166506.1_|_locus_tag_AB6X78_RS04575    0.89%    passed     99.76%
 822  NZ_AP040286.1_|_locus_tag_ACZ354_RS10140    0.89%    passed     99.76%
 823  NZ_CP142804.1_|_locus_tag_VW782_RS03435     0.89%    passed     99.76%
 824  NZ_CP190357.1_|_locus_tag_N3P47_RS02660     0.89%    passed     99.76%
 825  NZ_CP190357.1_|_locus_tag_N3P47_RS09990     0.89%    passed     99.76%
 826  NZ_CP190357.1_|_locus_tag_N3P47_RS11105     0.89%    passed     99.76%
 827  NZ_CP199996.1_|_locus_tag_ACUBUE_RS10160    0.89%    passed     99.76%
 828  NZ_CP096462.1_|_locus_tag_M1D64_RS04730     0.83%    passed     99.94%
 829  NZ_CP096462.1_|_locus_tag_M1D64_RS04150     0.83%    passed     99.96%
 830  NZ_CP096462.1_|_locus_tag_M1D64_RS12025     0.83%    passed     99.96%
 831  NZ_AP040285.1_|_locus_tag_ACZ5U7_RS10490    0.89%    passed     99.98%
 832  NZ_AP040288.1_|_locus_tag_ACZ5SY_RS10915    0.89%    passed     99.98%
 833  NZ_AP040293.1_|_locus_tag_ACZ5R0_RS10940    0.89%    passed     99.98%
 834  NZ_AP040295.1_|_locus_tag_ACZ5QS_RS10615    0.89%    passed     99.98%
 835  NZ_AP040296.1_|_locus_tag_ACZ5PY_RS10930    0.89%    passed     99.98%
 836  NZ_AP040298.1_|_locus_tag_ACZ5PR_RS10265    0.89%    passed     99.98%
 837  NZ_AP040301.1_|_locus_tag_ACZ5OL_RS10925    0.89%    passed     99.98%
 838  NZ_AP044063.1_|_locus_tag_ACZ41Y_RS09400    0.89%    passed     99.87%
 839  NZ_CP096462.1_|_locus_tag_M1D64_RS11765     0.83%    passed     99.98%
 840  NZ_CP096462.1_|_locus_tag_M1D64_RS11780     0.83%    passed     99.98%
 841  NZ_CP182574.1_|_locus_tag_ACNFVN_RS09570    0.89%    passed     99.98%
 842  NZ_CP191061.1_|_locus_tag_ACP8KY_RS02450    0.89%    passed     99.57%
 843  NZ_CP191059.1_|_locus_tag_ACP8MQ_RS02450    0.89%    passed     99.57%
 844  NZ_CP199774.1_|_locus_tag_ACUHZX_RS09515    0.89%    passed     99.69%
 845  NZ_CP166546.1_|_locus_tag_AB6X58_RS09310    0.89%    passed     99.84%
 846  NZ_CP166865.1_|_locus_tag_ACA498_RS09730    0.89%    passed     99.84%
 847  NZ_CP166864.1_|_locus_tag_ACA495_RS09400    0.89%    passed     99.84%
 848  NZ_CP166861.1_|_locus_tag_ACA499_RS09050    0.89%    passed     99.84%
 849  NZ_CP166546.1_|_locus_tag_AB6X58_RS10650    0.89%    passed     99.81%
 850  NZ_CP142805.1_|_locus_tag_VW781_RS02450     0.89%    passed     99.81%
 851  NZ_CP166865.1_|_locus_tag_ACA498_RS10375    0.89%    passed     99.81%
 852  NZ_CP166861.1_|_locus_tag_ACA499_RS10485    0.89%    passed     99.81%
 853  NZ_CP166860.1_|_locus_tag_ACA497_RS10965    0.89%    passed     99.81%
 854  NZ_CP166860.1_|_locus_tag_ACA497_RS11510    0.89%    passed     99.81%
 855  NZ_CP166858.1_|_locus_tag_ACA496_RS10965    0.89%    passed     99.81%
 856  NZ_CP166857.1_|_locus_tag_ACA491_RS05400    0.89%    passed     99.81%
 857  NZ_CP166856.1_|_locus_tag_ACA490_RS10635    0.89%    passed     99.81%
 858  NZ_CP166855.1_|_locus_tag_ACA488_RS11610    0.89%    passed     99.81%
 859  NZ_CP166854.1_|_locus_tag_ACA487_RS10850    0.89%    passed     99.81%
 860  NZ_CP166853.1_|_locus_tag_ACA492_RS10460    0.89%    passed     99.81%
 861  NZ_CP166852.1_|_locus_tag_ACA489_RS10740    0.89%    passed     99.81%
 862  NZ_CP166863.1_|_locus_tag_ACA494_RS09580    0.89%    passed     99.83%
 863  NZ_CP182574.1_|_locus_tag_ACNFVN_RS02440    0.89%    passed     99.76%
 864  NZ_CP166862.1_|_locus_tag_ACA493_RS10035    0.89%    passed     99.56%
 865  NZ_AP044060.1_|_locus_tag_ACZ5OM_RS11180    0.89%    passed     99.97%
 866  NZ_AP044063.1_|_locus_tag_ACZ41Y_RS02090    0.89%    passed     99.81%
 867  NZ_AP044060.1_|_locus_tag_ACZ5OM_RS02045    0.89%    passed     99.56%
 868  NZ_AP044060.1_|_locus_tag_ACZ5OM_RS02305    0.89%    passed     99.76%
 869  NZ_AP044062.1_|_locus_tag_ACZ5K1_RS02295    0.89%    passed     99.76%
 870  NZ_AP044063.1_|_locus_tag_ACZ41Y_RS02345    0.89%    passed     99.76%
 871  NZ_AP040285.1_|_locus_tag_ACZ5U7_RS02165    0.89%    passed     99.69%
 872  NZ_AP040288.1_|_locus_tag_ACZ5SY_RS02280    0.89%    passed     99.69%
 873  NZ_AP040291.1_|_locus_tag_ACZ5SD_RS02280    0.89%    passed     99.69%
 874  NZ_AP040293.1_|_locus_tag_ACZ5R0_RS02270    0.89%    passed     99.69%
 875  NZ_AP040295.1_|_locus_tag_ACZ5QS_RS02290    0.89%    passed     99.69%
 876  NZ_AP040296.1_|_locus_tag_ACZ5PY_RS02270    0.89%    passed     99.69%
 877  NZ_AP040298.1_|_locus_tag_ACZ5PR_RS01970    0.89%    passed     99.69%
 878  NZ_AP040301.1_|_locus_tag_ACZ5OL_RS02280    0.89%    passed     99.69%
 879  NZ_AP044063.1_|_locus_tag_ACZ41Y_RS10480    0.89%    passed     99.61%
 880  NZ_CP166859.1_|_locus_tag_ACA486_RS04630    0.89%    passed     99.95%
 881  NZ_CP087441.1_|_locus_tag_LPA95_RS09160     0.89%    passed     99.83%
 882  NZ_CP166859.1_|_locus_tag_ACA486_RS11530    0.89%    passed     99.91%
 883  NZ_CP166564.1_|_locus_tag_AB6X84_RS09710    0.96%    passed     99.86%
 884  NZ_CP166864.1_|_locus_tag_ACA495_RS11115    0.89%    passed     99.61%
 885  NZ_AP040133.1_|_locus_tag_ACZ435_RS11080    0.89%    passed     99.99%
 886  NZ_CP166567.1_|_locus_tag_AB6X76_RS10220    0.89%    passed     99.61%
 887  NZ_CP166565.1_|_locus_tag_AB6X77_RS10085    0.89%    passed     99.61%
 888  NZ_CP191061.1_|_locus_tag_ACP8KY_RS10180    0.89%    passed     99.81%
 889  NZ_CP191048.1_|_locus_tag_ACP8IJ_RS02065    0.89%    passed     99.81%
 890  NZ_CP191048.1_|_locus_tag_ACP8IJ_RS02320    0.89%    passed     99.81%
 891  NZ_CP191048.1_|_locus_tag_ACP8IJ_RS09545    0.89%    passed     99.81%
 892  NZ_CP191048.1_|_locus_tag_ACP8IJ_RS10240    0.89%    passed     99.81%
 893  NZ_CP191048.1_|_locus_tag_ACP8IJ_RS10795    0.89%    passed     99.81%
 894  NZ_CP191047.1_|_locus_tag_ACP8LQ_RS02065    0.89%    passed     99.81%
 895  NZ_CP191047.1_|_locus_tag_ACP8LQ_RS02320    0.89%    passed     99.81%
 896  NZ_CP191047.1_|_locus_tag_ACP8LQ_RS09865    0.89%    passed     99.81%
 897  NZ_CP191047.1_|_locus_tag_ACP8LQ_RS10560    0.89%    passed     99.81%
 898  NZ_CP191047.1_|_locus_tag_ACP8LQ_RS11115    0.89%    passed     99.81%
 899  NZ_CP166574.1_|_locus_tag_AB6X59_RS10125    0.89%    passed     99.81%
 900  NZ_CP166571.1_|_locus_tag_AB6X92_RS02145    0.89%    passed     99.81%
 901  NZ_CP166571.1_|_locus_tag_AB6X92_RS10570    0.89%    passed     99.81%
 902  NZ_CP166573.1_|_locus_tag_AB6X54_RS10125    0.89%    passed     99.81%
 903  NZ_CP166569.1_|_locus_tag_AB6X75_RS02140    0.89%    passed     99.81%
 904  NZ_CP166569.1_|_locus_tag_AB6X75_RS10565    0.89%    passed     99.81%
 905  NZ_CP166567.1_|_locus_tag_AB6X76_RS02345    0.89%    passed     99.81%
 906  NZ_CP166567.1_|_locus_tag_AB6X76_RS10790    0.89%    passed     99.81%
 907  NZ_CP166565.1_|_locus_tag_AB6X77_RS02335    0.89%    passed     99.81%
 908  NZ_CP166565.1_|_locus_tag_AB6X77_RS10650    0.89%    passed     99.81%
 909  NZ_CP166562.1_|_locus_tag_AB6X56_RS10135    0.89%    passed     99.81%
 910  NZ_CP166561.1_|_locus_tag_AB6X45_RS10135    0.89%    passed     99.81%
 911  NZ_CP166542.1_|_locus_tag_AB6X49_RS02345    0.89%    passed     99.81%
 912  NZ_CP166542.1_|_locus_tag_AB6X49_RS10170    0.89%    passed     99.81%
 913  NZ_CP166540.1_|_locus_tag_AB6X82_RS02340    0.89%    passed     99.81%
 914  NZ_CP166540.1_|_locus_tag_AB6X82_RS10165    0.89%    passed     99.81%
 915  NZ_CP166540.1_|_locus_tag_AB6X82_RS10730    0.89%    passed     99.81%
 916  NZ_CP166530.1_|_locus_tag_AB6X80_RS02410    0.89%    passed     99.81%
 917  NZ_CP166530.1_|_locus_tag_AB6X80_RS02430    0.89%    passed     99.81%
 918  NZ_CP166531.1_|_locus_tag_AB6X79_RS02180    0.89%    passed     99.81%
 919  NZ_CP166531.1_|_locus_tag_AB6X79_RS02435    0.89%    passed     99.81%
 920  NZ_CP166531.1_|_locus_tag_AB6X79_RS02455    0.89%    passed     99.81%
 921  NZ_CP166531.1_|_locus_tag_AB6X79_RS10900    0.89%    passed     99.81%
 922  NZ_CP166529.1_|_locus_tag_AB6X70_RS02180    0.89%    passed     99.81%
 923  NZ_CP166529.1_|_locus_tag_AB6X70_RS02435    0.89%    passed     99.81%
 924  NZ_CP166529.1_|_locus_tag_AB6X70_RS02455    0.89%    passed     99.81%
 925  NZ_CP166529.1_|_locus_tag_AB6X70_RS10900    0.89%    passed     99.81%
 926  NZ_CP166513.1_|_locus_tag_AB6X73_RS02140    0.89%    passed     99.81%
 927  NZ_CP166513.1_|_locus_tag_AB6X73_RS10170    0.89%    passed     99.81%
 928  NZ_CP166512.1_|_locus_tag_AB6X86_RS02140    0.89%    passed     99.81%
 929  NZ_CP166512.1_|_locus_tag_AB6X86_RS10170    0.89%    passed     99.81%
 930  NZ_CP166511.1_|_locus_tag_AB6X96_RS02140    0.89%    passed     99.81%
 931  NZ_CP166511.1_|_locus_tag_AB6X96_RS10170    0.89%    passed     99.81%
 932  NZ_OY725415.1_|_locus_tag_AC1U0L_RS05835    0.89%    passed     99.81%
 933  NZ_OY725415.1_|_locus_tag_AC1U0L_RS06875    0.89%    passed     99.81%
 934  NZ_AP041589.1_|_locus_tag_ACZ50H_RS02535    0.89%    passed     99.81%
 935  NZ_AP041589.1_|_locus_tag_ACZ50H_RS11555    0.89%    passed     99.81%
 936  NZ_AP040285.1_|_locus_tag_ACZ5U7_RS02420    0.89%    passed     99.81%
 937  NZ_AP040288.1_|_locus_tag_ACZ5SY_RS02535    0.89%    passed     99.81%
 938  NZ_AP040291.1_|_locus_tag_ACZ5SD_RS02535    0.89%    passed     99.81%
 939  NZ_AP040293.1_|_locus_tag_ACZ5R0_RS02525    0.89%    passed     99.81%
 940  NZ_AP041587.1_|_locus_tag_ACZ5QC_RS02450    0.89%    passed     99.81%
 941  NZ_AP040295.1_|_locus_tag_ACZ5QS_RS02545    0.89%    passed     99.81%
 942  NZ_AP040296.1_|_locus_tag_ACZ5PY_RS02525    0.89%    passed     99.81%
 943  NZ_AP040298.1_|_locus_tag_ACZ5PR_RS02225    0.89%    passed     99.81%
 944  NZ_AP040301.1_|_locus_tag_ACZ5OL_RS02535    0.89%    passed     99.81%
 945  NZ_AP043700.1_|_locus_tag_ACZ49O_RS09550    0.89%    passed     99.81%
 946  NZ_AP040133.1_|_locus_tag_ACZ435_RS02520    0.89%    passed     99.81%
 947  NZ_AP040133.1_|_locus_tag_ACZ435_RS02540    0.89%    passed     99.81%
 948  NZ_CP087446.1_|_locus_tag_LPB37_RS02545     0.89%    passed     99.81%
 949  NZ_CP087442.1_|_locus_tag_LPB05_RS02525     0.89%    passed     99.81%
 950  NZ_CP087442.1_|_locus_tag_LPB05_RS10225     0.89%    passed     99.81%
 951  NZ_CP087435.1_|_locus_tag_LPA64_RS02565     0.89%    passed     99.81%
 952  NZ_CP087434.1_|_locus_tag_LPB29_RS02555     0.89%    passed     99.81%
 953  NZ_CP087433.1_|_locus_tag_LPB12_RS02555     0.89%    passed     99.81%
 954  NZ_CP087430.1_|_locus_tag_LPA68_RS02540     0.89%    passed     99.81%
 955  NZ_CP087429.1_|_locus_tag_LPA92_RS02555     0.89%    passed     99.81%
 956  NZ_CP087428.1_|_locus_tag_LPB40_RS02555     0.89%    passed     99.81%
 957  NZ_CP166519.1_|_locus_tag_AB6X67_RS04610    0.89%    passed     99.61%
 958  NZ_CP087446.1_|_locus_tag_LPB37_RS09635     0.89%    passed     99.69%
 959  NZ_CP087442.1_|_locus_tag_LPB05_RS09165     0.89%    passed     99.69%
 960  NZ_CP087439.1_|_locus_tag_LPB17_RS09170     0.89%    passed     99.69%
 961  NZ_CP087437.1_|_locus_tag_LPA86_RS09530     0.89%    passed     99.69%
 962  NZ_CP087435.1_|_locus_tag_LPA64_RS09530     0.89%    passed     99.69%
 963  NZ_CP087433.1_|_locus_tag_LPB12_RS09205     0.89%    passed     99.69%
 964  NZ_CP087429.1_|_locus_tag_LPA92_RS09210     0.89%    passed     99.69%
 965  NZ_CP166531.1_|_locus_tag_AB6X79_RS09895    0.89%    passed     99.81%
 966  NZ_CP166529.1_|_locus_tag_AB6X70_RS09895    0.89%    passed     99.81%
 967  NZ_AP040285.1_|_locus_tag_ACZ5U7_RS11055    0.89%    passed     99.61%
 968  NZ_AP040288.1_|_locus_tag_ACZ5SY_RS11475    0.89%    passed     99.61%
 969  NZ_AP040291.1_|_locus_tag_ACZ5SD_RS11515    0.89%    passed     99.61%
 970  NZ_AP040293.1_|_locus_tag_ACZ5R0_RS11500    0.89%    passed     99.61%
 971  NZ_AP040295.1_|_locus_tag_ACZ5QS_RS11175    0.89%    passed     99.61%
 972  NZ_AP040296.1_|_locus_tag_ACZ5PY_RS11490    0.89%    passed     99.61%
 973  NZ_AP040298.1_|_locus_tag_ACZ5PR_RS10825    0.89%    passed     99.61%
 974  NZ_AP040133.1_|_locus_tag_ACZ435_RS11640    0.89%    passed     99.61%
 975  NZ_AP043700.1_|_locus_tag_ACZ49O_RS01970    0.89%    passed     99.90%
 976  NZ_CP087434.1_|_locus_tag_LPB29_RS11155     0.89%    passed     99.61%
 977  NZ_CP087433.1_|_locus_tag_LPB12_RS11150     0.89%    passed     99.61%
 978  NZ_CP087429.1_|_locus_tag_LPA92_RS11155     0.89%    passed     99.61%
 979  NZ_CP087428.1_|_locus_tag_LPB40_RS11150     0.89%    passed     99.61%
 980  NZ_CP087435.1_|_locus_tag_LPA64_RS10590     0.89%    passed     99.56%
 981  NZ_CP087446.1_|_locus_tag_LPB37_RS10695     0.89%    passed     99.76%
 982  NZ_CP087441.1_|_locus_tag_LPA95_RS10230     0.89%    passed     99.76%
 983  NZ_CP087439.1_|_locus_tag_LPB17_RS10240     0.89%    passed     99.76%
 984  NZ_CP087433.1_|_locus_tag_LPB12_RS10575     0.89%    passed     99.76%
 985  NZ_CP087432.1_|_locus_tag_LPA89_RS10605     0.89%    passed     99.76%
 986  NZ_CP087429.1_|_locus_tag_LPA92_RS10580     0.89%    passed     99.76%
 987  NZ_CP087428.1_|_locus_tag_LPB40_RS10580     0.89%    passed     99.76%
 988  NZ_CP087444.1_|_locus_tag_LPB14_RS10210     0.89%    passed     99.90%
 989  NZ_CP087444.1_|_locus_tag_LPB14_RS02545     0.89%    passed     99.56%
 990  NZ_AP041589.1_|_locus_tag_ACZ50H_RS10000    0.89%    passed     99.56%
 991  NZ_CP166547.1_|_locus_tag_AB6X94_RS05580    0.89%    passed     99.69%
 992  NZ_CP166548.1_|_locus_tag_AB6X44_RS05570    0.89%    passed     99.69%
 993  NZ_CP166509.1_|_locus_tag_AB6X63_RS05560    0.89%    passed     99.69%
 994  NZ_CP166507.1_|_locus_tag_AB6X50_RS05555    0.89%    passed     99.69%
 995  NZ_CP166506.1_|_locus_tag_AB6X78_RS05580    0.89%    passed     99.69%
 996  NZ_CP166517.1_|_locus_tag_AB6X55_RS02395    0.89%    passed     99.69%
 997  NZ_OY725415.1_|_locus_tag_AC1U0L_RS00015    0.89%    passed     99.56%
 998  NZ_CP166513.1_|_locus_tag_AB6X73_RS02415    0.89%    passed     99.61%
 999  NZ_AP040301.1_|_locus_tag_ACZ5OL_RS11485    0.89%    passed     99.33%
1000  NZ_CP166571.1_|_locus_tag_AB6X92_RS02420    0.89%    passed     99.91%
1001  NZ_CP166569.1_|_locus_tag_AB6X75_RS02415    0.89%    passed     99.91%
1002  NZ_CP166512.1_|_locus_tag_AB6X86_RS02395    0.89%    passed     99.81%
1003  NZ_CP166571.1_|_locus_tag_AB6X92_RS02400    0.89%    passed     99.56%
1004  NZ_CP166569.1_|_locus_tag_AB6X75_RS02395    0.89%    passed     99.56%
1005  NZ_CP166516.1_|_locus_tag_AB6X47_RS05605    0.89%    passed     99.33%
1006  NZ_CP166515.1_|_locus_tag_AB6X90_RS05590    0.89%    passed     99.33%
1007  NZ_CP191048.1_|_locus_tag_ACP8IJ_RS02340    0.89%    passed     99.61%
1008  NZ_CP191047.1_|_locus_tag_ACP8LQ_RS02340    0.89%    passed     99.61%
1009  NZ_CP166530.1_|_locus_tag_AB6X80_RS11435    0.89%    passed     99.95%
1010  NZ_CP166531.1_|_locus_tag_AB6X79_RS11460    0.89%    passed     99.95%
1011  NZ_CP166529.1_|_locus_tag_AB6X70_RS11460    0.89%    passed     99.95%
1012  NZ_CP199996.1_|_locus_tag_ACUBUE_RS09160    0.89%    passed     99.33%
1013  NZ_AP040298.1_|_locus_tag_ACZ5PR_RS09275    0.89%    passed     98.44%
1014  NZ_AP040286.1_|_locus_tag_ACZ354_RS09090    0.89%    passed     99.13%
1015  NZ_AP040285.1_|_locus_tag_ACZ5U7_RS09805    0.89%    passed     99.13%
1016  NZ_AP040288.1_|_locus_tag_ACZ5SY_RS09925    0.89%    passed     99.13%
1017  NZ_AP040293.1_|_locus_tag_ACZ5R0_RS09950    0.89%    passed     99.13%
1018  NZ_AP040295.1_|_locus_tag_ACZ5QS_RS09625    0.89%    passed     99.13%
1019  NZ_AP040296.1_|_locus_tag_ACZ5PY_RS09940    0.89%    passed     99.13%
1020  NZ_AP040301.1_|_locus_tag_ACZ5OL_RS09935    0.89%    passed     99.13%
1021  NZ_AP040133.1_|_locus_tag_ACZ435_RS09650    0.89%    passed     99.13%
1022  NZ_CP087444.1_|_locus_tag_LPB14_RS02525     0.89%    passed     99.61%
1023  NZ_CP191061.1_|_locus_tag_ACP8KY_RS09175    0.89%    passed     99.56%
1024  NZ_CP166575.1_|_locus_tag_AB6X81_RS05790    0.89%    passed     99.56%
1025  NZ_CP166574.1_|_locus_tag_AB6X59_RS09110    0.89%    passed     99.56%
1026  NZ_CP166573.1_|_locus_tag_AB6X54_RS09110    0.89%    passed     99.56%
1027  NZ_CP166567.1_|_locus_tag_AB6X76_RS09520    0.89%    passed     99.56%
1028  NZ_CP166565.1_|_locus_tag_AB6X77_RS09385    0.89%    passed     99.56%
1029  NZ_CP166559.1_|_locus_tag_AB6X87_RS09305    0.89%    passed     99.56%
1030  NZ_CP166561.1_|_locus_tag_AB6X45_RS09120    0.89%    passed     99.56%
1031  NZ_CP166555.1_|_locus_tag_AB6X65_RS09305    0.89%    passed     99.56%
1032  NZ_CP166552.1_|_locus_tag_AB6X53_RS09530    0.89%    passed     99.56%
1033  NZ_CP166542.1_|_locus_tag_AB6X49_RS09470    0.89%    passed     99.56%
1034  NZ_CP166544.1_|_locus_tag_AB6X43_RS10280    0.89%    passed     99.56%
1035  NZ_CP166540.1_|_locus_tag_AB6X82_RS09465    0.89%    passed     99.56%
1036  NZ_CP166538.1_|_locus_tag_AB6X71_RS09530    0.89%    passed     99.56%
1037  NZ_CP166536.1_|_locus_tag_AB6X61_RS09530    0.89%    passed     99.56%
1038  NZ_CP166526.1_|_locus_tag_AB6X52_RS09120    0.89%    passed     99.56%
1039  NZ_AP043700.1_|_locus_tag_ACZ49O_RS02660    0.89%    passed     99.56%
1040  NZ_CP180165.1_|_locus_tag_ACMTNW_RS09990    0.89%    passed     99.56%
1041  NZ_CP142804.1_|_locus_tag_VW782_RS04430     0.89%    passed     99.56%
1042  NZ_CP166520.1_|_locus_tag_AB6X83_RS09115    0.89%    passed     99.33%
1043  NZ_CP087446.1_|_locus_tag_LPB37_RS02525     0.89%    passed     99.91%
1044  NZ_CP087442.1_|_locus_tag_LPB05_RS02505     0.89%    passed     99.91%
1045  NZ_CP087441.1_|_locus_tag_LPA95_RS02515     0.89%    passed     99.91%
1046  NZ_CP087439.1_|_locus_tag_LPB17_RS02520     0.89%    passed     99.91%
1047  NZ_CP087437.1_|_locus_tag_LPA86_RS02545     0.89%    passed     99.91%
1048  NZ_CP087435.1_|_locus_tag_LPA64_RS02545     0.89%    passed     99.91%
1049  NZ_CP087434.1_|_locus_tag_LPB29_RS02535     0.89%    passed     99.91%
1050  NZ_CP087433.1_|_locus_tag_LPB12_RS02535     0.89%    passed     99.91%
1051  NZ_CP087430.1_|_locus_tag_LPA68_RS02520     0.89%    passed     99.91%
1052  NZ_CP087428.1_|_locus_tag_LPB40_RS02535     0.89%    passed     99.91%
1053  NZ_CP087444.1_|_locus_tag_LPB14_RS09165     0.89%    passed     99.61%
1054  NZ_AP040291.1_|_locus_tag_ACZ5SD_RS09965    0.89%    passed     98.84%
1055  NZ_CP087451.1_|_locus_tag_LPA74_RS09765     0.89%    passed     99.61%
1056  NZ_CP087449.1_|_locus_tag_LPB34_RS09675     0.89%    passed     99.61%
1057  NZ_CP087447.1_|_locus_tag_LPB22_RS09665     0.89%    passed     99.61%
1058  NZ_CP182395.1_|_locus_tag_ACNBES_RS01035    0.89%    passed     91.98%
1059  NZ_CP166522.1_|_locus_tag_AB6X88_RS09105    0.96%    passed     99.09%
1060  NZ_CP166528.1_|_locus_tag_AB6X57_RS11270    0.96%    passed     99.35%
1061  NZ_CP182395.1_|_locus_tag_ACNBES_RS00485    0.89%    passed     89.57%
1062  NZ_CP182395.1_|_locus_tag_ACNBES_RS01605    0.89%    passed     89.57%
1063  NZ_CP182395.1_|_locus_tag_ACNBES_RS06380    0.89%    passed     89.57%
1064  NZ_CP182395.1_|_locus_tag_ACNBES_RS06705    0.89%    passed     89.57%
1065  NZ_CP182395.1_|_locus_tag_ACNBES_RS06720    0.89%    passed     89.57%
1066  NZ_CP166533.1_|_locus_tag_AB6X95_RS02415    0.83%    passed     99.97%
1067  NZ_CP166532.1_|_locus_tag_AB6X60_RS02415    0.83%    passed     99.97%
1068  NZ_CP166863.1_|_locus_tag_ACA494_RS11065    0.83%    passed     99.85%
1069  NZ_CP166551.1_|_locus_tag_AB6X51_RS10225    0.70%    passed     99.96%
1070  NZ_CP166550.1_|_locus_tag_AB6X85_RS10250    0.70%    passed     99.96%
1071  NZ_CP166549.1_|_locus_tag_AB6X66_RS10230    0.70%    passed     99.96%
1072  NZ_CP166517.1_|_locus_tag_AB6X55_RS02140    0.96%    passed     99.48%
1073  NZ_CP166528.1_|_locus_tag_AB6X57_RS04545    1.02%    passed     99.81%
1074  NZ_CP166517.1_|_locus_tag_AB6X55_RS02415    0.96%    passed     99.48%
1075  NZ_CP166512.1_|_locus_tag_AB6X86_RS02415    0.96%    passed     99.48%
1076  NZ_CP166519.1_|_locus_tag_AB6X67_RS04355    0.96%    passed     99.65%
1077  NZ_CP166528.1_|_locus_tag_AB6X57_RS04270    0.96%    passed     99.86%
1078  NZ_CP166526.1_|_locus_tag_AB6X52_RS02410    0.96%    passed     99.86%
1079  NZ_CP166542.1_|_locus_tag_AB6X49_RS10735    0.96%    passed     99.73%
1080  NZ_CP166530.1_|_locus_tag_AB6X80_RS02155    0.96%    passed     99.73%
1081  NZ_CP166530.1_|_locus_tag_AB6X80_RS10875    0.96%    passed     99.73%
1082  NZ_CP166517.1_|_locus_tag_AB6X55_RS10540    0.96%    passed     99.73%
1083  NZ_CP166513.1_|_locus_tag_AB6X73_RS02395    0.96%    passed     99.73%
1084  NZ_CP166514.1_|_locus_tag_AB6X72_RS05595    0.96%    passed     99.17%
1085  NZ_CP166562.1_|_locus_tag_AB6X56_RS09120    0.96%    passed     99.47%
1086  NZ_CP166557.1_|_locus_tag_AB6X64_RS09305    0.96%    passed     99.47%
1087  NZ_CP166534.1_|_locus_tag_AB6X48_RS09530    0.96%    passed     99.47%
1088  NZ_CP166525.1_|_locus_tag_AB6X74_RS04845    1.02%    passed     99.80%
1089  NZ_CP166516.1_|_locus_tag_AB6X47_RS02905    1.02%    passed     99.80%
1090  NZ_CP166516.1_|_locus_tag_AB6X47_RS03960    1.02%    passed     99.80%
1091  NZ_CP166564.1_|_locus_tag_AB6X84_RS11400    0.96%    passed     99.96%
1092  NZ_CP166526.1_|_locus_tag_AB6X52_RS02135    0.96%    passed     99.86%
1093  NZ_CP166526.1_|_locus_tag_AB6X52_RS10145    0.96%    passed     99.96%
1094  NZ_CP166522.1_|_locus_tag_AB6X88_RS10150    0.96%    passed     99.96%
1095  NZ_CP166559.1_|_locus_tag_AB6X87_RS02230    0.96%    passed     99.69%
1096  NZ_CP166522.1_|_locus_tag_AB6X88_RS02120    0.96%    passed     99.69%
1097  NZ_CP166519.1_|_locus_tag_AB6X67_RS09590    0.96%    passed     99.87%
1098  NZ_CP166562.1_|_locus_tag_AB6X56_RS02425    0.96%    passed     99.73%
1099  NZ_CP166561.1_|_locus_tag_AB6X45_RS02425    0.96%    passed     99.73%
1100  NZ_CP166574.1_|_locus_tag_AB6X59_RS02440    0.96%    passed     99.86%
1101  NZ_CP166564.1_|_locus_tag_AB6X84_RS04460    0.96%    passed     99.86%
1102  NZ_CP166564.1_|_locus_tag_AB6X84_RS04735    0.96%    passed     99.86%
1103  NZ_CP166562.1_|_locus_tag_AB6X56_RS02445    0.96%    passed     99.86%
1104  NZ_CP166544.1_|_locus_tag_AB6X43_RS02525    0.96%    passed     99.86%
1105  NZ_CP166528.1_|_locus_tag_AB6X57_RS09670    0.96%    passed     99.86%
1106  NZ_CP166524.1_|_locus_tag_AB6X68_RS11175    0.96%    passed     99.86%
1107  NZ_CP166520.1_|_locus_tag_AB6X83_RS02380    0.96%    passed     99.86%
1108  NZ_CP166514.1_|_locus_tag_AB6X72_RS04545    0.96%    passed     99.98%
1109  NZ_CP166552.1_|_locus_tag_AB6X53_RS10525    0.96%    passed     99.64%
1110  NZ_CP166519.1_|_locus_tag_AB6X67_RS10150    1.02%    passed     99.62%
1111  NZ_CP087426.1_|_locus_tag_LPA80_RS03450     0.96%    passed     95.25%
1112  NZ_CP087464.1_|_locus_tag_LPB15_RS12280     0.96%    passed     95.71%
1113  NZ_CP087464.1_|_locus_tag_LPB15_RS12535     0.96%    passed     95.71%
1114  NZ_CP087464.1_|_locus_tag_LPB15_RS03705     0.96%    passed     96.51%
1115  NZ_CP087464.1_|_locus_tag_LPB15_RS04255     0.96%    passed     96.51%
1116  NZ_CP087426.1_|_locus_tag_LPA80_RS04640     0.96%    passed     97.06%
1117  NZ_CP166577.1_|_locus_tag_AB6X62_RS13335    1.09%    passed     99.47%
1118  NZ_CP087402.1_|_locus_tag_LPA77_RS12035     0.89%    passed     99.96%
1119  NZ_CP087413.1_|_locus_tag_LPB35_RS04535     0.89%    passed     99.68%
1120  NZ_CP087409.1_|_locus_tag_LPB26_RS12030     0.89%    passed     99.85%
1121  NZ_CP087413.1_|_locus_tag_LPB35_RS11300     1.09%    passed    100.00%
1122  NZ_CP166554.1_|_locus_tag_AB6X89_RS09525    1.15%    passed     99.33%
1123  NZ_CP166519.1_|_locus_tag_AB6X67_RS04335    1.09%    passed     99.06%
1124  NZ_CP166516.1_|_locus_tag_AB6X47_RS02650    1.09%    passed     99.47%
1125  NZ_CP087395.1_|_locus_tag_LPB30_RS12000     1.02%    passed     99.99%
1126  NZ_CP087395.1_|_locus_tag_LPB30_RS12015     1.02%    passed     99.99%
1127  NZ_CP087422.1_|_locus_tag_LPA88_RS04895     1.02%    passed    100.00%
1128  NZ_CP087397.1_|_locus_tag_LPA66_RS11575     1.02%    passed    100.00%
1129  NZ_CP087395.1_|_locus_tag_LPB30_RS04575     1.02%    passed    100.00%
1130  NZ_CP087397.1_|_locus_tag_LPA66_RS11590     1.02%    passed     99.99%
1131  NZ_CP087422.1_|_locus_tag_LPA88_RS11280     1.02%    passed     99.98%
1132  NZ_CP087422.1_|_locus_tag_LPA88_RS11530     1.02%    passed     99.98%
1133  NZ_CP087395.1_|_locus_tag_LPB30_RS03410     1.02%    passed     99.98%
1134  NZ_CP087422.1_|_locus_tag_LPA88_RS11265     1.02%    passed     99.94%
1135  NZ_CP087397.1_|_locus_tag_LPA66_RS05020     1.02%    passed     99.98%
1136  NZ_CP166554.1_|_locus_tag_AB6X89_RS02785    1.09%    passed     99.13%
1137  NZ_CP087437.1_|_locus_tag_LPA86_RS02290     0.96%    passed     99.86%
1138  NZ_CP087434.1_|_locus_tag_LPB29_RS02280     0.96%    passed     99.86%
1139  NZ_CP087430.1_|_locus_tag_LPA68_RS02265     0.96%    passed     99.86%
1140  NZ_CP087431.1_|_locus_tag_LPA96_RS11190     0.96%    passed     99.64%
1141  NZ_CP087447.1_|_locus_tag_LPB22_RS11070     0.96%    passed     99.98%
1142  NZ_CP166564.1_|_locus_tag_AB6X84_RS10280    1.02%    passed     99.76%
1143  NZ_CP166534.1_|_locus_tag_AB6X48_RS10525    1.02%    passed     99.47%
1144  NZ_CP166511.1_|_locus_tag_AB6X96_RS02395    1.02%    passed     99.80%
1145  NZ_CP166511.1_|_locus_tag_AB6X96_RS09135    1.02%    passed     99.51%
1146  NZ_CP087437.1_|_locus_tag_LPA86_RS02565     0.96%    passed     99.73%
1147  NZ_CP087434.1_|_locus_tag_LPB29_RS09210     0.96%    passed     99.65%
1148  NZ_CP087432.1_|_locus_tag_LPA89_RS09545     0.96%    passed     99.65%
1149  NZ_CP087431.1_|_locus_tag_LPA96_RS09555     0.96%    passed     99.65%
1150  NZ_CP087430.1_|_locus_tag_LPA68_RS09185     0.96%    passed     99.65%
1151  NZ_CP087428.1_|_locus_tag_LPB40_RS09210     0.96%    passed     99.65%
1152  NZ_CP087430.1_|_locus_tag_LPA68_RS11120     0.96%    passed     99.48%
1153  NZ_CP087431.1_|_locus_tag_LPA96_RS10615     0.96%    passed     99.68%
1154  NZ_CP087430.1_|_locus_tag_LPA68_RS10550     0.96%    passed     99.68%
1155  NZ_CP087437.1_|_locus_tag_LPA86_RS10590     0.96%    passed     99.47%
1156  NZ_CP087434.1_|_locus_tag_LPB29_RS10580     0.96%    passed     99.86%
1157  NZ_CP166511.1_|_locus_tag_AB6X96_RS02415    0.96%    passed     99.73%
1158  NZ_CP166571.1_|_locus_tag_AB6X92_RS09530    0.96%    passed     99.69%
1159  NZ_CP166569.1_|_locus_tag_AB6X75_RS09525    0.96%    passed     99.69%
1160  NZ_CP166519.1_|_locus_tag_AB6X67_RS11175    0.96%    passed     99.69%
1161  NZ_CP166517.1_|_locus_tag_AB6X55_RS09515    0.96%    passed     99.69%
1162  NZ_CP166513.1_|_locus_tag_AB6X73_RS09135    0.96%    passed     99.69%
1163  NZ_CP166512.1_|_locus_tag_AB6X86_RS09135    0.96%    passed     99.69%
1164  NZ_CP087432.1_|_locus_tag_LPA89_RS02545     0.96%    passed     99.86%
1165  NZ_CP087431.1_|_locus_tag_LPA96_RS02555     0.96%    passed     99.86%
1166  NZ_CP087429.1_|_locus_tag_LPA92_RS02535     0.96%    passed     99.86%
****  TOTAL                                       0.91%  0 sequences failed composition chi2 test (p-value<5%; df=3)
NOTE: NZ_CP087426.1_|_locus_tag_LPA80_RS11815 is identical to NZ_CP087426.1_|_locus_tag_LPA80_RS03980 but kept for subsequent analysis
NOTE: NZ_CP087469.1_|_locus_tag_LPB21_RS03330 is identical to NZ_CP087470.1_|_locus_tag_LPA94_RS03330 but kept for subsequent analysis
NOTE: NZ_CP087456.1_|_locus_tag_LPA55_RS11960 is identical to NZ_CP087465.1_|_locus_tag_LPB06_RS11960 but kept for subsequent analysis
NOTE: NZ_CP087470.1_|_locus_tag_LPA94_RS11770 is identical to NZ_CP087470.1_|_locus_tag_LPA94_RS11755 but kept for subsequent analysis
NOTE: NZ_CP087463.1_|_locus_tag_LPB07_RS04925 is identical to NZ_CP087464.1_|_locus_tag_LPB15_RS04855 but kept for subsequent analysis
NOTE: NZ_CP087457.1_|_locus_tag_LPA78_RS03760 is identical to NZ_CP087463.1_|_locus_tag_LPB07_RS03780 but kept for subsequent analysis
NOTE: NZ_CP087427.1_|_locus_tag_LPB23_RS11955 is identical to NZ_CP087466.1_|_locus_tag_LPA58_RS03810 but kept for subsequent analysis
NOTE: NZ_CP087469.1_|_locus_tag_LPB21_RS03925 is identical to NZ_CP087470.1_|_locus_tag_LPA94_RS03925 but kept for subsequent analysis
NOTE: NZ_CP197392.1_|_locus_tag_ACTQGY_RS00015 is identical to NZ_CP197393.1_|_locus_tag_ACTQG0_RS08265 but kept for subsequent analysis
NOTE: NZ_CP087456.1_|_locus_tag_LPA55_RS11705 is identical to NZ_CP087465.1_|_locus_tag_LPB06_RS11705 but kept for subsequent analysis
NOTE: NZ_CP087460.1_|_locus_tag_LPB28_RS11590 is identical to NZ_CP087460.1_|_locus_tag_LPB28_RS11575 but kept for subsequent analysis
NOTE: NZ_CP087461.1_|_locus_tag_LPA87_RS03570 is identical to NZ_CP087462.1_|_locus_tag_LPA62_RS03420 but kept for subsequent analysis
NOTE: NZ_CP197392.1_|_locus_tag_ACTQGY_RS12090 is identical to NZ_CP197393.1_|_locus_tag_ACTQG0_RS07665 but kept for subsequent analysis
NOTE: NZ_CP087467.1_|_locus_tag_LPA83_RS04950 is identical to NZ_CP087468.1_|_locus_tag_LPB09_RS08585 but kept for subsequent analysis
NOTE: NZ_CP087469.1_|_locus_tag_LPB21_RS04560 is identical to NZ_CP087470.1_|_locus_tag_LPA94_RS04560 but kept for subsequent analysis
NOTE: NZ_CP195074.1_|_locus_tag_ACSAXH_RS04155 is identical to NZ_CP195074.1_|_locus_tag_ACSAXH_RS03085 but kept for subsequent analysis
NOTE: NZ_CP162663.1_|_locus_tag_AB4Y50_RS01650 is identical to NZ_CP162665.1_|_locus_tag_AB4Y52_RS03905 but kept for subsequent analysis
NOTE: NZ_CP195066.1_|_locus_tag_ACSAXG_RS03660 is identical to NZ_CP195066.1_|_locus_tag_ACSAXG_RS03145 but kept for subsequent analysis
NOTE: NZ_CP190973.1_|_locus_tag_ACP8LY_RS04710 is identical to NZ_CP190834.1_|_locus_tag_ACP8K8_RS04370 but kept for subsequent analysis
NOTE: NZ_CP190834.1_|_locus_tag_ACP8K8_RS03835 is identical to NZ_CP190834.1_|_locus_tag_ACP8K8_RS03345 but kept for subsequent analysis
NOTE: NZ_CP190979.1_|_locus_tag_ACP8J3_RS04640 is identical to NZ_CP190979.1_|_locus_tag_ACP8J3_RS03945 but kept for subsequent analysis
NOTE: NZ_CP190937.1_|_locus_tag_ACP8JV_RS04115 is identical to NZ_CP190937.1_|_locus_tag_ACP8JV_RS03600 but kept for subsequent analysis
NOTE: NZ_CP191067.1_|_locus_tag_ACP8LX_RS03885 is identical to NZ_AP029231.1_|_locus_tag_ACZ5VA_RS03790 but kept for subsequent analysis
NOTE: NZ_CP191099.1_|_locus_tag_ACP8IB_RS10850 is identical to NZ_CP190856.1_|_locus_tag_ACP8MF_RS11245 but kept for subsequent analysis
NOTE: NZ_CP190975.1_|_locus_tag_ACP8MH_RS04850 is identical to NZ_CP190975.1_|_locus_tag_ACP8MH_RS03765 but kept for subsequent analysis
NOTE: NZ_CP195124.1_|_locus_tag_ACR43Q_RS10680 is identical to NZ_CP190853.1_|_locus_tag_ACP8MJ_RS11185 but kept for subsequent analysis
NOTE: NZ_CP190984.1_|_locus_tag_ACP8LE_RS04530 is identical to NZ_CP191006.1_|_locus_tag_ACP8JE_RS04535 but kept for subsequent analysis
NOTE: NZ_CP190856.1_|_locus_tag_ACP8MF_RS11495 is identical to NZ_CP190856.1_|_locus_tag_ACP8MF_RS11230 but kept for subsequent analysis
NOTE: NZ_CP191099.1_|_locus_tag_ACP8IB_RS03525 is identical to NZ_CP190856.1_|_locus_tag_ACP8MF_RS03820 but kept for subsequent analysis
NOTE: NZ_CP191067.1_|_locus_tag_ACP8LX_RS11500 is identical to NZ_CP191077.1_|_locus_tag_ACP8KB_RS11335 but kept for subsequent analysis
NOTE: NZ_CP191049.1_|_locus_tag_ACP8K0_RS04480 is identical to NZ_CP190856.1_|_locus_tag_ACP8MF_RS04905 but kept for subsequent analysis
NOTE: NZ_CP087409.1_|_locus_tag_LPB26_RS05320 is identical to NZ_CP087416.1_|_locus_tag_LPA61_RS05320 but kept for subsequent analysis
NOTE: NZ_CP190977.1_|_locus_tag_ACP8M9_RS04565 is identical to NZ_CP190977.1_|_locus_tag_ACP8M9_RS04045 but kept for subsequent analysis
NOTE: NZ_CP190848.1_|_locus_tag_ACP8M6_RS04680 is identical to NZ_CP190853.1_|_locus_tag_ACP8MJ_RS04640 but kept for subsequent analysis
NOTE: NZ_CP190848.1_|_locus_tag_ACP8M6_RS03515 is identical to NZ_CP190853.1_|_locus_tag_ACP8MJ_RS11200 but kept for subsequent analysis
NOTE: NZ_CP190841.1_|_locus_tag_ACP8LS_RS11600 is identical to NZ_CP190841.1_|_locus_tag_ACP8LS_RS03935 but kept for subsequent analysis
NOTE: NZ_CP191102.1_|_locus_tag_ACP8K2_RS04480 is identical to NZ_CP191136.1_|_locus_tag_ACP8I1_RS07275 but kept for subsequent analysis
NOTE: NZ_CP191043.1_|_locus_tag_ACP8ND_RS04765 is identical to NZ_CP190871.1_|_locus_tag_ACP8KJ_RS10770 but kept for subsequent analysis
NOTE: NZ_CP190877.1_|_locus_tag_ACP8I5_RS10735 is identical to NZ_CP190877.1_|_locus_tag_ACP8I5_RS10720 but kept for subsequent analysis
NOTE: NZ_CP190871.1_|_locus_tag_ACP8KJ_RS04700 is identical to NZ_CP190877.1_|_locus_tag_ACP8I5_RS04695 but kept for subsequent analysis
NOTE: NZ_CP190871.1_|_locus_tag_ACP8KJ_RS03570 is identical to NZ_CP190877.1_|_locus_tag_ACP8I5_RS03565 but kept for subsequent analysis
NOTE: NZ_CP190871.1_|_locus_tag_ACP8KJ_RS04085 is identical to NZ_CP190877.1_|_locus_tag_ACP8I5_RS04080 but kept for subsequent analysis
NOTE: NZ_CP166525.1_|_locus_tag_AB6X74_RS11860 is identical to NZ_CP166533.1_|_locus_tag_AB6X95_RS09430 but kept for subsequent analysis
NOTE: NZ_CP166856.1_|_locus_tag_ACA490_RS09520 is identical to NZ_CP166858.1_|_locus_tag_ACA496_RS09850 but kept for subsequent analysis
NOTE: NZ_CP166538.1_|_locus_tag_AB6X71_RS02325 is identical to NZ_CP166552.1_|_locus_tag_AB6X53_RS02325 but kept for subsequent analysis
NOTE: NZ_CP166548.1_|_locus_tag_AB6X44_RS02395 is identical to NZ_CP166547.1_|_locus_tag_AB6X94_RS02405 but kept for subsequent analysis
NOTE: NZ_CP166565.1_|_locus_tag_AB6X77_RS02355 is identical to NZ_CP166567.1_|_locus_tag_AB6X76_RS02365 but kept for subsequent analysis
NOTE: NZ_CP166540.1_|_locus_tag_AB6X82_RS02085 is identical to NZ_CP166542.1_|_locus_tag_AB6X49_RS02090 but kept for subsequent analysis
NOTE: NZ_CP166575.1_|_locus_tag_AB6X81_RS04725 is identical to NZ_CP166577.1_|_locus_tag_AB6X62_RS04740 but kept for subsequent analysis
NOTE: NZ_CP166575.1_|_locus_tag_AB6X81_RS13425 is identical to NZ_CP195878.1_|_locus_tag_ACSLFG_RS08445 but kept for subsequent analysis
NOTE: NZ_CP166569.1_|_locus_tag_AB6X75_RS11125 is identical to NZ_CP166571.1_|_locus_tag_AB6X92_RS11130 but kept for subsequent analysis
NOTE: NZ_CP180165.1_|_locus_tag_ACMTNW_RS02715 is identical to NZ_CP195878.1_|_locus_tag_ACSLFG_RS08170 but kept for subsequent analysis
NOTE: NZ_CP166574.1_|_locus_tag_AB6X59_RS02420 is identical to NZ_CP190843.1_|_locus_tag_ACP8JA_RS02405 but kept for subsequent analysis
NOTE: NZ_CP191062.1_|_locus_tag_ACP8K4_RS02430 is identical to NZ_CP191061.1_|_locus_tag_ACP8KY_RS02430 but kept for subsequent analysis
NOTE: NZ_AP040287.1_|_locus_tag_ACZ5SG_RS09370 is identical to NZ_AP040284.1_|_locus_tag_ACZ35Y_RS09470 but kept for subsequent analysis
NOTE: NZ_CP166857.1_|_locus_tag_ACA491_RS14015 is identical to NZ_CP166858.1_|_locus_tag_ACA496_RS02450 but kept for subsequent analysis
NOTE: NZ_CP166865.1_|_locus_tag_ACA498_RS02420 is identical to NZ_CP166865.1_|_locus_tag_ACA498_RS02400 but kept for subsequent analysis
NOTE: NZ_AP044062.1_|_locus_tag_ACZ5K1_RS04720 is identical to NZ_AP044060.1_|_locus_tag_ACZ5OM_RS09545 but kept for subsequent analysis
NOTE: NZ_CP087435.1_|_locus_tag_LPA64_RS11165 is identical to NZ_CP087437.1_|_locus_tag_LPA86_RS11165 but kept for subsequent analysis
NOTE: NZ_CP087442.1_|_locus_tag_LPB05_RS10795 is identical to NZ_AP043700.1_|_locus_tag_ACZ49O_RS01400 but kept for subsequent analysis
NOTE: NZ_CP087447.1_|_locus_tag_LPB22_RS11650 is identical to NZ_CP087449.1_|_locus_tag_LPB34_RS11665 but kept for subsequent analysis
NOTE: NZ_AP044062.1_|_locus_tag_ACZ5K1_RS10615 is identical to NZ_AP044060.1_|_locus_tag_ACZ5OM_RS10615 but kept for subsequent analysis
NOTE: NZ_CP166857.1_|_locus_tag_ACA491_RS04850 is identical to NZ_CP166858.1_|_locus_tag_ACA496_RS11515 but kept for subsequent analysis
NOTE: NZ_AP040287.1_|_locus_tag_ACZ5SG_RS02640 is identical to NZ_AP040284.1_|_locus_tag_ACZ35Y_RS02635 but kept for subsequent analysis
NOTE: NZ_CP166573.1_|_locus_tag_AB6X54_RS02160 is identical to NZ_CP166574.1_|_locus_tag_AB6X59_RS02160 but kept for subsequent analysis
NOTE: NZ_CP166864.1_|_locus_tag_ACA495_RS02430 is identical to NZ_CP166546.1_|_locus_tag_AB6X58_RS02780 but kept for subsequent analysis
NOTE: NZ_CP166550.1_|_locus_tag_AB6X85_RS02455 is identical to NZ_CP166551.1_|_locus_tag_AB6X51_RS02455 but kept for subsequent analysis
NOTE: NZ_CP190843.1_|_locus_tag_ACP8JA_RS02425 is identical to NZ_CP190843.1_|_locus_tag_ACP8JA_RS02145 but kept for subsequent analysis
NOTE: NZ_CP166515.1_|_locus_tag_AB6X90_RS04540 is identical to NZ_CP166516.1_|_locus_tag_AB6X47_RS04555 but kept for subsequent analysis
NOTE: NZ_CP166547.1_|_locus_tag_AB6X94_RS04575 is identical to NZ_CP166554.1_|_locus_tag_AB6X89_RS03780 but kept for subsequent analysis
NOTE: NZ_CP096462.1_|_locus_tag_M1D64_RS12025 is identical to NZ_CP096462.1_|_locus_tag_M1D64_RS04150 but kept for subsequent analysis
NOTE: NZ_AP040288.1_|_locus_tag_ACZ5SY_RS10915 is identical to NZ_AP040285.1_|_locus_tag_ACZ5U7_RS10490 but kept for subsequent analysis
NOTE: NZ_CP096462.1_|_locus_tag_M1D64_RS11780 is identical to NZ_CP096462.1_|_locus_tag_M1D64_RS11765 but kept for subsequent analysis
NOTE: NZ_CP191059.1_|_locus_tag_ACP8MQ_RS02450 is identical to NZ_CP191061.1_|_locus_tag_ACP8KY_RS02450 but kept for subsequent analysis
NOTE: NZ_CP166865.1_|_locus_tag_ACA498_RS09730 is identical to NZ_CP166546.1_|_locus_tag_AB6X58_RS09310 but kept for subsequent analysis
NOTE: NZ_CP142805.1_|_locus_tag_VW781_RS02450 is identical to NZ_CP166546.1_|_locus_tag_AB6X58_RS10650 but kept for subsequent analysis
NOTE: NZ_AP044062.1_|_locus_tag_ACZ5K1_RS02295 is identical to NZ_AP044060.1_|_locus_tag_ACZ5OM_RS02305 but kept for subsequent analysis
NOTE: NZ_AP040288.1_|_locus_tag_ACZ5SY_RS02280 is identical to NZ_AP040285.1_|_locus_tag_ACZ5U7_RS02165 but kept for subsequent analysis
NOTE: NZ_CP166565.1_|_locus_tag_AB6X77_RS10085 is identical to NZ_CP166567.1_|_locus_tag_AB6X76_RS10220 but kept for subsequent analysis
NOTE: NZ_CP191048.1_|_locus_tag_ACP8IJ_RS02065 is identical to NZ_CP191061.1_|_locus_tag_ACP8KY_RS10180 but kept for subsequent analysis
NOTE: NZ_CP087442.1_|_locus_tag_LPB05_RS09165 is identical to NZ_CP087446.1_|_locus_tag_LPB37_RS09635 but kept for subsequent analysis
NOTE: NZ_CP166529.1_|_locus_tag_AB6X70_RS09895 is identical to NZ_CP166531.1_|_locus_tag_AB6X79_RS09895 but kept for subsequent analysis
NOTE: NZ_AP040288.1_|_locus_tag_ACZ5SY_RS11475 is identical to NZ_AP040285.1_|_locus_tag_ACZ5U7_RS11055 but kept for subsequent analysis
NOTE: NZ_CP087433.1_|_locus_tag_LPB12_RS11150 is identical to NZ_CP087434.1_|_locus_tag_LPB29_RS11155 but kept for subsequent analysis
NOTE: NZ_CP087441.1_|_locus_tag_LPA95_RS10230 is identical to NZ_CP087446.1_|_locus_tag_LPB37_RS10695 but kept for subsequent analysis
NOTE: NZ_CP166548.1_|_locus_tag_AB6X44_RS05570 is identical to NZ_CP166547.1_|_locus_tag_AB6X94_RS05580 but kept for subsequent analysis
NOTE: NZ_CP166569.1_|_locus_tag_AB6X75_RS02415 is identical to NZ_CP166571.1_|_locus_tag_AB6X92_RS02420 but kept for subsequent analysis
NOTE: NZ_CP166569.1_|_locus_tag_AB6X75_RS02395 is identical to NZ_CP166571.1_|_locus_tag_AB6X92_RS02400 but kept for subsequent analysis
NOTE: NZ_CP166515.1_|_locus_tag_AB6X90_RS05590 is identical to NZ_CP166516.1_|_locus_tag_AB6X47_RS05605 but kept for subsequent analysis
NOTE: NZ_CP191047.1_|_locus_tag_ACP8LQ_RS02340 is identical to NZ_CP191048.1_|_locus_tag_ACP8IJ_RS02340 but kept for subsequent analysis
NOTE: NZ_CP166531.1_|_locus_tag_AB6X79_RS11460 is identical to NZ_CP166530.1_|_locus_tag_AB6X80_RS11435 but kept for subsequent analysis
NOTE: NZ_AP040288.1_|_locus_tag_ACZ5SY_RS09925 is identical to NZ_AP040285.1_|_locus_tag_ACZ5U7_RS09805 but kept for subsequent analysis
NOTE: NZ_CP166575.1_|_locus_tag_AB6X81_RS05790 is identical to NZ_CP191061.1_|_locus_tag_ACP8KY_RS09175 but kept for subsequent analysis
NOTE: NZ_CP087442.1_|_locus_tag_LPB05_RS02505 is identical to NZ_CP087446.1_|_locus_tag_LPB37_RS02525 but kept for subsequent analysis
NOTE: NZ_CP087449.1_|_locus_tag_LPB34_RS09675 is identical to NZ_CP087451.1_|_locus_tag_LPA74_RS09765 but kept for subsequent analysis
NOTE: NZ_CP182395.1_|_locus_tag_ACNBES_RS01605 is identical to NZ_CP182395.1_|_locus_tag_ACNBES_RS00485 but kept for subsequent analysis
NOTE: NZ_CP166532.1_|_locus_tag_AB6X60_RS02415 is identical to NZ_CP166533.1_|_locus_tag_AB6X95_RS02415 but kept for subsequent analysis
NOTE: NZ_CP166550.1_|_locus_tag_AB6X85_RS10250 is identical to NZ_CP166551.1_|_locus_tag_AB6X51_RS10225 but kept for subsequent analysis
NOTE: NZ_CP166512.1_|_locus_tag_AB6X86_RS02415 is identical to NZ_CP166517.1_|_locus_tag_AB6X55_RS02415 but kept for subsequent analysis
NOTE: NZ_CP166526.1_|_locus_tag_AB6X52_RS02410 is identical to NZ_CP166528.1_|_locus_tag_AB6X57_RS04270 but kept for subsequent analysis
NOTE: NZ_CP166530.1_|_locus_tag_AB6X80_RS02155 is identical to NZ_CP166542.1_|_locus_tag_AB6X49_RS10735 but kept for subsequent analysis
NOTE: NZ_CP166557.1_|_locus_tag_AB6X64_RS09305 is identical to NZ_CP166562.1_|_locus_tag_AB6X56_RS09120 but kept for subsequent analysis
NOTE: NZ_CP166516.1_|_locus_tag_AB6X47_RS02905 is identical to NZ_CP166525.1_|_locus_tag_AB6X74_RS04845 but kept for subsequent analysis
NOTE: NZ_CP166522.1_|_locus_tag_AB6X88_RS10150 is identical to NZ_CP166526.1_|_locus_tag_AB6X52_RS10145 but kept for subsequent analysis
NOTE: NZ_CP166522.1_|_locus_tag_AB6X88_RS02120 is identical to NZ_CP166559.1_|_locus_tag_AB6X87_RS02230 but kept for subsequent analysis
NOTE: NZ_CP166561.1_|_locus_tag_AB6X45_RS02425 is identical to NZ_CP166562.1_|_locus_tag_AB6X56_RS02425 but kept for subsequent analysis
NOTE: NZ_CP166564.1_|_locus_tag_AB6X84_RS04460 is identical to NZ_CP166574.1_|_locus_tag_AB6X59_RS02440 but kept for subsequent analysis
NOTE: NZ_CP087464.1_|_locus_tag_LPB15_RS12535 is identical to NZ_CP087464.1_|_locus_tag_LPB15_RS12280 but kept for subsequent analysis
NOTE: NZ_CP087395.1_|_locus_tag_LPB30_RS12015 is identical to NZ_CP087395.1_|_locus_tag_LPB30_RS12000 but kept for subsequent analysis
NOTE: NZ_CP087397.1_|_locus_tag_LPA66_RS11575 is identical to NZ_CP087422.1_|_locus_tag_LPA88_RS04895 but kept for subsequent analysis
NOTE: NZ_CP087422.1_|_locus_tag_LPA88_RS11530 is identical to NZ_CP087422.1_|_locus_tag_LPA88_RS11280 but kept for subsequent analysis
NOTE: NZ_CP087434.1_|_locus_tag_LPB29_RS02280 is identical to NZ_CP087437.1_|_locus_tag_LPA86_RS02290 but kept for subsequent analysis
NOTE: NZ_CP087432.1_|_locus_tag_LPA89_RS09545 is identical to NZ_CP087434.1_|_locus_tag_LPB29_RS09210 but kept for subsequent analysis
NOTE: NZ_CP087430.1_|_locus_tag_LPA68_RS10550 is identical to NZ_CP087431.1_|_locus_tag_LPA96_RS10615 but kept for subsequent analysis
NOTE: NZ_CP166569.1_|_locus_tag_AB6X75_RS09525 is identical to NZ_CP166571.1_|_locus_tag_AB6X92_RS09530 but kept for subsequent analysis
NOTE: NZ_CP087431.1_|_locus_tag_LPA96_RS02555 is identical to NZ_CP087432.1_|_locus_tag_LPA89_RS02545 but kept for subsequent analysis
NOTE: 767 identical sequences (see below) will be ignored for subsequent analysis
NOTE: NZ_CP087455.1_|_locus_tag_LPB38_RS11960 (identical to NZ_CP087465.1_|_locus_tag_LPB06_RS11960) is ignored but added at the end
NOTE: NZ_CP087470.1_|_locus_tag_LPA94_RS12025 (identical to NZ_CP087470.1_|_locus_tag_LPA94_RS11755) is ignored but added at the end
NOTE: NZ_CP087469.1_|_locus_tag_LPB21_RS11755 (identical to NZ_CP087470.1_|_locus_tag_LPA94_RS11755) is ignored but added at the end
NOTE: NZ_CP087469.1_|_locus_tag_LPB21_RS11770 (identical to NZ_CP087470.1_|_locus_tag_LPA94_RS11755) is ignored but added at the end
NOTE: NZ_CP087469.1_|_locus_tag_LPB21_RS12025 (identical to NZ_CP087470.1_|_locus_tag_LPA94_RS11755) is ignored but added at the end
NOTE: NZ_CP087468.1_|_locus_tag_LPB09_RS09235 (identical to NZ_CP087470.1_|_locus_tag_LPA94_RS11755) is ignored but added at the end
NOTE: NZ_CP087468.1_|_locus_tag_LPB09_RS09850 (identical to NZ_CP087470.1_|_locus_tag_LPA94_RS11755) is ignored but added at the end
NOTE: NZ_CP087468.1_|_locus_tag_LPB09_RS12975 (identical to NZ_CP087470.1_|_locus_tag_LPA94_RS11755) is ignored but added at the end
NOTE: NZ_CP087468.1_|_locus_tag_LPB09_RS12990 (identical to NZ_CP087470.1_|_locus_tag_LPA94_RS11755) is ignored but added at the end
NOTE: NZ_CP087468.1_|_locus_tag_LPB09_RS13245 (identical to NZ_CP087470.1_|_locus_tag_LPA94_RS11755) is ignored but added at the end
NOTE: NZ_CP087467.1_|_locus_tag_LPA83_RS03690 (identical to NZ_CP087470.1_|_locus_tag_LPA94_RS11755) is ignored but added at the end
NOTE: NZ_CP087467.1_|_locus_tag_LPA83_RS04305 (identical to NZ_CP087470.1_|_locus_tag_LPA94_RS11755) is ignored but added at the end
NOTE: NZ_CP087467.1_|_locus_tag_LPA83_RS11690 (identical to NZ_CP087470.1_|_locus_tag_LPA94_RS11755) is ignored but added at the end
NOTE: NZ_CP087467.1_|_locus_tag_LPA83_RS11705 (identical to NZ_CP087470.1_|_locus_tag_LPA94_RS11755) is ignored but added at the end
NOTE: NZ_CP087467.1_|_locus_tag_LPA83_RS11960 (identical to NZ_CP087470.1_|_locus_tag_LPA94_RS11755) is ignored but added at the end
NOTE: NZ_CP087466.1_|_locus_tag_LPA58_RS04455 (identical to NZ_CP087470.1_|_locus_tag_LPA94_RS11755) is ignored but added at the end
NOTE: NZ_CP087466.1_|_locus_tag_LPA58_RS11185 (identical to NZ_CP087470.1_|_locus_tag_LPA94_RS11755) is ignored but added at the end
NOTE: NZ_CP087466.1_|_locus_tag_LPA58_RS11440 (identical to NZ_CP087470.1_|_locus_tag_LPA94_RS11755) is ignored but added at the end
NOTE: NZ_CP087465.1_|_locus_tag_LPB06_RS03870 (identical to NZ_CP087470.1_|_locus_tag_LPA94_RS11755) is ignored but added at the end
NOTE: NZ_CP087463.1_|_locus_tag_LPB07_RS11975 (identical to NZ_CP087470.1_|_locus_tag_LPA94_RS11755) is ignored but added at the end
NOTE: NZ_CP087463.1_|_locus_tag_LPB07_RS11990 (identical to NZ_CP087470.1_|_locus_tag_LPA94_RS11755) is ignored but added at the end
NOTE: NZ_CP087463.1_|_locus_tag_LPB07_RS12245 (identical to NZ_CP087470.1_|_locus_tag_LPA94_RS11755) is ignored but added at the end
NOTE: NZ_CP087462.1_|_locus_tag_LPA62_RS12455 (identical to NZ_CP087470.1_|_locus_tag_LPA94_RS11755) is ignored but added at the end
NOTE: NZ_CP087461.1_|_locus_tag_LPA87_RS04090 (identical to NZ_CP087470.1_|_locus_tag_LPA94_RS11755) is ignored but added at the end
NOTE: NZ_CP087461.1_|_locus_tag_LPA87_RS11935 (identical to NZ_CP087470.1_|_locus_tag_LPA94_RS11755) is ignored but added at the end
NOTE: NZ_CP087461.1_|_locus_tag_LPA87_RS12190 (identical to NZ_CP087470.1_|_locus_tag_LPA94_RS11755) is ignored but added at the end
NOTE: NZ_CP087460.1_|_locus_tag_LPB28_RS03660 (identical to NZ_CP087470.1_|_locus_tag_LPA94_RS11755) is ignored but added at the end
NOTE: NZ_CP087459.1_|_locus_tag_LPB01_RS03650 (identical to NZ_CP087470.1_|_locus_tag_LPA94_RS11755) is ignored but added at the end
NOTE: NZ_CP087456.1_|_locus_tag_LPA55_RS03870 (identical to NZ_CP087470.1_|_locus_tag_LPA94_RS11755) is ignored but added at the end
NOTE: NZ_CP087457.1_|_locus_tag_LPA78_RS04315 (identical to NZ_CP087470.1_|_locus_tag_LPA94_RS11755) is ignored but added at the end
NOTE: NZ_CP087457.1_|_locus_tag_LPA78_RS11555 (identical to NZ_CP087470.1_|_locus_tag_LPA94_RS11755) is ignored but added at the end
NOTE: NZ_CP087457.1_|_locus_tag_LPA78_RS11570 (identical to NZ_CP087470.1_|_locus_tag_LPA94_RS11755) is ignored but added at the end
NOTE: NZ_CP087457.1_|_locus_tag_LPA78_RS11825 (identical to NZ_CP087470.1_|_locus_tag_LPA94_RS11755) is ignored but added at the end
NOTE: NZ_CP087455.1_|_locus_tag_LPB38_RS03870 (identical to NZ_CP087470.1_|_locus_tag_LPA94_RS11755) is ignored but added at the end
NOTE: NZ_CP087454.1_|_locus_tag_LPA59_RS03750 (identical to NZ_CP087470.1_|_locus_tag_LPA94_RS11755) is ignored but added at the end
NOTE: NZ_CP087454.1_|_locus_tag_LPA59_RS04365 (identical to NZ_CP087470.1_|_locus_tag_LPA94_RS11755) is ignored but added at the end
NOTE: NZ_CP087454.1_|_locus_tag_LPA59_RS12525 (identical to NZ_CP087470.1_|_locus_tag_LPA94_RS11755) is ignored but added at the end
NOTE: NZ_CP087454.1_|_locus_tag_LPA59_RS12540 (identical to NZ_CP087470.1_|_locus_tag_LPA94_RS11755) is ignored but added at the end
NOTE: NZ_CP087454.1_|_locus_tag_LPA59_RS12795 (identical to NZ_CP087470.1_|_locus_tag_LPA94_RS11755) is ignored but added at the end
NOTE: NZ_CP087453.1_|_locus_tag_LPB33_RS04080 (identical to NZ_CP087470.1_|_locus_tag_LPA94_RS11755) is ignored but added at the end
NOTE: NZ_CP087453.1_|_locus_tag_LPB33_RS04630 (identical to NZ_CP087470.1_|_locus_tag_LPA94_RS11755) is ignored but added at the end
NOTE: NZ_CP087453.1_|_locus_tag_LPB33_RS12080 (identical to NZ_CP087470.1_|_locus_tag_LPA94_RS11755) is ignored but added at the end
NOTE: NZ_CP087453.1_|_locus_tag_LPB33_RS12095 (identical to NZ_CP087470.1_|_locus_tag_LPA94_RS11755) is ignored but added at the end
NOTE: NZ_CP087453.1_|_locus_tag_LPB33_RS12350 (identical to NZ_CP087470.1_|_locus_tag_LPA94_RS11755) is ignored but added at the end
NOTE: NZ_CP087452.1_|_locus_tag_LPA71_RS03290 (identical to NZ_CP087470.1_|_locus_tag_LPA94_RS11755) is ignored but added at the end
NOTE: NZ_CP087452.1_|_locus_tag_LPA71_RS03900 (identical to NZ_CP087470.1_|_locus_tag_LPA94_RS11755) is ignored but added at the end
NOTE: NZ_CP087452.1_|_locus_tag_LPA71_RS11870 (identical to NZ_CP087470.1_|_locus_tag_LPA94_RS11755) is ignored but added at the end
NOTE: NZ_CP087452.1_|_locus_tag_LPA71_RS11885 (identical to NZ_CP087470.1_|_locus_tag_LPA94_RS11755) is ignored but added at the end
NOTE: NZ_CP087452.1_|_locus_tag_LPA71_RS12140 (identical to NZ_CP087470.1_|_locus_tag_LPA94_RS11755) is ignored but added at the end
NOTE: NZ_CP087427.1_|_locus_tag_LPB23_RS03880 (identical to NZ_CP087470.1_|_locus_tag_LPA94_RS11755) is ignored but added at the end
NOTE: NZ_CP087427.1_|_locus_tag_LPB23_RS04505 (identical to NZ_CP087470.1_|_locus_tag_LPA94_RS11755) is ignored but added at the end
NOTE: NZ_CP087427.1_|_locus_tag_LPB23_RS11700 (identical to NZ_CP087470.1_|_locus_tag_LPA94_RS11755) is ignored but added at the end
NOTE: NZ_CP087426.1_|_locus_tag_LPA80_RS12085 (identical to NZ_CP087470.1_|_locus_tag_LPA94_RS11755) is ignored but added at the end
NOTE: NZ_CP197393.1_|_locus_tag_ACTQG0_RS00005 (identical to NZ_CP087470.1_|_locus_tag_LPA94_RS11755) is ignored but added at the end
NOTE: NZ_CP197393.1_|_locus_tag_ACTQG0_RS00020 (identical to NZ_CP087470.1_|_locus_tag_LPA94_RS11755) is ignored but added at the end
NOTE: NZ_CP197393.1_|_locus_tag_ACTQG0_RS08795 (identical to NZ_CP087470.1_|_locus_tag_LPA94_RS11755) is ignored but added at the end
NOTE: NZ_CP197393.1_|_locus_tag_ACTQG0_RS13135 (identical to NZ_CP087470.1_|_locus_tag_LPA94_RS11755) is ignored but added at the end
NOTE: NZ_CP197392.1_|_locus_tag_ACTQGY_RS00540 (identical to NZ_CP087470.1_|_locus_tag_LPA94_RS11755) is ignored but added at the end
NOTE: NZ_CP197392.1_|_locus_tag_ACTQGY_RS04830 (identical to NZ_CP087470.1_|_locus_tag_LPA94_RS11755) is ignored but added at the end
NOTE: NZ_CP197392.1_|_locus_tag_ACTQGY_RS05085 (identical to NZ_CP087470.1_|_locus_tag_LPA94_RS11755) is ignored but added at the end
NOTE: NZ_CP197392.1_|_locus_tag_ACTQGY_RS05100 (identical to NZ_CP087470.1_|_locus_tag_LPA94_RS11755) is ignored but added at the end
NOTE: NZ_CP197391.1_|_locus_tag_ACTQGX_RS07415 (identical to NZ_CP087470.1_|_locus_tag_LPA94_RS11755) is ignored but added at the end
NOTE: NZ_CP197391.1_|_locus_tag_ACTQGX_RS07430 (identical to NZ_CP087470.1_|_locus_tag_LPA94_RS11755) is ignored but added at the end
NOTE: NZ_CP197391.1_|_locus_tag_ACTQGX_RS07685 (identical to NZ_CP087470.1_|_locus_tag_LPA94_RS11755) is ignored but added at the end
NOTE: NZ_CP197391.1_|_locus_tag_ACTQGX_RS11975 (identical to NZ_CP087470.1_|_locus_tag_LPA94_RS11755) is ignored but added at the end
NOTE: NZ_CP197390.1_|_locus_tag_ACTQG1_RS00005 (identical to NZ_CP087470.1_|_locus_tag_LPA94_RS11755) is ignored but added at the end
NOTE: NZ_CP197390.1_|_locus_tag_ACTQG1_RS00020 (identical to NZ_CP087470.1_|_locus_tag_LPA94_RS11755) is ignored but added at the end
NOTE: NZ_CP197390.1_|_locus_tag_ACTQG1_RS08540 (identical to NZ_CP087470.1_|_locus_tag_LPA94_RS11755) is ignored but added at the end
NOTE: NZ_CP197390.1_|_locus_tag_ACTQG1_RS12835 (identical to NZ_CP087470.1_|_locus_tag_LPA94_RS11755) is ignored but added at the end
NOTE: NZ_CP162665.1_|_locus_tag_AB4Y52_RS02730 (identical to NZ_CP087470.1_|_locus_tag_LPA94_RS11755) is ignored but added at the end
NOTE: NZ_CP162665.1_|_locus_tag_AB4Y52_RS03370 (identical to NZ_CP087470.1_|_locus_tag_LPA94_RS11755) is ignored but added at the end
NOTE: NZ_CP162665.1_|_locus_tag_AB4Y52_RS07870 (identical to NZ_CP087470.1_|_locus_tag_LPA94_RS11755) is ignored but added at the end
NOTE: NZ_CP162665.1_|_locus_tag_AB4Y52_RS08125 (identical to NZ_CP087470.1_|_locus_tag_LPA94_RS11755) is ignored but added at the end
NOTE: NZ_CP162665.1_|_locus_tag_AB4Y52_RS08145 (identical to NZ_CP087470.1_|_locus_tag_LPA94_RS11755) is ignored but added at the end
NOTE: NZ_CP162663.1_|_locus_tag_AB4Y50_RS00475 (identical to NZ_CP087470.1_|_locus_tag_LPA94_RS11755) is ignored but added at the end
NOTE: NZ_CP162663.1_|_locus_tag_AB4Y50_RS01115 (identical to NZ_CP087470.1_|_locus_tag_LPA94_RS11755) is ignored but added at the end
NOTE: NZ_CP162663.1_|_locus_tag_AB4Y50_RS05620 (identical to NZ_CP087470.1_|_locus_tag_LPA94_RS11755) is ignored but added at the end
NOTE: NZ_CP162663.1_|_locus_tag_AB4Y50_RS05875 (identical to NZ_CP087470.1_|_locus_tag_LPA94_RS11755) is ignored but added at the end
NOTE: NZ_CP162663.1_|_locus_tag_AB4Y50_RS05895 (identical to NZ_CP087470.1_|_locus_tag_LPA94_RS11755) is ignored but added at the end
NOTE: NZ_CP163405.1_|_locus_tag_AB6C05_RS04110 (identical to NZ_CP087470.1_|_locus_tag_LPA94_RS11755) is ignored but added at the end
NOTE: NZ_CP163405.1_|_locus_tag_AB6C05_RS09230 (identical to NZ_CP087470.1_|_locus_tag_LPA94_RS11755) is ignored but added at the end
NOTE: NZ_CP163405.1_|_locus_tag_AB6C05_RS09485 (identical to NZ_CP087470.1_|_locus_tag_LPA94_RS11755) is ignored but added at the end
NOTE: NZ_CP163405.1_|_locus_tag_AB6C05_RS09505 (identical to NZ_CP087470.1_|_locus_tag_LPA94_RS11755) is ignored but added at the end
NOTE: NZ_CP163405.1_|_locus_tag_AB6C05_RS09525 (identical to NZ_CP087470.1_|_locus_tag_LPA94_RS11755) is ignored but added at the end
NOTE: NZ_CP163403.1_|_locus_tag_AB6C04_RS00005 (identical to NZ_CP087470.1_|_locus_tag_LPA94_RS11755) is ignored but added at the end
NOTE: NZ_CP163403.1_|_locus_tag_AB6C04_RS00025 (identical to NZ_CP087470.1_|_locus_tag_LPA94_RS11755) is ignored but added at the end
NOTE: NZ_CP163403.1_|_locus_tag_AB6C04_RS07715 (identical to NZ_CP087470.1_|_locus_tag_LPA94_RS11755) is ignored but added at the end
NOTE: NZ_CP163403.1_|_locus_tag_AB6C04_RS12835 (identical to NZ_CP087470.1_|_locus_tag_LPA94_RS11755) is ignored but added at the end
NOTE: NZ_CP163401.1_|_locus_tag_AB6C03_RS05660 (identical to NZ_CP087470.1_|_locus_tag_LPA94_RS11755) is ignored but added at the end
NOTE: NZ_CP163401.1_|_locus_tag_AB6C03_RS05680 (identical to NZ_CP087470.1_|_locus_tag_LPA94_RS11755) is ignored but added at the end
NOTE: NZ_CP163401.1_|_locus_tag_AB6C03_RS05935 (identical to NZ_CP087470.1_|_locus_tag_LPA94_RS11755) is ignored but added at the end
NOTE: NZ_CP163401.1_|_locus_tag_AB6C03_RS11050 (identical to NZ_CP087470.1_|_locus_tag_LPA94_RS11755) is ignored but added at the end
NOTE: NZ_CP087460.1_|_locus_tag_LPB28_RS04790 (identical to NZ_CP087464.1_|_locus_tag_LPB15_RS04855) is ignored but added at the end
NOTE: NZ_CP087459.1_|_locus_tag_LPB01_RS04770 (identical to NZ_CP087464.1_|_locus_tag_LPB15_RS04855) is ignored but added at the end
NOTE: NZ_CP087457.1_|_locus_tag_LPA78_RS04925 (identical to NZ_CP087464.1_|_locus_tag_LPB15_RS04855) is ignored but added at the end
NOTE: NZ_CP087465.1_|_locus_tag_LPB06_RS04410 (identical to NZ_CP087470.1_|_locus_tag_LPA94_RS03925) is ignored but added at the end
NOTE: NZ_CP087463.1_|_locus_tag_LPB07_RS04325 (identical to NZ_CP087470.1_|_locus_tag_LPA94_RS03925) is ignored but added at the end
NOTE: NZ_CP087460.1_|_locus_tag_LPB28_RS04190 (identical to NZ_CP087470.1_|_locus_tag_LPA94_RS03925) is ignored but added at the end
NOTE: NZ_CP087459.1_|_locus_tag_LPB01_RS04170 (identical to NZ_CP087470.1_|_locus_tag_LPA94_RS03925) is ignored but added at the end
NOTE: NZ_CP087456.1_|_locus_tag_LPA55_RS04410 (identical to NZ_CP087470.1_|_locus_tag_LPA94_RS03925) is ignored but added at the end
NOTE: NZ_CP087455.1_|_locus_tag_LPB38_RS04410 (identical to NZ_CP087470.1_|_locus_tag_LPA94_RS03925) is ignored but added at the end
NOTE: NZ_CP163405.1_|_locus_tag_AB6C05_RS04760 (identical to NZ_CP087470.1_|_locus_tag_LPA94_RS03925) is ignored but added at the end
NOTE: NZ_CP163405.1_|_locus_tag_AB6C05_RS05285 (identical to NZ_CP087470.1_|_locus_tag_LPA94_RS03925) is ignored but added at the end
NOTE: NZ_CP163403.1_|_locus_tag_AB6C04_RS08365 (identical to NZ_CP087470.1_|_locus_tag_LPA94_RS03925) is ignored but added at the end
NOTE: NZ_CP163403.1_|_locus_tag_AB6C04_RS08890 (identical to NZ_CP087470.1_|_locus_tag_LPA94_RS03925) is ignored but added at the end
NOTE: NZ_CP163401.1_|_locus_tag_AB6C03_RS09875 (identical to NZ_CP087470.1_|_locus_tag_LPA94_RS03925) is ignored but added at the end
NOTE: NZ_CP163401.1_|_locus_tag_AB6C03_RS10400 (identical to NZ_CP087470.1_|_locus_tag_LPA94_RS03925) is ignored but added at the end
NOTE: NZ_CP197391.1_|_locus_tag_ACTQGX_RS12500 (identical to NZ_CP197393.1_|_locus_tag_ACTQG0_RS08265) is ignored but added at the end
NOTE: NZ_CP197390.1_|_locus_tag_ACTQG1_RS08015 (identical to NZ_CP197393.1_|_locus_tag_ACTQG0_RS08265) is ignored but added at the end
NOTE: NZ_CP087455.1_|_locus_tag_LPB38_RS11705 (identical to NZ_CP087465.1_|_locus_tag_LPB06_RS11705) is ignored but added at the end
NOTE: NZ_CP087460.1_|_locus_tag_LPB28_RS11845 (identical to NZ_CP087460.1_|_locus_tag_LPB28_RS11575) is ignored but added at the end
NOTE: NZ_CP087459.1_|_locus_tag_LPB01_RS11540 (identical to NZ_CP087460.1_|_locus_tag_LPB28_RS11575) is ignored but added at the end
NOTE: NZ_CP087459.1_|_locus_tag_LPB01_RS11795 (identical to NZ_CP087460.1_|_locus_tag_LPB28_RS11575) is ignored but added at the end
NOTE: NZ_CP197391.1_|_locus_tag_ACTQGX_RS00005 (identical to NZ_CP197393.1_|_locus_tag_ACTQG0_RS07665) is ignored but added at the end
NOTE: NZ_CP197390.1_|_locus_tag_ACTQG1_RS07415 (identical to NZ_CP197393.1_|_locus_tag_ACTQG0_RS07665) is ignored but added at the end
NOTE: NZ_CP087465.1_|_locus_tag_LPB06_RS05060 (identical to NZ_CP087468.1_|_locus_tag_LPB09_RS08585) is ignored but added at the end
NOTE: NZ_CP087456.1_|_locus_tag_LPA55_RS05060 (identical to NZ_CP087468.1_|_locus_tag_LPB09_RS08585) is ignored but added at the end
NOTE: NZ_CP087455.1_|_locus_tag_LPB38_RS05060 (identical to NZ_CP087468.1_|_locus_tag_LPB09_RS08585) is ignored but added at the end
NOTE: NZ_CP087454.1_|_locus_tag_LPA59_RS05015 (identical to NZ_CP087468.1_|_locus_tag_LPB09_RS08585) is ignored but added at the end
NOTE: NZ_CP087452.1_|_locus_tag_LPA71_RS04535 (identical to NZ_CP087468.1_|_locus_tag_LPB09_RS08585) is ignored but added at the end
NOTE: NZ_CP087462.1_|_locus_tag_LPA62_RS04605 (identical to NZ_CP087470.1_|_locus_tag_LPA94_RS04560) is ignored but added at the end
NOTE: NZ_CP195074.1_|_locus_tag_ACSAXH_RS10605 (identical to NZ_CP195074.1_|_locus_tag_ACSAXH_RS03085) is ignored but added at the end
NOTE: NZ_CP195074.1_|_locus_tag_ACSAXH_RS10620 (identical to NZ_CP195074.1_|_locus_tag_ACSAXH_RS03085) is ignored but added at the end
NOTE: NZ_CP195066.1_|_locus_tag_ACSAXG_RS10695 (identical to NZ_CP195066.1_|_locus_tag_ACSAXG_RS03145) is ignored but added at the end
NOTE: NZ_CP195066.1_|_locus_tag_ACSAXG_RS10710 (identical to NZ_CP195066.1_|_locus_tag_ACSAXG_RS03145) is ignored but added at the end
NOTE: NZ_CP195066.1_|_locus_tag_ACSAXG_RS10965 (identical to NZ_CP195066.1_|_locus_tag_ACSAXG_RS03145) is ignored but added at the end
NOTE: NZ_CP190834.1_|_locus_tag_ACP8K8_RS10340 (identical to NZ_CP190834.1_|_locus_tag_ACP8K8_RS03345) is ignored but added at the end
NOTE: NZ_CP190834.1_|_locus_tag_ACP8K8_RS10600 (identical to NZ_CP190834.1_|_locus_tag_ACP8K8_RS03345) is ignored but added at the end
NOTE: NZ_CP190973.1_|_locus_tag_ACP8LY_RS03690 (identical to NZ_CP190834.1_|_locus_tag_ACP8K8_RS03345) is ignored but added at the end
NOTE: NZ_CP190973.1_|_locus_tag_ACP8LY_RS04185 (identical to NZ_CP190834.1_|_locus_tag_ACP8K8_RS03345) is ignored but added at the end
NOTE: NZ_CP190973.1_|_locus_tag_ACP8LY_RS10720 (identical to NZ_CP190834.1_|_locus_tag_ACP8K8_RS03345) is ignored but added at the end
NOTE: NZ_CP190979.1_|_locus_tag_ACP8J3_RS10955 (identical to NZ_CP190979.1_|_locus_tag_ACP8J3_RS03945) is ignored but added at the end
NOTE: NZ_CP190979.1_|_locus_tag_ACP8J3_RS10970 (identical to NZ_CP190979.1_|_locus_tag_ACP8J3_RS03945) is ignored but added at the end
NOTE: NZ_CP190979.1_|_locus_tag_ACP8J3_RS11220 (identical to NZ_CP190979.1_|_locus_tag_ACP8J3_RS03945) is ignored but added at the end
NOTE: NZ_CP190937.1_|_locus_tag_ACP8JV_RS11145 (identical to NZ_CP190937.1_|_locus_tag_ACP8JV_RS03600) is ignored but added at the end
NOTE: NZ_CP190937.1_|_locus_tag_ACP8JV_RS11410 (identical to NZ_CP190937.1_|_locus_tag_ACP8JV_RS03600) is ignored but added at the end
NOTE: NZ_CP121447.1_|_locus_tag_P7F85_RS03580 (identical to NZ_CP190937.1_|_locus_tag_ACP8JV_RS03600) is ignored but added at the end
NOTE: NZ_CP121447.1_|_locus_tag_P7F85_RS04095 (identical to NZ_CP190937.1_|_locus_tag_ACP8JV_RS03600) is ignored but added at the end
NOTE: NZ_CP121447.1_|_locus_tag_P7F85_RS04800 (identical to NZ_CP190937.1_|_locus_tag_ACP8JV_RS03600) is ignored but added at the end
NOTE: NZ_CP121447.1_|_locus_tag_P7F85_RS11095 (identical to NZ_CP190937.1_|_locus_tag_ACP8JV_RS03600) is ignored but added at the end
NOTE: NZ_CP121447.1_|_locus_tag_P7F85_RS11110 (identical to NZ_CP190937.1_|_locus_tag_ACP8JV_RS03600) is ignored but added at the end
NOTE: NZ_CP121447.1_|_locus_tag_P7F85_RS11360 (identical to NZ_CP190937.1_|_locus_tag_ACP8JV_RS03600) is ignored but added at the end
NOTE: NZ_AP029227.1_|_locus_tag_ACZ5V5_RS04065 (identical to NZ_AP029231.1_|_locus_tag_ACZ5VA_RS03790) is ignored but added at the end
NOTE: NZ_CP087416.1_|_locus_tag_LPA61_RS03945 (identical to NZ_AP029231.1_|_locus_tag_ACZ5VA_RS03790) is ignored but added at the end
NOTE: NZ_CP087409.1_|_locus_tag_LPB26_RS03945 (identical to NZ_AP029231.1_|_locus_tag_ACZ5VA_RS03790) is ignored but added at the end
NOTE: NZ_CP087402.1_|_locus_tag_LPA77_RS03955 (identical to NZ_AP029231.1_|_locus_tag_ACZ5VA_RS03790) is ignored but added at the end
NOTE: NZ_CP190975.1_|_locus_tag_ACP8MH_RS11485 (identical to NZ_CP190975.1_|_locus_tag_ACP8MH_RS03765) is ignored but added at the end
NOTE: NZ_CP190975.1_|_locus_tag_ACP8MH_RS11500 (identical to NZ_CP190975.1_|_locus_tag_ACP8MH_RS03765) is ignored but added at the end
NOTE: NZ_CP190975.1_|_locus_tag_ACP8MH_RS11800 (identical to NZ_CP190975.1_|_locus_tag_ACP8MH_RS03765) is ignored but added at the end
NOTE: NZ_CP191077.1_|_locus_tag_ACP8KB_RS03515 (identical to NZ_CP190856.1_|_locus_tag_ACP8MF_RS11230) is ignored but added at the end
NOTE: NZ_CP191077.1_|_locus_tag_ACP8KB_RS03995 (identical to NZ_CP190856.1_|_locus_tag_ACP8MF_RS11230) is ignored but added at the end
NOTE: NZ_CP191077.1_|_locus_tag_ACP8KB_RS04595 (identical to NZ_CP190856.1_|_locus_tag_ACP8MF_RS11230) is ignored but added at the end
NOTE: NZ_CP191077.1_|_locus_tag_ACP8KB_RS11070 (identical to NZ_CP190856.1_|_locus_tag_ACP8MF_RS11230) is ignored but added at the end
NOTE: NZ_CP191077.1_|_locus_tag_ACP8KB_RS11085 (identical to NZ_CP190856.1_|_locus_tag_ACP8MF_RS11230) is ignored but added at the end
NOTE: NZ_CP191067.1_|_locus_tag_ACP8LX_RS11230 (identical to NZ_CP190856.1_|_locus_tag_ACP8MF_RS11230) is ignored but added at the end
NOTE: NZ_CP191049.1_|_locus_tag_ACP8K0_RS03440 (identical to NZ_CP190856.1_|_locus_tag_ACP8MF_RS11230) is ignored but added at the end
NOTE: NZ_CP191049.1_|_locus_tag_ACP8K0_RS03925 (identical to NZ_CP190856.1_|_locus_tag_ACP8MF_RS11230) is ignored but added at the end
NOTE: NZ_CP191049.1_|_locus_tag_ACP8K0_RS10560 (identical to NZ_CP190856.1_|_locus_tag_ACP8MF_RS11230) is ignored but added at the end
NOTE: NZ_CP191049.1_|_locus_tag_ACP8K0_RS10575 (identical to NZ_CP190856.1_|_locus_tag_ACP8MF_RS11230) is ignored but added at the end
NOTE: NZ_CP191049.1_|_locus_tag_ACP8K0_RS10825 (identical to NZ_CP190856.1_|_locus_tag_ACP8MF_RS11230) is ignored but added at the end
NOTE: NZ_CP191041.1_|_locus_tag_ACP8JJ_RS03450 (identical to NZ_CP190856.1_|_locus_tag_ACP8MF_RS11230) is ignored but added at the end
NOTE: NZ_CP191041.1_|_locus_tag_ACP8JJ_RS03930 (identical to NZ_CP190856.1_|_locus_tag_ACP8MF_RS11230) is ignored but added at the end
NOTE: NZ_CP191041.1_|_locus_tag_ACP8JJ_RS04600 (identical to NZ_CP190856.1_|_locus_tag_ACP8MF_RS11230) is ignored but added at the end
NOTE: NZ_CP191041.1_|_locus_tag_ACP8JJ_RS11165 (identical to NZ_CP190856.1_|_locus_tag_ACP8MF_RS11230) is ignored but added at the end
NOTE: NZ_CP191041.1_|_locus_tag_ACP8JJ_RS11180 (identical to NZ_CP190856.1_|_locus_tag_ACP8MF_RS11230) is ignored but added at the end
NOTE: NZ_CP191041.1_|_locus_tag_ACP8JJ_RS11430 (identical to NZ_CP190856.1_|_locus_tag_ACP8MF_RS11230) is ignored but added at the end
NOTE: NZ_CP191006.1_|_locus_tag_ACP8JE_RS03320 (identical to NZ_CP190856.1_|_locus_tag_ACP8MF_RS11230) is ignored but added at the end
NOTE: NZ_CP191006.1_|_locus_tag_ACP8JE_RS03805 (identical to NZ_CP190856.1_|_locus_tag_ACP8MF_RS11230) is ignored but added at the end
NOTE: NZ_CP191006.1_|_locus_tag_ACP8JE_RS10930 (identical to NZ_CP190856.1_|_locus_tag_ACP8MF_RS11230) is ignored but added at the end
NOTE: NZ_CP191006.1_|_locus_tag_ACP8JE_RS10945 (identical to NZ_CP190856.1_|_locus_tag_ACP8MF_RS11230) is ignored but added at the end
NOTE: NZ_CP191006.1_|_locus_tag_ACP8JE_RS11195 (identical to NZ_CP190856.1_|_locus_tag_ACP8MF_RS11230) is ignored but added at the end
NOTE: NZ_CP190995.1_|_locus_tag_ACP8LU_RS03310 (identical to NZ_CP190856.1_|_locus_tag_ACP8MF_RS11230) is ignored but added at the end
NOTE: NZ_CP190995.1_|_locus_tag_ACP8LU_RS03790 (identical to NZ_CP190856.1_|_locus_tag_ACP8MF_RS11230) is ignored but added at the end
NOTE: NZ_CP190995.1_|_locus_tag_ACP8LU_RS04520 (identical to NZ_CP190856.1_|_locus_tag_ACP8MF_RS11230) is ignored but added at the end
NOTE: NZ_CP190995.1_|_locus_tag_ACP8LU_RS11150 (identical to NZ_CP190856.1_|_locus_tag_ACP8MF_RS11230) is ignored but added at the end
NOTE: NZ_CP190995.1_|_locus_tag_ACP8LU_RS11170 (identical to NZ_CP190856.1_|_locus_tag_ACP8MF_RS11230) is ignored but added at the end
NOTE: NZ_CP190991.1_|_locus_tag_ACP8KD_RS03325 (identical to NZ_CP190856.1_|_locus_tag_ACP8MF_RS11230) is ignored but added at the end
NOTE: NZ_CP190991.1_|_locus_tag_ACP8KD_RS03810 (identical to NZ_CP190856.1_|_locus_tag_ACP8MF_RS11230) is ignored but added at the end
NOTE: NZ_CP190991.1_|_locus_tag_ACP8KD_RS10935 (identical to NZ_CP190856.1_|_locus_tag_ACP8MF_RS11230) is ignored but added at the end
NOTE: NZ_CP190991.1_|_locus_tag_ACP8KD_RS10950 (identical to NZ_CP190856.1_|_locus_tag_ACP8MF_RS11230) is ignored but added at the end
NOTE: NZ_CP190991.1_|_locus_tag_ACP8KD_RS11200 (identical to NZ_CP190856.1_|_locus_tag_ACP8MF_RS11230) is ignored but added at the end
NOTE: NZ_CP190984.1_|_locus_tag_ACP8LE_RS03315 (identical to NZ_CP190856.1_|_locus_tag_ACP8MF_RS11230) is ignored but added at the end
NOTE: NZ_CP190984.1_|_locus_tag_ACP8LE_RS03800 (identical to NZ_CP190856.1_|_locus_tag_ACP8MF_RS11230) is ignored but added at the end
NOTE: NZ_CP190984.1_|_locus_tag_ACP8LE_RS10980 (identical to NZ_CP190856.1_|_locus_tag_ACP8MF_RS11230) is ignored but added at the end
NOTE: NZ_CP190984.1_|_locus_tag_ACP8LE_RS10995 (identical to NZ_CP190856.1_|_locus_tag_ACP8MF_RS11230) is ignored but added at the end
NOTE: NZ_CP190984.1_|_locus_tag_ACP8LE_RS11245 (identical to NZ_CP190856.1_|_locus_tag_ACP8MF_RS11230) is ignored but added at the end
NOTE: NZ_CP190964.1_|_locus_tag_ACP8KO_RS03815 (identical to NZ_CP190856.1_|_locus_tag_ACP8MF_RS11230) is ignored but added at the end
NOTE: NZ_CP190964.1_|_locus_tag_ACP8KO_RS10920 (identical to NZ_CP190856.1_|_locus_tag_ACP8MF_RS11230) is ignored but added at the end
NOTE: NZ_CP190964.1_|_locus_tag_ACP8KO_RS10935 (identical to NZ_CP190856.1_|_locus_tag_ACP8MF_RS11230) is ignored but added at the end
NOTE: NZ_CP190964.1_|_locus_tag_ACP8KO_RS11185 (identical to NZ_CP190856.1_|_locus_tag_ACP8MF_RS11230) is ignored but added at the end
NOTE: NZ_CP190959.1_|_locus_tag_ACP8JN_RS03635 (identical to NZ_CP190856.1_|_locus_tag_ACP8MF_RS11230) is ignored but added at the end
NOTE: NZ_CP190959.1_|_locus_tag_ACP8JN_RS04115 (identical to NZ_CP190856.1_|_locus_tag_ACP8MF_RS11230) is ignored but added at the end
NOTE: NZ_CP190959.1_|_locus_tag_ACP8JN_RS10810 (identical to NZ_CP190856.1_|_locus_tag_ACP8MF_RS11230) is ignored but added at the end
NOTE: NZ_CP190959.1_|_locus_tag_ACP8JN_RS11060 (identical to NZ_CP190856.1_|_locus_tag_ACP8MF_RS11230) is ignored but added at the end
NOTE: NZ_CP191136.1_|_locus_tag_ACP8I1_RS07980 (identical to NZ_CP190856.1_|_locus_tag_ACP8MF_RS11230) is ignored but added at the end
NOTE: NZ_CP191136.1_|_locus_tag_ACP8I1_RS08470 (identical to NZ_CP190856.1_|_locus_tag_ACP8MF_RS11230) is ignored but added at the end
NOTE: NZ_CP191136.1_|_locus_tag_ACP8I1_RS11115 (identical to NZ_CP190856.1_|_locus_tag_ACP8MF_RS11230) is ignored but added at the end
NOTE: NZ_CP191136.1_|_locus_tag_ACP8I1_RS11130 (identical to NZ_CP190856.1_|_locus_tag_ACP8MF_RS11230) is ignored but added at the end
NOTE: NZ_CP191136.1_|_locus_tag_ACP8I1_RS11380 (identical to NZ_CP190856.1_|_locus_tag_ACP8MF_RS11230) is ignored but added at the end
NOTE: NZ_CP191102.1_|_locus_tag_ACP8K2_RS03430 (identical to NZ_CP190856.1_|_locus_tag_ACP8MF_RS11230) is ignored but added at the end
NOTE: NZ_CP191102.1_|_locus_tag_ACP8K2_RS03920 (identical to NZ_CP190856.1_|_locus_tag_ACP8MF_RS11230) is ignored but added at the end
NOTE: NZ_CP191102.1_|_locus_tag_ACP8K2_RS11030 (identical to NZ_CP190856.1_|_locus_tag_ACP8MF_RS11230) is ignored but added at the end
NOTE: NZ_CP191102.1_|_locus_tag_ACP8K2_RS11280 (identical to NZ_CP190856.1_|_locus_tag_ACP8MF_RS11230) is ignored but added at the end
NOTE: NZ_CP191109.1_|_locus_tag_ACP8J6_RS03520 (identical to NZ_CP190856.1_|_locus_tag_ACP8MF_RS11230) is ignored but added at the end
NOTE: NZ_CP191109.1_|_locus_tag_ACP8J6_RS04000 (identical to NZ_CP190856.1_|_locus_tag_ACP8MF_RS11230) is ignored but added at the end
NOTE: NZ_CP191109.1_|_locus_tag_ACP8J6_RS04555 (identical to NZ_CP190856.1_|_locus_tag_ACP8MF_RS11230) is ignored but added at the end
NOTE: NZ_CP191109.1_|_locus_tag_ACP8J6_RS10830 (identical to NZ_CP190856.1_|_locus_tag_ACP8MF_RS11230) is ignored but added at the end
NOTE: NZ_CP191109.1_|_locus_tag_ACP8J6_RS10845 (identical to NZ_CP190856.1_|_locus_tag_ACP8MF_RS11230) is ignored but added at the end
NOTE: NZ_CP191109.1_|_locus_tag_ACP8J6_RS11095 (identical to NZ_CP190856.1_|_locus_tag_ACP8MF_RS11230) is ignored but added at the end
NOTE: NZ_CP191099.1_|_locus_tag_ACP8IB_RS04005 (identical to NZ_CP190856.1_|_locus_tag_ACP8MF_RS11230) is ignored but added at the end
NOTE: NZ_CP191099.1_|_locus_tag_ACP8IB_RS10835 (identical to NZ_CP190856.1_|_locus_tag_ACP8MF_RS11230) is ignored but added at the end
NOTE: NZ_CP191099.1_|_locus_tag_ACP8IB_RS11100 (identical to NZ_CP190856.1_|_locus_tag_ACP8MF_RS11230) is ignored but added at the end
NOTE: NZ_CP185372.1_|_locus_tag_ACOQII_RS03875 (identical to NZ_CP190856.1_|_locus_tag_ACP8MF_RS11230) is ignored but added at the end
NOTE: NZ_CP185372.1_|_locus_tag_ACOQII_RS10675 (identical to NZ_CP190856.1_|_locus_tag_ACP8MF_RS11230) is ignored but added at the end
NOTE: NZ_CP185372.1_|_locus_tag_ACOQII_RS10690 (identical to NZ_CP190856.1_|_locus_tag_ACP8MF_RS11230) is ignored but added at the end
NOTE: NZ_CP185372.1_|_locus_tag_ACOQII_RS10940 (identical to NZ_CP190856.1_|_locus_tag_ACP8MF_RS11230) is ignored but added at the end
NOTE: NZ_CP186575.1_|_locus_tag_ACOKFZ_RS03530 (identical to NZ_CP190856.1_|_locus_tag_ACP8MF_RS11230) is ignored but added at the end
NOTE: NZ_CP186575.1_|_locus_tag_ACOKFZ_RS04010 (identical to NZ_CP190856.1_|_locus_tag_ACP8MF_RS11230) is ignored but added at the end
NOTE: NZ_CP186575.1_|_locus_tag_ACOKFZ_RS10965 (identical to NZ_CP190856.1_|_locus_tag_ACP8MF_RS11230) is ignored but added at the end
NOTE: NZ_CP180449.1_|_locus_tag_ACMYSJ_RS04025 (identical to NZ_CP190856.1_|_locus_tag_ACP8MF_RS11230) is ignored but added at the end
NOTE: NZ_CP180449.1_|_locus_tag_ACMYSJ_RS10665 (identical to NZ_CP190856.1_|_locus_tag_ACP8MF_RS11230) is ignored but added at the end
NOTE: NZ_CP180449.1_|_locus_tag_ACMYSJ_RS10680 (identical to NZ_CP190856.1_|_locus_tag_ACP8MF_RS11230) is ignored but added at the end
NOTE: NZ_CP180449.1_|_locus_tag_ACMYSJ_RS10930 (identical to NZ_CP190856.1_|_locus_tag_ACP8MF_RS11230) is ignored but added at the end
NOTE: NZ_AP029231.1_|_locus_tag_ACZ5VA_RS10635 (identical to NZ_CP190856.1_|_locus_tag_ACP8MF_RS11230) is ignored but added at the end
NOTE: NZ_OZ408735.1_|_locus_tag_ACZJZQ_RS00015 (identical to NZ_CP190856.1_|_locus_tag_ACP8MF_RS11230) is ignored but added at the end
NOTE: NZ_OZ408735.1_|_locus_tag_ACZJZQ_RS00495 (identical to NZ_CP190856.1_|_locus_tag_ACP8MF_RS11230) is ignored but added at the end
NOTE: NZ_CP087416.1_|_locus_tag_LPA61_RS11790 (identical to NZ_CP190856.1_|_locus_tag_ACP8MF_RS11230) is ignored but added at the end
NOTE: NZ_CP087416.1_|_locus_tag_LPA61_RS12040 (identical to NZ_CP190856.1_|_locus_tag_ACP8MF_RS11230) is ignored but added at the end
NOTE: NZ_CP087409.1_|_locus_tag_LPB26_RS11780 (identical to NZ_CP190856.1_|_locus_tag_ACP8MF_RS11230) is ignored but added at the end
NOTE: NZ_CP087402.1_|_locus_tag_LPA77_RS11785 (identical to NZ_CP190856.1_|_locus_tag_ACP8MF_RS11230) is ignored but added at the end
NOTE: NZ_CP185372.1_|_locus_tag_ACOQII_RS03395 (identical to NZ_CP190856.1_|_locus_tag_ACP8MF_RS03820) is ignored but added at the end
NOTE: NZ_CP180449.1_|_locus_tag_ACMYSJ_RS03545 (identical to NZ_CP190856.1_|_locus_tag_ACP8MF_RS03820) is ignored but added at the end
NOTE: NZ_AP029231.1_|_locus_tag_ACZ5VA_RS03310 (identical to NZ_CP190856.1_|_locus_tag_ACP8MF_RS03820) is ignored but added at the end
NOTE: NZ_CP087422.1_|_locus_tag_LPA88_RS03695 (identical to NZ_CP190856.1_|_locus_tag_ACP8MF_RS03820) is ignored but added at the end
NOTE: NZ_CP087416.1_|_locus_tag_LPA61_RS03460 (identical to NZ_CP190856.1_|_locus_tag_ACP8MF_RS03820) is ignored but added at the end
NOTE: NZ_CP087409.1_|_locus_tag_LPB26_RS03460 (identical to NZ_CP190856.1_|_locus_tag_ACP8MF_RS03820) is ignored but added at the end
NOTE: NZ_CP087402.1_|_locus_tag_LPA77_RS03470 (identical to NZ_CP190856.1_|_locus_tag_ACP8MF_RS03820) is ignored but added at the end
NOTE: NZ_CP190995.1_|_locus_tag_ACP8LU_RS11420 (identical to NZ_CP191077.1_|_locus_tag_ACP8KB_RS11335) is ignored but added at the end
NOTE: NZ_CP190964.1_|_locus_tag_ACP8KO_RS04500 (identical to NZ_CP190856.1_|_locus_tag_ACP8MF_RS04905) is ignored but added at the end
NOTE: NZ_CP190959.1_|_locus_tag_ACP8JN_RS04675 (identical to NZ_CP190856.1_|_locus_tag_ACP8MF_RS04905) is ignored but added at the end
NOTE: NZ_CP185372.1_|_locus_tag_ACOQII_RS04485 (identical to NZ_CP190856.1_|_locus_tag_ACP8MF_RS04905) is ignored but added at the end
NOTE: NZ_CP186575.1_|_locus_tag_ACOKFZ_RS04615 (identical to NZ_CP190856.1_|_locus_tag_ACP8MF_RS04905) is ignored but added at the end
NOTE: NZ_CP186575.1_|_locus_tag_ACOKFZ_RS10980 (identical to NZ_CP190856.1_|_locus_tag_ACP8MF_RS04905) is ignored but added at the end
NOTE: NZ_CP180449.1_|_locus_tag_ACMYSJ_RS04585 (identical to NZ_CP190856.1_|_locus_tag_ACP8MF_RS04905) is ignored but added at the end
NOTE: NZ_CP087402.1_|_locus_tag_LPA77_RS05330 (identical to NZ_CP087416.1_|_locus_tag_LPA61_RS05320) is ignored but added at the end
NOTE: NZ_CP190977.1_|_locus_tag_ACP8M9_RS05235 (identical to NZ_CP190977.1_|_locus_tag_ACP8M9_RS04045) is ignored but added at the end
NOTE: NZ_CP190977.1_|_locus_tag_ACP8M9_RS11740 (identical to NZ_CP190977.1_|_locus_tag_ACP8M9_RS04045) is ignored but added at the end
NOTE: NZ_CP191038.1_|_locus_tag_ACP8MX_RS04560 (identical to NZ_CP190853.1_|_locus_tag_ACP8MJ_RS04640) is ignored but added at the end
NOTE: NZ_CP195124.1_|_locus_tag_ACR43Q_RS03390 (identical to NZ_CP190853.1_|_locus_tag_ACP8MJ_RS04640) is ignored but added at the end
NOTE: NZ_CP195124.1_|_locus_tag_ACR43Q_RS04470 (identical to NZ_CP190853.1_|_locus_tag_ACP8MJ_RS04640) is ignored but added at the end
NOTE: NZ_AP029227.1_|_locus_tag_ACZ5V5_RS04660 (identical to NZ_CP190853.1_|_locus_tag_ACP8MJ_RS04640) is ignored but added at the end
NOTE: NZ_CP190848.1_|_locus_tag_ACP8M6_RS04000 (identical to NZ_CP190853.1_|_locus_tag_ACP8MJ_RS11200) is ignored but added at the end
NOTE: NZ_CP190848.1_|_locus_tag_ACP8M6_RS10780 (identical to NZ_CP190853.1_|_locus_tag_ACP8MJ_RS11200) is ignored but added at the end
NOTE: NZ_CP190848.1_|_locus_tag_ACP8M6_RS10795 (identical to NZ_CP190853.1_|_locus_tag_ACP8MJ_RS11200) is ignored but added at the end
NOTE: NZ_CP190848.1_|_locus_tag_ACP8M6_RS11045 (identical to NZ_CP190853.1_|_locus_tag_ACP8MJ_RS11200) is ignored but added at the end
NOTE: NZ_CP191073.1_|_locus_tag_ACP8K9_RS03460 (identical to NZ_CP190853.1_|_locus_tag_ACP8MJ_RS11200) is ignored but added at the end
NOTE: NZ_CP191073.1_|_locus_tag_ACP8K9_RS03945 (identical to NZ_CP190853.1_|_locus_tag_ACP8MJ_RS11200) is ignored but added at the end
NOTE: NZ_CP191073.1_|_locus_tag_ACP8K9_RS04500 (identical to NZ_CP190853.1_|_locus_tag_ACP8MJ_RS11200) is ignored but added at the end
NOTE: NZ_CP191073.1_|_locus_tag_ACP8K9_RS10940 (identical to NZ_CP190853.1_|_locus_tag_ACP8MJ_RS11200) is ignored but added at the end
NOTE: NZ_CP191073.1_|_locus_tag_ACP8K9_RS10955 (identical to NZ_CP190853.1_|_locus_tag_ACP8MJ_RS11200) is ignored but added at the end
NOTE: NZ_CP191073.1_|_locus_tag_ACP8K9_RS11205 (identical to NZ_CP190853.1_|_locus_tag_ACP8MJ_RS11200) is ignored but added at the end
NOTE: NZ_CP191067.1_|_locus_tag_ACP8LX_RS04485 (identical to NZ_CP190853.1_|_locus_tag_ACP8MJ_RS11200) is ignored but added at the end
NOTE: NZ_CP191038.1_|_locus_tag_ACP8MX_RS03835 (identical to NZ_CP190853.1_|_locus_tag_ACP8MJ_RS11200) is ignored but added at the end
NOTE: NZ_CP191038.1_|_locus_tag_ACP8MX_RS10970 (identical to NZ_CP190853.1_|_locus_tag_ACP8MJ_RS11200) is ignored but added at the end
NOTE: NZ_CP191038.1_|_locus_tag_ACP8MX_RS11235 (identical to NZ_CP190853.1_|_locus_tag_ACP8MJ_RS11200) is ignored but added at the end
NOTE: NZ_CP195124.1_|_locus_tag_ACR43Q_RS10695 (identical to NZ_CP190853.1_|_locus_tag_ACP8MJ_RS11200) is ignored but added at the end
NOTE: NZ_CP195124.1_|_locus_tag_ACR43Q_RS10945 (identical to NZ_CP190853.1_|_locus_tag_ACP8MJ_RS11200) is ignored but added at the end
NOTE: NZ_AP029227.1_|_locus_tag_ACZ5V5_RS10795 (identical to NZ_CP190853.1_|_locus_tag_ACP8MJ_RS11200) is ignored but added at the end
NOTE: NZ_AP029227.1_|_locus_tag_ACZ5V5_RS10810 (identical to NZ_CP190853.1_|_locus_tag_ACP8MJ_RS11200) is ignored but added at the end
NOTE: NZ_AP029231.1_|_locus_tag_ACZ5VA_RS04345 (identical to NZ_CP190853.1_|_locus_tag_ACP8MJ_RS11200) is ignored but added at the end
NOTE: NZ_CP087413.1_|_locus_tag_LPB35_RS03950 (identical to NZ_CP190853.1_|_locus_tag_ACP8MJ_RS11200) is ignored but added at the end
NOTE: NZ_CP087413.1_|_locus_tag_LPB35_RS11315 (identical to NZ_CP190853.1_|_locus_tag_ACP8MJ_RS11200) is ignored but added at the end
NOTE: NZ_CP190841.1_|_locus_tag_ACP8LS_RS11875 (identical to NZ_CP190841.1_|_locus_tag_ACP8LS_RS03935) is ignored but added at the end
NOTE: NZ_CP190871.1_|_locus_tag_ACP8KJ_RS10785 (identical to NZ_CP190877.1_|_locus_tag_ACP8I5_RS10720) is ignored but added at the end
NOTE: NZ_CP191043.1_|_locus_tag_ACP8ND_RS03680 (identical to NZ_CP190877.1_|_locus_tag_ACP8I5_RS10720) is ignored but added at the end
NOTE: NZ_CP191043.1_|_locus_tag_ACP8ND_RS11155 (identical to NZ_CP190877.1_|_locus_tag_ACP8I5_RS10720) is ignored but added at the end
NOTE: NZ_CP191043.1_|_locus_tag_ACP8ND_RS11170 (identical to NZ_CP190877.1_|_locus_tag_ACP8I5_RS10720) is ignored but added at the end
NOTE: NZ_CP191043.1_|_locus_tag_ACP8ND_RS11420 (identical to NZ_CP190877.1_|_locus_tag_ACP8I5_RS10720) is ignored but added at the end
NOTE: NZ_CP166524.1_|_locus_tag_AB6X68_RS09705 (identical to NZ_CP166533.1_|_locus_tag_AB6X95_RS09430) is ignored but added at the end
NOTE: NZ_CP166532.1_|_locus_tag_AB6X60_RS09425 (identical to NZ_CP166533.1_|_locus_tag_AB6X95_RS09430) is ignored but added at the end
NOTE: NZ_CP142803.1_|_locus_tag_VW783_RS04650 (identical to NZ_CP166533.1_|_locus_tag_AB6X95_RS09430) is ignored but added at the end
NOTE: NZ_CP166855.1_|_locus_tag_ACA488_RS10485 (identical to NZ_CP166858.1_|_locus_tag_ACA496_RS09850) is ignored but added at the end
NOTE: NZ_CP166854.1_|_locus_tag_ACA487_RS09375 (identical to NZ_CP166858.1_|_locus_tag_ACA496_RS09850) is ignored but added at the end
NOTE: NZ_CP166853.1_|_locus_tag_ACA492_RS09340 (identical to NZ_CP166858.1_|_locus_tag_ACA496_RS09850) is ignored but added at the end
NOTE: NZ_CP166852.1_|_locus_tag_ACA489_RS09625 (identical to NZ_CP166858.1_|_locus_tag_ACA496_RS09850) is ignored but added at the end
NOTE: NZ_CP166536.1_|_locus_tag_AB6X61_RS02325 (identical to NZ_CP166552.1_|_locus_tag_AB6X53_RS02325) is ignored but added at the end
NOTE: NZ_CP166534.1_|_locus_tag_AB6X48_RS02325 (identical to NZ_CP166552.1_|_locus_tag_AB6X53_RS02325) is ignored but added at the end
NOTE: NZ_AP040286.1_|_locus_tag_ACZ354_RS02195 (identical to NZ_CP166552.1_|_locus_tag_AB6X53_RS02325) is ignored but added at the end
NOTE: NZ_CP142804.1_|_locus_tag_VW782_RS11315 (identical to NZ_CP166552.1_|_locus_tag_AB6X53_RS02325) is ignored but added at the end
NOTE: NZ_CP199996.1_|_locus_tag_ACUBUE_RS02085 (identical to NZ_CP166552.1_|_locus_tag_AB6X53_RS02325) is ignored but added at the end
NOTE: NZ_CP166509.1_|_locus_tag_AB6X63_RS02385 (identical to NZ_CP166547.1_|_locus_tag_AB6X94_RS02405) is ignored but added at the end
NOTE: NZ_CP166507.1_|_locus_tag_AB6X50_RS02375 (identical to NZ_CP166547.1_|_locus_tag_AB6X94_RS02405) is ignored but added at the end
NOTE: NZ_CP166506.1_|_locus_tag_AB6X78_RS02405 (identical to NZ_CP166547.1_|_locus_tag_AB6X94_RS02405) is ignored but added at the end
NOTE: NZ_CP166540.1_|_locus_tag_AB6X82_RS02360 (identical to NZ_CP166567.1_|_locus_tag_AB6X76_RS02365) is ignored but added at the end
NOTE: NZ_CP166559.1_|_locus_tag_AB6X87_RS10330 (identical to NZ_CP166577.1_|_locus_tag_AB6X62_RS04740) is ignored but added at the end
NOTE: NZ_CP166557.1_|_locus_tag_AB6X64_RS10330 (identical to NZ_CP166577.1_|_locus_tag_AB6X62_RS04740) is ignored but added at the end
NOTE: NZ_CP166555.1_|_locus_tag_AB6X65_RS10330 (identical to NZ_CP166577.1_|_locus_tag_AB6X62_RS04740) is ignored but added at the end
NOTE: NZ_CP166544.1_|_locus_tag_AB6X43_RS11005 (identical to NZ_CP166577.1_|_locus_tag_AB6X62_RS04740) is ignored but added at the end
NOTE: NZ_CP166520.1_|_locus_tag_AB6X83_RS10160 (identical to NZ_CP166577.1_|_locus_tag_AB6X62_RS04740) is ignored but added at the end
NOTE: NZ_AP040284.1_|_locus_tag_ACZ35Y_RS10535 (identical to NZ_CP166577.1_|_locus_tag_AB6X62_RS04740) is ignored but added at the end
NOTE: NZ_AP040287.1_|_locus_tag_ACZ5SG_RS10435 (identical to NZ_CP166577.1_|_locus_tag_AB6X62_RS04740) is ignored but added at the end
NOTE: NZ_CP180165.1_|_locus_tag_ACMTNW_RS11035 (identical to NZ_CP166577.1_|_locus_tag_AB6X62_RS04740) is ignored but added at the end
NOTE: NZ_CP195881.1_|_locus_tag_ACSNDX_RS14370 (identical to NZ_CP166577.1_|_locus_tag_AB6X62_RS04740) is ignored but added at the end
NOTE: NZ_CP166557.1_|_locus_tag_AB6X64_RS02230 (identical to NZ_CP195878.1_|_locus_tag_ACSLFG_RS08445) is ignored but added at the end
NOTE: NZ_CP166555.1_|_locus_tag_AB6X65_RS02230 (identical to NZ_CP195878.1_|_locus_tag_ACSLFG_RS08445) is ignored but added at the end
NOTE: NZ_CP166544.1_|_locus_tag_AB6X43_RS02250 (identical to NZ_CP195878.1_|_locus_tag_ACSLFG_RS08445) is ignored but added at the end
NOTE: NZ_CP166520.1_|_locus_tag_AB6X83_RS02125 (identical to NZ_CP195878.1_|_locus_tag_ACSLFG_RS08445) is ignored but added at the end
NOTE: NZ_CP166515.1_|_locus_tag_AB6X90_RS02640 (identical to NZ_CP195878.1_|_locus_tag_ACSLFG_RS08445) is ignored but added at the end
NOTE: NZ_CP166514.1_|_locus_tag_AB6X72_RS02645 (identical to NZ_CP195878.1_|_locus_tag_ACSLFG_RS08445) is ignored but added at the end
NOTE: NZ_AP040284.1_|_locus_tag_ACZ35Y_RS02380 (identical to NZ_CP195878.1_|_locus_tag_ACSLFG_RS08445) is ignored but added at the end
NOTE: NZ_AP040287.1_|_locus_tag_ACZ5SG_RS02385 (identical to NZ_CP195878.1_|_locus_tag_ACSLFG_RS08445) is ignored but added at the end
NOTE: NZ_CP180165.1_|_locus_tag_ACMTNW_RS02440 (identical to NZ_CP195878.1_|_locus_tag_ACSLFG_RS08445) is ignored but added at the end
NOTE: NZ_CP087451.1_|_locus_tag_LPA74_RS02560 (identical to NZ_CP195878.1_|_locus_tag_ACSLFG_RS08445) is ignored but added at the end
NOTE: NZ_CP087449.1_|_locus_tag_LPB34_RS02570 (identical to NZ_CP195878.1_|_locus_tag_ACSLFG_RS08445) is ignored but added at the end
NOTE: NZ_CP087447.1_|_locus_tag_LPB22_RS02565 (identical to NZ_CP195878.1_|_locus_tag_ACSLFG_RS08445) is ignored but added at the end
NOTE: NZ_CP087444.1_|_locus_tag_LPB14_RS02270 (identical to NZ_CP195878.1_|_locus_tag_ACSLFG_RS08445) is ignored but added at the end
NOTE: NZ_CP195881.1_|_locus_tag_ACSNDX_RS08450 (identical to NZ_CP195878.1_|_locus_tag_ACSLFG_RS08445) is ignored but added at the end
NOTE: NZ_CP166517.1_|_locus_tag_AB6X55_RS11100 (identical to NZ_CP166571.1_|_locus_tag_AB6X92_RS11130) is ignored but added at the end
NOTE: NZ_CP166513.1_|_locus_tag_AB6X73_RS10730 (identical to NZ_CP166571.1_|_locus_tag_AB6X92_RS11130) is ignored but added at the end
NOTE: NZ_CP166512.1_|_locus_tag_AB6X86_RS10730 (identical to NZ_CP166571.1_|_locus_tag_AB6X92_RS11130) is ignored but added at the end
NOTE: NZ_CP166511.1_|_locus_tag_AB6X96_RS10730 (identical to NZ_CP166571.1_|_locus_tag_AB6X92_RS11130) is ignored but added at the end
NOTE: NZ_CP195881.1_|_locus_tag_ACSNDX_RS08175 (identical to NZ_CP195878.1_|_locus_tag_ACSLFG_RS08170) is ignored but added at the end
NOTE: NZ_CP195881.1_|_locus_tag_ACSNDX_RS08195 (identical to NZ_CP195878.1_|_locus_tag_ACSLFG_RS08170) is ignored but added at the end
NOTE: NZ_CP166573.1_|_locus_tag_AB6X54_RS02420 (identical to NZ_CP190843.1_|_locus_tag_ACP8JA_RS02405) is ignored but added at the end
NOTE: NZ_CP166547.1_|_locus_tag_AB6X94_RS02660 (identical to NZ_CP190843.1_|_locus_tag_ACP8JA_RS02405) is ignored but added at the end
NOTE: NZ_CP166548.1_|_locus_tag_AB6X44_RS02650 (identical to NZ_CP190843.1_|_locus_tag_ACP8JA_RS02405) is ignored but added at the end
NOTE: NZ_CP166509.1_|_locus_tag_AB6X63_RS02640 (identical to NZ_CP190843.1_|_locus_tag_ACP8JA_RS02405) is ignored but added at the end
NOTE: NZ_CP166507.1_|_locus_tag_AB6X50_RS02630 (identical to NZ_CP190843.1_|_locus_tag_ACP8JA_RS02405) is ignored but added at the end
NOTE: NZ_CP166506.1_|_locus_tag_AB6X78_RS02660 (identical to NZ_CP190843.1_|_locus_tag_ACP8JA_RS02405) is ignored but added at the end
NOTE: NZ_AP040286.1_|_locus_tag_ACZ354_RS02450 (identical to NZ_CP190843.1_|_locus_tag_ACP8JA_RS02405) is ignored but added at the end
NOTE: NZ_CP199996.1_|_locus_tag_ACUBUE_RS02340 (identical to NZ_CP190843.1_|_locus_tag_ACP8JA_RS02405) is ignored but added at the end
NOTE: NZ_CP191059.1_|_locus_tag_ACP8MQ_RS02430 (identical to NZ_CP191061.1_|_locus_tag_ACP8KY_RS02430) is ignored but added at the end
NOTE: NZ_CP166857.1_|_locus_tag_ACA491_RS14290 (identical to NZ_CP166858.1_|_locus_tag_ACA496_RS02450) is ignored but added at the end
NOTE: NZ_CP166856.1_|_locus_tag_ACA490_RS02410 (identical to NZ_CP166858.1_|_locus_tag_ACA496_RS02450) is ignored but added at the end
NOTE: NZ_CP166855.1_|_locus_tag_ACA488_RS02285 (identical to NZ_CP166858.1_|_locus_tag_ACA496_RS02450) is ignored but added at the end
NOTE: NZ_CP166854.1_|_locus_tag_ACA487_RS02285 (identical to NZ_CP166858.1_|_locus_tag_ACA496_RS02450) is ignored but added at the end
NOTE: NZ_CP166853.1_|_locus_tag_ACA492_RS02285 (identical to NZ_CP166858.1_|_locus_tag_ACA496_RS02450) is ignored but added at the end
NOTE: NZ_CP166852.1_|_locus_tag_ACA489_RS02405 (identical to NZ_CP166858.1_|_locus_tag_ACA496_RS02450) is ignored but added at the end
NOTE: NZ_CP087441.1_|_locus_tag_LPA95_RS10805 (identical to NZ_AP043700.1_|_locus_tag_ACZ49O_RS01400) is ignored but added at the end
NOTE: NZ_CP087439.1_|_locus_tag_LPB17_RS10815 (identical to NZ_AP043700.1_|_locus_tag_ACZ49O_RS01400) is ignored but added at the end
NOTE: NZ_CP087432.1_|_locus_tag_LPA89_RS11175 (identical to NZ_AP043700.1_|_locus_tag_ACZ49O_RS01400) is ignored but added at the end
NOTE: NZ_CP166856.1_|_locus_tag_ACA490_RS11185 (identical to NZ_CP166858.1_|_locus_tag_ACA496_RS11515) is ignored but added at the end
NOTE: NZ_CP166855.1_|_locus_tag_ACA488_RS12160 (identical to NZ_CP166858.1_|_locus_tag_ACA496_RS11515) is ignored but added at the end
NOTE: NZ_CP166854.1_|_locus_tag_ACA487_RS11400 (identical to NZ_CP166858.1_|_locus_tag_ACA496_RS11515) is ignored but added at the end
NOTE: NZ_CP166853.1_|_locus_tag_ACA492_RS11010 (identical to NZ_CP166858.1_|_locus_tag_ACA496_RS11515) is ignored but added at the end
NOTE: NZ_CP166852.1_|_locus_tag_ACA489_RS11290 (identical to NZ_CP166858.1_|_locus_tag_ACA496_RS11515) is ignored but added at the end
NOTE: NZ_CP166863.1_|_locus_tag_ACA494_RS02450 (identical to NZ_CP166546.1_|_locus_tag_AB6X58_RS02780) is ignored but added at the end
NOTE: NZ_CP166861.1_|_locus_tag_ACA499_RS02425 (identical to NZ_CP166546.1_|_locus_tag_AB6X58_RS02780) is ignored but added at the end
NOTE: NZ_CP166860.1_|_locus_tag_ACA497_RS02540 (identical to NZ_CP166546.1_|_locus_tag_AB6X58_RS02780) is ignored but added at the end
NOTE: NZ_CP166860.1_|_locus_tag_ACA497_RS02560 (identical to NZ_CP166546.1_|_locus_tag_AB6X58_RS02780) is ignored but added at the end
NOTE: NZ_CP166859.1_|_locus_tag_ACA486_RS02510 (identical to NZ_CP166546.1_|_locus_tag_AB6X58_RS02780) is ignored but added at the end
NOTE: NZ_CP166549.1_|_locus_tag_AB6X66_RS02455 (identical to NZ_CP166551.1_|_locus_tag_AB6X51_RS02455) is ignored but added at the end
NOTE: NZ_CP190843.1_|_locus_tag_ACP8JA_RS09060 (identical to NZ_CP190843.1_|_locus_tag_ACP8JA_RS02145) is ignored but added at the end
NOTE: NZ_CP190843.1_|_locus_tag_ACP8JA_RS10080 (identical to NZ_CP190843.1_|_locus_tag_ACP8JA_RS02145) is ignored but added at the end
NOTE: NZ_CP190843.1_|_locus_tag_ACP8JA_RS10640 (identical to NZ_CP190843.1_|_locus_tag_ACP8JA_RS02145) is ignored but added at the end
NOTE: NZ_CP191061.1_|_locus_tag_ACP8KY_RS02175 (identical to NZ_CP190843.1_|_locus_tag_ACP8JA_RS02145) is ignored but added at the end
NOTE: NZ_CP191061.1_|_locus_tag_ACP8KY_RS10745 (identical to NZ_CP190843.1_|_locus_tag_ACP8JA_RS02145) is ignored but added at the end
NOTE: NZ_CP191062.1_|_locus_tag_ACP8K4_RS02175 (identical to NZ_CP190843.1_|_locus_tag_ACP8JA_RS02145) is ignored but added at the end
NOTE: NZ_CP191062.1_|_locus_tag_ACP8K4_RS09175 (identical to NZ_CP190843.1_|_locus_tag_ACP8JA_RS02145) is ignored but added at the end
NOTE: NZ_CP191062.1_|_locus_tag_ACP8K4_RS10180 (identical to NZ_CP190843.1_|_locus_tag_ACP8JA_RS02145) is ignored but added at the end
NOTE: NZ_CP191062.1_|_locus_tag_ACP8K4_RS10745 (identical to NZ_CP190843.1_|_locus_tag_ACP8JA_RS02145) is ignored but added at the end
NOTE: NZ_CP191059.1_|_locus_tag_ACP8MQ_RS02175 (identical to NZ_CP190843.1_|_locus_tag_ACP8JA_RS02145) is ignored but added at the end
NOTE: NZ_CP191059.1_|_locus_tag_ACP8MQ_RS09175 (identical to NZ_CP190843.1_|_locus_tag_ACP8JA_RS02145) is ignored but added at the end
NOTE: NZ_CP191059.1_|_locus_tag_ACP8MQ_RS10180 (identical to NZ_CP190843.1_|_locus_tag_ACP8JA_RS02145) is ignored but added at the end
NOTE: NZ_CP191059.1_|_locus_tag_ACP8MQ_RS10745 (identical to NZ_CP190843.1_|_locus_tag_ACP8JA_RS02145) is ignored but added at the end
NOTE: NZ_CP195878.1_|_locus_tag_ACSLFG_RS00950 (identical to NZ_CP190843.1_|_locus_tag_ACP8JA_RS02145) is ignored but added at the end
NOTE: NZ_CP195878.1_|_locus_tag_ACSLFG_RS08190 (identical to NZ_CP190843.1_|_locus_tag_ACP8JA_RS02145) is ignored but added at the end
NOTE: NZ_CP195878.1_|_locus_tag_ACSLFG_RS13785 (identical to NZ_CP190843.1_|_locus_tag_ACP8JA_RS02145) is ignored but added at the end
NOTE: NZ_CP195878.1_|_locus_tag_ACSLFG_RS14360 (identical to NZ_CP190843.1_|_locus_tag_ACP8JA_RS02145) is ignored but added at the end
NOTE: NZ_CP166577.1_|_locus_tag_AB6X62_RS04165 (identical to NZ_CP190843.1_|_locus_tag_ACP8JA_RS02145) is ignored but added at the end
NOTE: NZ_CP166577.1_|_locus_tag_AB6X62_RS13070 (identical to NZ_CP190843.1_|_locus_tag_ACP8JA_RS02145) is ignored but added at the end
NOTE: NZ_CP166575.1_|_locus_tag_AB6X81_RS04150 (identical to NZ_CP190843.1_|_locus_tag_ACP8JA_RS02145) is ignored but added at the end
NOTE: NZ_CP166575.1_|_locus_tag_AB6X81_RS13160 (identical to NZ_CP190843.1_|_locus_tag_ACP8JA_RS02145) is ignored but added at the end
NOTE: NZ_CP166574.1_|_locus_tag_AB6X59_RS10685 (identical to NZ_CP190843.1_|_locus_tag_ACP8JA_RS02145) is ignored but added at the end
NOTE: NZ_CP166573.1_|_locus_tag_AB6X54_RS02440 (identical to NZ_CP190843.1_|_locus_tag_ACP8JA_RS02145) is ignored but added at the end
NOTE: NZ_CP166573.1_|_locus_tag_AB6X54_RS10685 (identical to NZ_CP190843.1_|_locus_tag_ACP8JA_RS02145) is ignored but added at the end
NOTE: NZ_CP166567.1_|_locus_tag_AB6X76_RS02090 (identical to NZ_CP190843.1_|_locus_tag_ACP8JA_RS02145) is ignored but added at the end
NOTE: NZ_CP166565.1_|_locus_tag_AB6X77_RS02080 (identical to NZ_CP190843.1_|_locus_tag_ACP8JA_RS02145) is ignored but added at the end
NOTE: NZ_CP166564.1_|_locus_tag_AB6X84_RS04480 (identical to NZ_CP190843.1_|_locus_tag_ACP8JA_RS02145) is ignored but added at the end
NOTE: NZ_CP166563.1_|_locus_tag_AB6X69_RS02140 (identical to NZ_CP190843.1_|_locus_tag_ACP8JA_RS02145) is ignored but added at the end
NOTE: NZ_CP166563.1_|_locus_tag_AB6X69_RS02395 (identical to NZ_CP190843.1_|_locus_tag_ACP8JA_RS02145) is ignored but added at the end
NOTE: NZ_CP166563.1_|_locus_tag_AB6X69_RS02415 (identical to NZ_CP190843.1_|_locus_tag_ACP8JA_RS02145) is ignored but added at the end
NOTE: NZ_CP166563.1_|_locus_tag_AB6X69_RS09715 (identical to NZ_CP190843.1_|_locus_tag_ACP8JA_RS02145) is ignored but added at the end
NOTE: NZ_CP166563.1_|_locus_tag_AB6X69_RS10835 (identical to NZ_CP190843.1_|_locus_tag_ACP8JA_RS02145) is ignored but added at the end
NOTE: NZ_CP166562.1_|_locus_tag_AB6X56_RS02165 (identical to NZ_CP190843.1_|_locus_tag_ACP8JA_RS02145) is ignored but added at the end
NOTE: NZ_CP166562.1_|_locus_tag_AB6X56_RS10695 (identical to NZ_CP190843.1_|_locus_tag_ACP8JA_RS02145) is ignored but added at the end
NOTE: NZ_CP166559.1_|_locus_tag_AB6X87_RS02485 (identical to NZ_CP190843.1_|_locus_tag_ACP8JA_RS02145) is ignored but added at the end
NOTE: NZ_CP166559.1_|_locus_tag_AB6X87_RS02505 (identical to NZ_CP190843.1_|_locus_tag_ACP8JA_RS02145) is ignored but added at the end
NOTE: NZ_CP166559.1_|_locus_tag_AB6X87_RS10905 (identical to NZ_CP190843.1_|_locus_tag_ACP8JA_RS02145) is ignored but added at the end
NOTE: NZ_CP166561.1_|_locus_tag_AB6X45_RS02165 (identical to NZ_CP190843.1_|_locus_tag_ACP8JA_RS02145) is ignored but added at the end
NOTE: NZ_CP166561.1_|_locus_tag_AB6X45_RS02445 (identical to NZ_CP190843.1_|_locus_tag_ACP8JA_RS02145) is ignored but added at the end
NOTE: NZ_CP166561.1_|_locus_tag_AB6X45_RS10695 (identical to NZ_CP190843.1_|_locus_tag_ACP8JA_RS02145) is ignored but added at the end
NOTE: NZ_CP166557.1_|_locus_tag_AB6X64_RS02485 (identical to NZ_CP190843.1_|_locus_tag_ACP8JA_RS02145) is ignored but added at the end
NOTE: NZ_CP166557.1_|_locus_tag_AB6X64_RS02505 (identical to NZ_CP190843.1_|_locus_tag_ACP8JA_RS02145) is ignored but added at the end
NOTE: NZ_CP166557.1_|_locus_tag_AB6X64_RS10905 (identical to NZ_CP190843.1_|_locus_tag_ACP8JA_RS02145) is ignored but added at the end
NOTE: NZ_CP166555.1_|_locus_tag_AB6X65_RS02485 (identical to NZ_CP190843.1_|_locus_tag_ACP8JA_RS02145) is ignored but added at the end
NOTE: NZ_CP166555.1_|_locus_tag_AB6X65_RS02505 (identical to NZ_CP190843.1_|_locus_tag_ACP8JA_RS02145) is ignored but added at the end
NOTE: NZ_CP166555.1_|_locus_tag_AB6X65_RS10905 (identical to NZ_CP190843.1_|_locus_tag_ACP8JA_RS02145) is ignored but added at the end
NOTE: NZ_CP166552.1_|_locus_tag_AB6X53_RS02580 (identical to NZ_CP190843.1_|_locus_tag_ACP8JA_RS02145) is ignored but added at the end
NOTE: NZ_CP166552.1_|_locus_tag_AB6X53_RS02600 (identical to NZ_CP190843.1_|_locus_tag_ACP8JA_RS02145) is ignored but added at the end
NOTE: NZ_CP166552.1_|_locus_tag_AB6X53_RS11090 (identical to NZ_CP190843.1_|_locus_tag_ACP8JA_RS02145) is ignored but added at the end
NOTE: NZ_CP166551.1_|_locus_tag_AB6X51_RS02710 (identical to NZ_CP190843.1_|_locus_tag_ACP8JA_RS02145) is ignored but added at the end
NOTE: NZ_CP166551.1_|_locus_tag_AB6X51_RS02730 (identical to NZ_CP190843.1_|_locus_tag_ACP8JA_RS02145) is ignored but added at the end
NOTE: NZ_CP166551.1_|_locus_tag_AB6X51_RS11005 (identical to NZ_CP190843.1_|_locus_tag_ACP8JA_RS02145) is ignored but added at the end
NOTE: NZ_CP166551.1_|_locus_tag_AB6X51_RS11575 (identical to NZ_CP190843.1_|_locus_tag_ACP8JA_RS02145) is ignored but added at the end
NOTE: NZ_CP166550.1_|_locus_tag_AB6X85_RS02710 (identical to NZ_CP190843.1_|_locus_tag_ACP8JA_RS02145) is ignored but added at the end
NOTE: NZ_CP166550.1_|_locus_tag_AB6X85_RS02730 (identical to NZ_CP190843.1_|_locus_tag_ACP8JA_RS02145) is ignored but added at the end
NOTE: NZ_CP166550.1_|_locus_tag_AB6X85_RS11030 (identical to NZ_CP190843.1_|_locus_tag_ACP8JA_RS02145) is ignored but added at the end
NOTE: NZ_CP166550.1_|_locus_tag_AB6X85_RS11600 (identical to NZ_CP190843.1_|_locus_tag_ACP8JA_RS02145) is ignored but added at the end
NOTE: NZ_CP166549.1_|_locus_tag_AB6X66_RS02710 (identical to NZ_CP190843.1_|_locus_tag_ACP8JA_RS02145) is ignored but added at the end
NOTE: NZ_CP166549.1_|_locus_tag_AB6X66_RS02730 (identical to NZ_CP190843.1_|_locus_tag_ACP8JA_RS02145) is ignored but added at the end
NOTE: NZ_CP166549.1_|_locus_tag_AB6X66_RS11010 (identical to NZ_CP190843.1_|_locus_tag_ACP8JA_RS02145) is ignored but added at the end
NOTE: NZ_CP166549.1_|_locus_tag_AB6X66_RS11580 (identical to NZ_CP190843.1_|_locus_tag_ACP8JA_RS02145) is ignored but added at the end
NOTE: NZ_CP166547.1_|_locus_tag_AB6X94_RS11620 (identical to NZ_CP190843.1_|_locus_tag_ACP8JA_RS02145) is ignored but added at the end
NOTE: NZ_CP166548.1_|_locus_tag_AB6X44_RS11595 (identical to NZ_CP190843.1_|_locus_tag_ACP8JA_RS02145) is ignored but added at the end
NOTE: NZ_CP166546.1_|_locus_tag_AB6X58_RS02505 (identical to NZ_CP190843.1_|_locus_tag_ACP8JA_RS02145) is ignored but added at the end
NOTE: NZ_CP166546.1_|_locus_tag_AB6X58_RS02760 (identical to NZ_CP190843.1_|_locus_tag_ACP8JA_RS02145) is ignored but added at the end
NOTE: NZ_CP166546.1_|_locus_tag_AB6X58_RS11195 (identical to NZ_CP190843.1_|_locus_tag_ACP8JA_RS02145) is ignored but added at the end
NOTE: NZ_CP166544.1_|_locus_tag_AB6X43_RS02505 (identical to NZ_CP190843.1_|_locus_tag_ACP8JA_RS02145) is ignored but added at the end
NOTE: NZ_CP166544.1_|_locus_tag_AB6X43_RS11580 (identical to NZ_CP190843.1_|_locus_tag_ACP8JA_RS02145) is ignored but added at the end
NOTE: NZ_CP166538.1_|_locus_tag_AB6X71_RS02580 (identical to NZ_CP190843.1_|_locus_tag_ACP8JA_RS02145) is ignored but added at the end
NOTE: NZ_CP166538.1_|_locus_tag_AB6X71_RS02600 (identical to NZ_CP190843.1_|_locus_tag_ACP8JA_RS02145) is ignored but added at the end
NOTE: NZ_CP166538.1_|_locus_tag_AB6X71_RS11090 (identical to NZ_CP190843.1_|_locus_tag_ACP8JA_RS02145) is ignored but added at the end
NOTE: NZ_CP166536.1_|_locus_tag_AB6X61_RS02580 (identical to NZ_CP190843.1_|_locus_tag_ACP8JA_RS02145) is ignored but added at the end
NOTE: NZ_CP166536.1_|_locus_tag_AB6X61_RS02600 (identical to NZ_CP190843.1_|_locus_tag_ACP8JA_RS02145) is ignored but added at the end
NOTE: NZ_CP166536.1_|_locus_tag_AB6X61_RS11090 (identical to NZ_CP190843.1_|_locus_tag_ACP8JA_RS02145) is ignored but added at the end
NOTE: NZ_CP166534.1_|_locus_tag_AB6X48_RS02600 (identical to NZ_CP190843.1_|_locus_tag_ACP8JA_RS02145) is ignored but added at the end
NOTE: NZ_CP166534.1_|_locus_tag_AB6X48_RS11090 (identical to NZ_CP190843.1_|_locus_tag_ACP8JA_RS02145) is ignored but added at the end
NOTE: NZ_CP166533.1_|_locus_tag_AB6X95_RS02160 (identical to NZ_CP190843.1_|_locus_tag_ACP8JA_RS02145) is ignored but added at the end
NOTE: NZ_CP166533.1_|_locus_tag_AB6X95_RS02435 (identical to NZ_CP190843.1_|_locus_tag_ACP8JA_RS02145) is ignored but added at the end
NOTE: NZ_CP166533.1_|_locus_tag_AB6X95_RS10875 (identical to NZ_CP190843.1_|_locus_tag_ACP8JA_RS02145) is ignored but added at the end
NOTE: NZ_CP166533.1_|_locus_tag_AB6X95_RS11450 (identical to NZ_CP190843.1_|_locus_tag_ACP8JA_RS02145) is ignored but added at the end
NOTE: NZ_CP166528.1_|_locus_tag_AB6X57_RS04290 (identical to NZ_CP190843.1_|_locus_tag_ACP8JA_RS02145) is ignored but added at the end
NOTE: NZ_CP166526.1_|_locus_tag_AB6X52_RS02390 (identical to NZ_CP190843.1_|_locus_tag_ACP8JA_RS02145) is ignored but added at the end
NOTE: NZ_CP166526.1_|_locus_tag_AB6X52_RS10720 (identical to NZ_CP190843.1_|_locus_tag_ACP8JA_RS02145) is ignored but added at the end
NOTE: NZ_CP166525.1_|_locus_tag_AB6X74_RS09810 (identical to NZ_CP190843.1_|_locus_tag_ACP8JA_RS02145) is ignored but added at the end
NOTE: NZ_CP166524.1_|_locus_tag_AB6X68_RS02145 (identical to NZ_CP190843.1_|_locus_tag_ACP8JA_RS02145) is ignored but added at the end
NOTE: NZ_CP166524.1_|_locus_tag_AB6X68_RS02420 (identical to NZ_CP190843.1_|_locus_tag_ACP8JA_RS02145) is ignored but added at the end
NOTE: NZ_CP166524.1_|_locus_tag_AB6X68_RS11745 (identical to NZ_CP190843.1_|_locus_tag_ACP8JA_RS02145) is ignored but added at the end
NOTE: NZ_CP166532.1_|_locus_tag_AB6X60_RS02160 (identical to NZ_CP190843.1_|_locus_tag_ACP8JA_RS02145) is ignored but added at the end
NOTE: NZ_CP166532.1_|_locus_tag_AB6X60_RS02435 (identical to NZ_CP190843.1_|_locus_tag_ACP8JA_RS02145) is ignored but added at the end
NOTE: NZ_CP166532.1_|_locus_tag_AB6X60_RS10875 (identical to NZ_CP190843.1_|_locus_tag_ACP8JA_RS02145) is ignored but added at the end
NOTE: NZ_CP166532.1_|_locus_tag_AB6X60_RS11450 (identical to NZ_CP190843.1_|_locus_tag_ACP8JA_RS02145) is ignored but added at the end
NOTE: NZ_CP166522.1_|_locus_tag_AB6X88_RS02375 (identical to NZ_CP190843.1_|_locus_tag_ACP8JA_RS02145) is ignored but added at the end
NOTE: NZ_CP166522.1_|_locus_tag_AB6X88_RS02395 (identical to NZ_CP190843.1_|_locus_tag_ACP8JA_RS02145) is ignored but added at the end
NOTE: NZ_CP166522.1_|_locus_tag_AB6X88_RS10725 (identical to NZ_CP190843.1_|_locus_tag_ACP8JA_RS02145) is ignored but added at the end
NOTE: NZ_CP166520.1_|_locus_tag_AB6X83_RS02400 (identical to NZ_CP190843.1_|_locus_tag_ACP8JA_RS02145) is ignored but added at the end
NOTE: NZ_CP166520.1_|_locus_tag_AB6X83_RS10735 (identical to NZ_CP190843.1_|_locus_tag_ACP8JA_RS02145) is ignored but added at the end
NOTE: NZ_CP166515.1_|_locus_tag_AB6X90_RS02895 (identical to NZ_CP190843.1_|_locus_tag_ACP8JA_RS02145) is ignored but added at the end
NOTE: NZ_CP166515.1_|_locus_tag_AB6X90_RS03945 (identical to NZ_CP190843.1_|_locus_tag_ACP8JA_RS02145) is ignored but added at the end
NOTE: NZ_CP166514.1_|_locus_tag_AB6X72_RS02900 (identical to NZ_CP190843.1_|_locus_tag_ACP8JA_RS02145) is ignored but added at the end
NOTE: NZ_CP166514.1_|_locus_tag_AB6X72_RS03950 (identical to NZ_CP190843.1_|_locus_tag_ACP8JA_RS02145) is ignored but added at the end
NOTE: NZ_CP166509.1_|_locus_tag_AB6X63_RS11420 (identical to NZ_CP190843.1_|_locus_tag_ACP8JA_RS02145) is ignored but added at the end
NOTE: NZ_CP166507.1_|_locus_tag_AB6X50_RS11410 (identical to NZ_CP190843.1_|_locus_tag_ACP8JA_RS02145) is ignored but added at the end
NOTE: NZ_CP166506.1_|_locus_tag_AB6X78_RS11620 (identical to NZ_CP190843.1_|_locus_tag_ACP8JA_RS02145) is ignored but added at the end
NOTE: NZ_CP092999.1_|_locus_tag_MM174_RS04800 (identical to NZ_CP190843.1_|_locus_tag_ACP8JA_RS02145) is ignored but added at the end
NOTE: NZ_CP092999.1_|_locus_tag_MM174_RS04820 (identical to NZ_CP190843.1_|_locus_tag_ACP8JA_RS02145) is ignored but added at the end
NOTE: NZ_CP092999.1_|_locus_tag_MM174_RS05080 (identical to NZ_CP190843.1_|_locus_tag_ACP8JA_RS02145) is ignored but added at the end
NOTE: NZ_CP092999.1_|_locus_tag_MM174_RS10490 (identical to NZ_CP190843.1_|_locus_tag_ACP8JA_RS02145) is ignored but added at the end
NOTE: NZ_CP092999.1_|_locus_tag_MM174_RS11135 (identical to NZ_CP190843.1_|_locus_tag_ACP8JA_RS02145) is ignored but added at the end
NOTE: NZ_CP092999.1_|_locus_tag_MM174_RS11785 (identical to NZ_CP190843.1_|_locus_tag_ACP8JA_RS02145) is ignored but added at the end
NOTE: NZ_OY725415.1_|_locus_tag_AC1U0L_RS00035 (identical to NZ_CP190843.1_|_locus_tag_ACP8JA_RS02145) is ignored but added at the end
NOTE: NZ_OY725415.1_|_locus_tag_AC1U0L_RS00290 (identical to NZ_CP190843.1_|_locus_tag_ACP8JA_RS02145) is ignored but added at the end
NOTE: NZ_OY725415.1_|_locus_tag_AC1U0L_RS05270 (identical to NZ_CP190843.1_|_locus_tag_ACP8JA_RS02145) is ignored but added at the end
NOTE: NZ_CP182574.1_|_locus_tag_ACNFVN_RS02165 (identical to NZ_CP190843.1_|_locus_tag_ACP8JA_RS02145) is ignored but added at the end
NOTE: NZ_CP182574.1_|_locus_tag_ACNFVN_RS02420 (identical to NZ_CP190843.1_|_locus_tag_ACP8JA_RS02145) is ignored but added at the end
NOTE: NZ_CP182574.1_|_locus_tag_ACNFVN_RS10340 (identical to NZ_CP190843.1_|_locus_tag_ACP8JA_RS02145) is ignored but added at the end
NOTE: NZ_CP182574.1_|_locus_tag_ACNFVN_RS10905 (identical to NZ_CP190843.1_|_locus_tag_ACP8JA_RS02145) is ignored but added at the end
NOTE: NZ_AP041589.1_|_locus_tag_ACZ50H_RS02280 (identical to NZ_CP190843.1_|_locus_tag_ACP8JA_RS02145) is ignored but added at the end
NOTE: NZ_AP041589.1_|_locus_tag_ACZ50H_RS02555 (identical to NZ_CP190843.1_|_locus_tag_ACP8JA_RS02145) is ignored but added at the end
NOTE: NZ_AP041589.1_|_locus_tag_ACZ50H_RS10990 (identical to NZ_CP190843.1_|_locus_tag_ACP8JA_RS02145) is ignored but added at the end
NOTE: NZ_AP040284.1_|_locus_tag_ACZ35Y_RS11110 (identical to NZ_CP190843.1_|_locus_tag_ACP8JA_RS02145) is ignored but added at the end
NOTE: NZ_AP040285.1_|_locus_tag_ACZ5U7_RS02440 (identical to NZ_CP190843.1_|_locus_tag_ACP8JA_RS02145) is ignored but added at the end
NOTE: NZ_AP040286.1_|_locus_tag_ACZ354_RS02470 (identical to NZ_CP190843.1_|_locus_tag_ACP8JA_RS02145) is ignored but added at the end
NOTE: NZ_AP040286.1_|_locus_tag_ACZ354_RS10705 (identical to NZ_CP190843.1_|_locus_tag_ACP8JA_RS02145) is ignored but added at the end
NOTE: NZ_AP040287.1_|_locus_tag_ACZ5SG_RS02655 (identical to NZ_CP190843.1_|_locus_tag_ACP8JA_RS02145) is ignored but added at the end
NOTE: NZ_AP040287.1_|_locus_tag_ACZ5SG_RS11010 (identical to NZ_CP190843.1_|_locus_tag_ACP8JA_RS02145) is ignored but added at the end
NOTE: NZ_AP040288.1_|_locus_tag_ACZ5SY_RS02555 (identical to NZ_CP190843.1_|_locus_tag_ACP8JA_RS02145) is ignored but added at the end
NOTE: NZ_AP040291.1_|_locus_tag_ACZ5SD_RS02555 (identical to NZ_CP190843.1_|_locus_tag_ACP8JA_RS02145) is ignored but added at the end
NOTE: NZ_AP040293.1_|_locus_tag_ACZ5R0_RS02545 (identical to NZ_CP190843.1_|_locus_tag_ACP8JA_RS02145) is ignored but added at the end
NOTE: NZ_AP041587.1_|_locus_tag_ACZ5QC_RS02195 (identical to NZ_CP190843.1_|_locus_tag_ACP8JA_RS02145) is ignored but added at the end
NOTE: NZ_AP041587.1_|_locus_tag_ACZ5QC_RS11195 (identical to NZ_CP190843.1_|_locus_tag_ACP8JA_RS02145) is ignored but added at the end
NOTE: NZ_AP040295.1_|_locus_tag_ACZ5QS_RS02565 (identical to NZ_CP190843.1_|_locus_tag_ACP8JA_RS02145) is ignored but added at the end
NOTE: NZ_AP040296.1_|_locus_tag_ACZ5PY_RS02545 (identical to NZ_CP190843.1_|_locus_tag_ACP8JA_RS02145) is ignored but added at the end
NOTE: NZ_AP040298.1_|_locus_tag_ACZ5PR_RS02245 (identical to NZ_CP190843.1_|_locus_tag_ACP8JA_RS02145) is ignored but added at the end
NOTE: NZ_AP044060.1_|_locus_tag_ACZ5OM_RS02320 (identical to NZ_CP190843.1_|_locus_tag_ACP8JA_RS02145) is ignored but added at the end
NOTE: NZ_AP044062.1_|_locus_tag_ACZ5K1_RS02035 (identical to NZ_CP190843.1_|_locus_tag_ACP8JA_RS02145) is ignored but added at the end
NOTE: NZ_AP044062.1_|_locus_tag_ACZ5K1_RS11185 (identical to NZ_CP190843.1_|_locus_tag_ACP8JA_RS02145) is ignored but added at the end
NOTE: NZ_AP041610.1_|_locus_tag_ACZ5IF_RS02375 (identical to NZ_CP190843.1_|_locus_tag_ACP8JA_RS02145) is ignored but added at the end
NOTE: NZ_AP041610.1_|_locus_tag_ACZ5IF_RS02630 (identical to NZ_CP190843.1_|_locus_tag_ACP8JA_RS02145) is ignored but added at the end
NOTE: NZ_AP041610.1_|_locus_tag_ACZ5IF_RS02645 (identical to NZ_CP190843.1_|_locus_tag_ACP8JA_RS02145) is ignored but added at the end
NOTE: NZ_AP041610.1_|_locus_tag_ACZ5IF_RS09485 (identical to NZ_CP190843.1_|_locus_tag_ACP8JA_RS02145) is ignored but added at the end
NOTE: NZ_AP041610.1_|_locus_tag_ACZ5IF_RS10550 (identical to NZ_CP190843.1_|_locus_tag_ACP8JA_RS02145) is ignored but added at the end
NOTE: NZ_AP041610.1_|_locus_tag_ACZ5IF_RS11125 (identical to NZ_CP190843.1_|_locus_tag_ACP8JA_RS02145) is ignored but added at the end
NOTE: NZ_AP043700.1_|_locus_tag_ACZ49O_RS09805 (identical to NZ_CP190843.1_|_locus_tag_ACP8JA_RS02145) is ignored but added at the end
NOTE: NZ_AP043709.1_|_locus_tag_ACZ471_RS05855 (identical to NZ_CP190843.1_|_locus_tag_ACP8JA_RS02145) is ignored but added at the end
NOTE: NZ_AP043709.1_|_locus_tag_ACZ471_RS06420 (identical to NZ_CP190843.1_|_locus_tag_ACP8JA_RS02145) is ignored but added at the end
NOTE: NZ_AP043709.1_|_locus_tag_ACZ471_RS11400 (identical to NZ_CP190843.1_|_locus_tag_ACP8JA_RS02145) is ignored but added at the end
NOTE: NZ_AP043709.1_|_locus_tag_ACZ471_RS11655 (identical to NZ_CP190843.1_|_locus_tag_ACP8JA_RS02145) is ignored but added at the end
NOTE: NZ_AP043709.1_|_locus_tag_ACZ471_RS12330 (identical to NZ_CP190843.1_|_locus_tag_ACP8JA_RS02145) is ignored but added at the end
NOTE: NZ_AP044063.1_|_locus_tag_ACZ41Y_RS11065 (identical to NZ_CP190843.1_|_locus_tag_ACP8JA_RS02145) is ignored but added at the end
NOTE: NZ_AP040133.1_|_locus_tag_ACZ435_RS02265 (identical to NZ_CP190843.1_|_locus_tag_ACP8JA_RS02145) is ignored but added at the end
NOTE: NZ_CP180165.1_|_locus_tag_ACMTNW_RS02695 (identical to NZ_CP190843.1_|_locus_tag_ACP8JA_RS02145) is ignored but added at the end
NOTE: NZ_CP180165.1_|_locus_tag_ACMTNW_RS11615 (identical to NZ_CP190843.1_|_locus_tag_ACP8JA_RS02145) is ignored but added at the end
NOTE: NZ_CP142805.1_|_locus_tag_VW781_RS02195 (identical to NZ_CP190843.1_|_locus_tag_ACP8JA_RS02145) is ignored but added at the end
NOTE: NZ_CP142805.1_|_locus_tag_VW781_RS09555 (identical to NZ_CP190843.1_|_locus_tag_ACP8JA_RS02145) is ignored but added at the end
NOTE: NZ_CP142805.1_|_locus_tag_VW781_RS10660 (identical to NZ_CP190843.1_|_locus_tag_ACP8JA_RS02145) is ignored but added at the end
NOTE: NZ_CP142804.1_|_locus_tag_VW782_RS02870 (identical to NZ_CP190843.1_|_locus_tag_ACP8JA_RS02145) is ignored but added at the end
NOTE: NZ_CP142804.1_|_locus_tag_VW782_RS11040 (identical to NZ_CP190843.1_|_locus_tag_ACP8JA_RS02145) is ignored but added at the end
NOTE: NZ_CP142804.1_|_locus_tag_VW782_RS11060 (identical to NZ_CP190843.1_|_locus_tag_ACP8JA_RS02145) is ignored but added at the end
NOTE: NZ_CP142803.1_|_locus_tag_VW783_RS02380 (identical to NZ_CP190843.1_|_locus_tag_ACP8JA_RS02145) is ignored but added at the end
NOTE: NZ_CP142803.1_|_locus_tag_VW783_RS02640 (identical to NZ_CP190843.1_|_locus_tag_ACP8JA_RS02145) is ignored but added at the end
NOTE: NZ_CP142803.1_|_locus_tag_VW783_RS02950 (identical to NZ_CP190843.1_|_locus_tag_ACP8JA_RS02145) is ignored but added at the end
NOTE: NZ_CP142803.1_|_locus_tag_VW783_RS03525 (identical to NZ_CP190843.1_|_locus_tag_ACP8JA_RS02145) is ignored but added at the end
NOTE: NZ_CP087451.1_|_locus_tag_LPA74_RS02815 (identical to NZ_CP190843.1_|_locus_tag_ACP8JA_RS02145) is ignored but added at the end
NOTE: NZ_CP087449.1_|_locus_tag_LPB34_RS02825 (identical to NZ_CP190843.1_|_locus_tag_ACP8JA_RS02145) is ignored but added at the end
NOTE: NZ_CP087447.1_|_locus_tag_LPB22_RS02820 (identical to NZ_CP190843.1_|_locus_tag_ACP8JA_RS02145) is ignored but added at the end
NOTE: NZ_CP087446.1_|_locus_tag_LPB37_RS02270 (identical to NZ_CP190843.1_|_locus_tag_ACP8JA_RS02145) is ignored but added at the end
NOTE: NZ_CP087442.1_|_locus_tag_LPB05_RS02250 (identical to NZ_CP190843.1_|_locus_tag_ACP8JA_RS02145) is ignored but added at the end
NOTE: NZ_CP087444.1_|_locus_tag_LPB14_RS10785 (identical to NZ_CP190843.1_|_locus_tag_ACP8JA_RS02145) is ignored but added at the end
NOTE: NZ_CP087441.1_|_locus_tag_LPA95_RS02260 (identical to NZ_CP190843.1_|_locus_tag_ACP8JA_RS02145) is ignored but added at the end
NOTE: NZ_CP087439.1_|_locus_tag_LPB17_RS02265 (identical to NZ_CP190843.1_|_locus_tag_ACP8JA_RS02145) is ignored but added at the end
NOTE: NZ_CP087435.1_|_locus_tag_LPA64_RS02290 (identical to NZ_CP190843.1_|_locus_tag_ACP8JA_RS02145) is ignored but added at the end
NOTE: NZ_CP087433.1_|_locus_tag_LPB12_RS02280 (identical to NZ_CP190843.1_|_locus_tag_ACP8JA_RS02145) is ignored but added at the end
NOTE: NZ_CP087432.1_|_locus_tag_LPA89_RS02290 (identical to NZ_CP190843.1_|_locus_tag_ACP8JA_RS02145) is ignored but added at the end
NOTE: NZ_CP087431.1_|_locus_tag_LPA96_RS02300 (identical to NZ_CP190843.1_|_locus_tag_ACP8JA_RS02145) is ignored but added at the end
NOTE: NZ_CP087429.1_|_locus_tag_LPA92_RS02280 (identical to NZ_CP190843.1_|_locus_tag_ACP8JA_RS02145) is ignored but added at the end
NOTE: NZ_CP087428.1_|_locus_tag_LPB40_RS02280 (identical to NZ_CP190843.1_|_locus_tag_ACP8JA_RS02145) is ignored but added at the end
NOTE: NZ_CP093064.1_|_locus_tag_MMZ60_RS02545 (identical to NZ_CP190843.1_|_locus_tag_ACP8JA_RS02145) is ignored but added at the end
NOTE: NZ_CP093064.1_|_locus_tag_MMZ60_RS02565 (identical to NZ_CP190843.1_|_locus_tag_ACP8JA_RS02145) is ignored but added at the end
NOTE: NZ_CP093064.1_|_locus_tag_MMZ60_RS11305 (identical to NZ_CP190843.1_|_locus_tag_ACP8JA_RS02145) is ignored but added at the end
NOTE: NZ_CP093064.1_|_locus_tag_MMZ60_RS11950 (identical to NZ_CP190843.1_|_locus_tag_ACP8JA_RS02145) is ignored but added at the end
NOTE: NZ_CP199774.1_|_locus_tag_ACUHZX_RS01085 (identical to NZ_CP190843.1_|_locus_tag_ACP8JA_RS02145) is ignored but added at the end
NOTE: NZ_CP199774.1_|_locus_tag_ACUHZX_RS01105 (identical to NZ_CP190843.1_|_locus_tag_ACP8JA_RS02145) is ignored but added at the end
NOTE: NZ_CP199774.1_|_locus_tag_ACUHZX_RS07785 (identical to NZ_CP190843.1_|_locus_tag_ACP8JA_RS02145) is ignored but added at the end
NOTE: NZ_CP199774.1_|_locus_tag_ACUHZX_RS08955 (identical to NZ_CP190843.1_|_locus_tag_ACP8JA_RS02145) is ignored but added at the end
NOTE: NZ_CP190357.1_|_locus_tag_N3P47_RS11670 (identical to NZ_CP190843.1_|_locus_tag_ACP8JA_RS02145) is ignored but added at the end
NOTE: NZ_CP085310.1_|_locus_tag_K1375_RS04800 (identical to NZ_CP190843.1_|_locus_tag_ACP8JA_RS02145) is ignored but added at the end
NOTE: NZ_CP085310.1_|_locus_tag_K1375_RS04820 (identical to NZ_CP190843.1_|_locus_tag_ACP8JA_RS02145) is ignored but added at the end
NOTE: NZ_CP085310.1_|_locus_tag_K1375_RS05075 (identical to NZ_CP190843.1_|_locus_tag_ACP8JA_RS02145) is ignored but added at the end
NOTE: NZ_CP085310.1_|_locus_tag_K1375_RS10700 (identical to NZ_CP190843.1_|_locus_tag_ACP8JA_RS02145) is ignored but added at the end
NOTE: NZ_CP085310.1_|_locus_tag_K1375_RS11345 (identical to NZ_CP190843.1_|_locus_tag_ACP8JA_RS02145) is ignored but added at the end
NOTE: NZ_CP085310.1_|_locus_tag_K1375_RS12040 (identical to NZ_CP190843.1_|_locus_tag_ACP8JA_RS02145) is ignored but added at the end
NOTE: NZ_CP085313.1_|_locus_tag_K1374_RS00820 (identical to NZ_CP190843.1_|_locus_tag_ACP8JA_RS02145) is ignored but added at the end
NOTE: NZ_CP085313.1_|_locus_tag_K1374_RS01075 (identical to NZ_CP190843.1_|_locus_tag_ACP8JA_RS02145) is ignored but added at the end
NOTE: NZ_CP085313.1_|_locus_tag_K1374_RS01095 (identical to NZ_CP190843.1_|_locus_tag_ACP8JA_RS02145) is ignored but added at the end
NOTE: NZ_CP085313.1_|_locus_tag_K1374_RS07755 (identical to NZ_CP190843.1_|_locus_tag_ACP8JA_RS02145) is ignored but added at the end
NOTE: NZ_CP085313.1_|_locus_tag_K1374_RS08445 (identical to NZ_CP190843.1_|_locus_tag_ACP8JA_RS02145) is ignored but added at the end
NOTE: NZ_CP085313.1_|_locus_tag_K1374_RS09085 (identical to NZ_CP190843.1_|_locus_tag_ACP8JA_RS02145) is ignored but added at the end
NOTE: NZ_CP199996.1_|_locus_tag_ACUBUE_RS02360 (identical to NZ_CP190843.1_|_locus_tag_ACP8JA_RS02145) is ignored but added at the end
NOTE: NZ_CP199996.1_|_locus_tag_ACUBUE_RS10725 (identical to NZ_CP190843.1_|_locus_tag_ACP8JA_RS02145) is ignored but added at the end
NOTE: NZ_CP166865.1_|_locus_tag_ACA498_RS02145 (identical to NZ_CP190843.1_|_locus_tag_ACP8JA_RS02145) is ignored but added at the end
NOTE: NZ_CP166865.1_|_locus_tag_ACA498_RS10920 (identical to NZ_CP190843.1_|_locus_tag_ACP8JA_RS02145) is ignored but added at the end
NOTE: NZ_CP166864.1_|_locus_tag_ACA495_RS02145 (identical to NZ_CP190843.1_|_locus_tag_ACP8JA_RS02145) is ignored but added at the end
NOTE: NZ_CP166864.1_|_locus_tag_ACA495_RS02410 (identical to NZ_CP190843.1_|_locus_tag_ACP8JA_RS02145) is ignored but added at the end
NOTE: NZ_CP166864.1_|_locus_tag_ACA495_RS11660 (identical to NZ_CP190843.1_|_locus_tag_ACP8JA_RS02145) is ignored but added at the end
NOTE: NZ_CP166863.1_|_locus_tag_ACA494_RS02175 (identical to NZ_CP190843.1_|_locus_tag_ACP8JA_RS02145) is ignored but added at the end
NOTE: NZ_CP166863.1_|_locus_tag_ACA494_RS02430 (identical to NZ_CP190843.1_|_locus_tag_ACP8JA_RS02145) is ignored but added at the end
NOTE: NZ_CP166863.1_|_locus_tag_ACA494_RS11610 (identical to NZ_CP190843.1_|_locus_tag_ACP8JA_RS02145) is ignored but added at the end
NOTE: NZ_CP166862.1_|_locus_tag_ACA493_RS02150 (identical to NZ_CP190843.1_|_locus_tag_ACP8JA_RS02145) is ignored but added at the end
NOTE: NZ_CP166862.1_|_locus_tag_ACA493_RS02405 (identical to NZ_CP190843.1_|_locus_tag_ACP8JA_RS02145) is ignored but added at the end
NOTE: NZ_CP166862.1_|_locus_tag_ACA493_RS02425 (identical to NZ_CP190843.1_|_locus_tag_ACP8JA_RS02145) is ignored but added at the end
NOTE: NZ_CP166862.1_|_locus_tag_ACA493_RS10580 (identical to NZ_CP190843.1_|_locus_tag_ACP8JA_RS02145) is ignored but added at the end
NOTE: NZ_CP166861.1_|_locus_tag_ACA499_RS02150 (identical to NZ_CP190843.1_|_locus_tag_ACP8JA_RS02145) is ignored but added at the end
NOTE: NZ_CP166861.1_|_locus_tag_ACA499_RS11030 (identical to NZ_CP190843.1_|_locus_tag_ACP8JA_RS02145) is ignored but added at the end
NOTE: NZ_CP166860.1_|_locus_tag_ACA497_RS02285 (identical to NZ_CP190843.1_|_locus_tag_ACP8JA_RS02145) is ignored but added at the end
NOTE: NZ_CP166859.1_|_locus_tag_ACA486_RS02235 (identical to NZ_CP190843.1_|_locus_tag_ACP8JA_RS02145) is ignored but added at the end
NOTE: NZ_CP166859.1_|_locus_tag_ACA486_RS02490 (identical to NZ_CP190843.1_|_locus_tag_ACP8JA_RS02145) is ignored but added at the end
NOTE: NZ_CP166859.1_|_locus_tag_ACA486_RS12075 (identical to NZ_CP190843.1_|_locus_tag_ACP8JA_RS02145) is ignored but added at the end
NOTE: NZ_CP166858.1_|_locus_tag_ACA496_RS02705 (identical to NZ_CP190843.1_|_locus_tag_ACP8JA_RS02145) is ignored but added at the end
NOTE: NZ_CP166858.1_|_locus_tag_ACA496_RS02725 (identical to NZ_CP190843.1_|_locus_tag_ACP8JA_RS02145) is ignored but added at the end
NOTE: NZ_CP166857.1_|_locus_tag_ACA491_RS14035 (identical to NZ_CP190843.1_|_locus_tag_ACP8JA_RS02145) is ignored but added at the end
NOTE: NZ_CP166856.1_|_locus_tag_ACA490_RS02665 (identical to NZ_CP190843.1_|_locus_tag_ACP8JA_RS02145) is ignored but added at the end
NOTE: NZ_CP166856.1_|_locus_tag_ACA490_RS02685 (identical to NZ_CP190843.1_|_locus_tag_ACP8JA_RS02145) is ignored but added at the end
NOTE: NZ_CP166855.1_|_locus_tag_ACA488_RS02540 (identical to NZ_CP190843.1_|_locus_tag_ACP8JA_RS02145) is ignored but added at the end
NOTE: NZ_CP166855.1_|_locus_tag_ACA488_RS02560 (identical to NZ_CP190843.1_|_locus_tag_ACP8JA_RS02145) is ignored but added at the end
NOTE: NZ_CP166854.1_|_locus_tag_ACA487_RS02540 (identical to NZ_CP190843.1_|_locus_tag_ACP8JA_RS02145) is ignored but added at the end
NOTE: NZ_CP166854.1_|_locus_tag_ACA487_RS02560 (identical to NZ_CP190843.1_|_locus_tag_ACP8JA_RS02145) is ignored but added at the end
NOTE: NZ_CP166853.1_|_locus_tag_ACA492_RS02540 (identical to NZ_CP190843.1_|_locus_tag_ACP8JA_RS02145) is ignored but added at the end
NOTE: NZ_CP166852.1_|_locus_tag_ACA489_RS02660 (identical to NZ_CP190843.1_|_locus_tag_ACP8JA_RS02145) is ignored but added at the end
NOTE: NZ_CP166852.1_|_locus_tag_ACA489_RS02680 (identical to NZ_CP190843.1_|_locus_tag_ACP8JA_RS02145) is ignored but added at the end
NOTE: NZ_CP195881.1_|_locus_tag_ACSNDX_RS00955 (identical to NZ_CP190843.1_|_locus_tag_ACP8JA_RS02145) is ignored but added at the end
NOTE: NZ_CP195881.1_|_locus_tag_ACSNDX_RS13795 (identical to NZ_CP190843.1_|_locus_tag_ACP8JA_RS02145) is ignored but added at the end
NOTE: NZ_CP087451.1_|_locus_tag_LPA74_RS11520 (identical to NZ_CP166516.1_|_locus_tag_AB6X47_RS04555) is ignored but added at the end
NOTE: NZ_CP087449.1_|_locus_tag_LPB34_RS11085 (identical to NZ_CP166516.1_|_locus_tag_AB6X47_RS04555) is ignored but added at the end
NOTE: NZ_CP166548.1_|_locus_tag_AB6X44_RS04565 (identical to NZ_CP166554.1_|_locus_tag_AB6X89_RS03780) is ignored but added at the end
NOTE: NZ_CP166538.1_|_locus_tag_AB6X71_RS10525 (identical to NZ_CP166554.1_|_locus_tag_AB6X89_RS03780) is ignored but added at the end
NOTE: NZ_CP166536.1_|_locus_tag_AB6X61_RS10525 (identical to NZ_CP166554.1_|_locus_tag_AB6X89_RS03780) is ignored but added at the end
NOTE: NZ_CP166509.1_|_locus_tag_AB6X63_RS04555 (identical to NZ_CP166554.1_|_locus_tag_AB6X89_RS03780) is ignored but added at the end
NOTE: NZ_CP166507.1_|_locus_tag_AB6X50_RS04550 (identical to NZ_CP166554.1_|_locus_tag_AB6X89_RS03780) is ignored but added at the end
NOTE: NZ_CP166506.1_|_locus_tag_AB6X78_RS04575 (identical to NZ_CP166554.1_|_locus_tag_AB6X89_RS03780) is ignored but added at the end
NOTE: NZ_AP040286.1_|_locus_tag_ACZ354_RS10140 (identical to NZ_CP166554.1_|_locus_tag_AB6X89_RS03780) is ignored but added at the end
NOTE: NZ_CP142804.1_|_locus_tag_VW782_RS03435 (identical to NZ_CP166554.1_|_locus_tag_AB6X89_RS03780) is ignored but added at the end
NOTE: NZ_CP190357.1_|_locus_tag_N3P47_RS02660 (identical to NZ_CP166554.1_|_locus_tag_AB6X89_RS03780) is ignored but added at the end
NOTE: NZ_CP190357.1_|_locus_tag_N3P47_RS09990 (identical to NZ_CP166554.1_|_locus_tag_AB6X89_RS03780) is ignored but added at the end
NOTE: NZ_CP190357.1_|_locus_tag_N3P47_RS11105 (identical to NZ_CP166554.1_|_locus_tag_AB6X89_RS03780) is ignored but added at the end
NOTE: NZ_CP199996.1_|_locus_tag_ACUBUE_RS10160 (identical to NZ_CP166554.1_|_locus_tag_AB6X89_RS03780) is ignored but added at the end
NOTE: NZ_AP040293.1_|_locus_tag_ACZ5R0_RS10940 (identical to NZ_AP040285.1_|_locus_tag_ACZ5U7_RS10490) is ignored but added at the end
NOTE: NZ_AP040295.1_|_locus_tag_ACZ5QS_RS10615 (identical to NZ_AP040285.1_|_locus_tag_ACZ5U7_RS10490) is ignored but added at the end
NOTE: NZ_AP040296.1_|_locus_tag_ACZ5PY_RS10930 (identical to NZ_AP040285.1_|_locus_tag_ACZ5U7_RS10490) is ignored but added at the end
NOTE: NZ_AP040298.1_|_locus_tag_ACZ5PR_RS10265 (identical to NZ_AP040285.1_|_locus_tag_ACZ5U7_RS10490) is ignored but added at the end
NOTE: NZ_AP040301.1_|_locus_tag_ACZ5OL_RS10925 (identical to NZ_AP040285.1_|_locus_tag_ACZ5U7_RS10490) is ignored but added at the end
NOTE: NZ_CP166864.1_|_locus_tag_ACA495_RS09400 (identical to NZ_CP166546.1_|_locus_tag_AB6X58_RS09310) is ignored but added at the end
NOTE: NZ_CP166861.1_|_locus_tag_ACA499_RS09050 (identical to NZ_CP166546.1_|_locus_tag_AB6X58_RS09310) is ignored but added at the end
NOTE: NZ_CP166865.1_|_locus_tag_ACA498_RS10375 (identical to NZ_CP166546.1_|_locus_tag_AB6X58_RS10650) is ignored but added at the end
NOTE: NZ_CP166861.1_|_locus_tag_ACA499_RS10485 (identical to NZ_CP166546.1_|_locus_tag_AB6X58_RS10650) is ignored but added at the end
NOTE: NZ_CP166860.1_|_locus_tag_ACA497_RS10965 (identical to NZ_CP166546.1_|_locus_tag_AB6X58_RS10650) is ignored but added at the end
NOTE: NZ_CP166860.1_|_locus_tag_ACA497_RS11510 (identical to NZ_CP166546.1_|_locus_tag_AB6X58_RS10650) is ignored but added at the end
NOTE: NZ_CP166858.1_|_locus_tag_ACA496_RS10965 (identical to NZ_CP166546.1_|_locus_tag_AB6X58_RS10650) is ignored but added at the end
NOTE: NZ_CP166857.1_|_locus_tag_ACA491_RS05400 (identical to NZ_CP166546.1_|_locus_tag_AB6X58_RS10650) is ignored but added at the end
NOTE: NZ_CP166856.1_|_locus_tag_ACA490_RS10635 (identical to NZ_CP166546.1_|_locus_tag_AB6X58_RS10650) is ignored but added at the end
NOTE: NZ_CP166855.1_|_locus_tag_ACA488_RS11610 (identical to NZ_CP166546.1_|_locus_tag_AB6X58_RS10650) is ignored but added at the end
NOTE: NZ_CP166854.1_|_locus_tag_ACA487_RS10850 (identical to NZ_CP166546.1_|_locus_tag_AB6X58_RS10650) is ignored but added at the end
NOTE: NZ_CP166853.1_|_locus_tag_ACA492_RS10460 (identical to NZ_CP166546.1_|_locus_tag_AB6X58_RS10650) is ignored but added at the end
NOTE: NZ_CP166852.1_|_locus_tag_ACA489_RS10740 (identical to NZ_CP166546.1_|_locus_tag_AB6X58_RS10650) is ignored but added at the end
NOTE: NZ_AP044063.1_|_locus_tag_ACZ41Y_RS02345 (identical to NZ_AP044060.1_|_locus_tag_ACZ5OM_RS02305) is ignored but added at the end
NOTE: NZ_AP040291.1_|_locus_tag_ACZ5SD_RS02280 (identical to NZ_AP040285.1_|_locus_tag_ACZ5U7_RS02165) is ignored but added at the end
NOTE: NZ_AP040293.1_|_locus_tag_ACZ5R0_RS02270 (identical to NZ_AP040285.1_|_locus_tag_ACZ5U7_RS02165) is ignored but added at the end
NOTE: NZ_AP040295.1_|_locus_tag_ACZ5QS_RS02290 (identical to NZ_AP040285.1_|_locus_tag_ACZ5U7_RS02165) is ignored but added at the end
NOTE: NZ_AP040296.1_|_locus_tag_ACZ5PY_RS02270 (identical to NZ_AP040285.1_|_locus_tag_ACZ5U7_RS02165) is ignored but added at the end
NOTE: NZ_AP040298.1_|_locus_tag_ACZ5PR_RS01970 (identical to NZ_AP040285.1_|_locus_tag_ACZ5U7_RS02165) is ignored but added at the end
NOTE: NZ_AP040301.1_|_locus_tag_ACZ5OL_RS02280 (identical to NZ_AP040285.1_|_locus_tag_ACZ5U7_RS02165) is ignored but added at the end
NOTE: NZ_CP191048.1_|_locus_tag_ACP8IJ_RS02320 (identical to NZ_CP191061.1_|_locus_tag_ACP8KY_RS10180) is ignored but added at the end
NOTE: NZ_CP191048.1_|_locus_tag_ACP8IJ_RS09545 (identical to NZ_CP191061.1_|_locus_tag_ACP8KY_RS10180) is ignored but added at the end
NOTE: NZ_CP191048.1_|_locus_tag_ACP8IJ_RS10240 (identical to NZ_CP191061.1_|_locus_tag_ACP8KY_RS10180) is ignored but added at the end
NOTE: NZ_CP191048.1_|_locus_tag_ACP8IJ_RS10795 (identical to NZ_CP191061.1_|_locus_tag_ACP8KY_RS10180) is ignored but added at the end
NOTE: NZ_CP191047.1_|_locus_tag_ACP8LQ_RS02065 (identical to NZ_CP191061.1_|_locus_tag_ACP8KY_RS10180) is ignored but added at the end
NOTE: NZ_CP191047.1_|_locus_tag_ACP8LQ_RS02320 (identical to NZ_CP191061.1_|_locus_tag_ACP8KY_RS10180) is ignored but added at the end
NOTE: NZ_CP191047.1_|_locus_tag_ACP8LQ_RS09865 (identical to NZ_CP191061.1_|_locus_tag_ACP8KY_RS10180) is ignored but added at the end
NOTE: NZ_CP191047.1_|_locus_tag_ACP8LQ_RS10560 (identical to NZ_CP191061.1_|_locus_tag_ACP8KY_RS10180) is ignored but added at the end
NOTE: NZ_CP191047.1_|_locus_tag_ACP8LQ_RS11115 (identical to NZ_CP191061.1_|_locus_tag_ACP8KY_RS10180) is ignored but added at the end
NOTE: NZ_CP166574.1_|_locus_tag_AB6X59_RS10125 (identical to NZ_CP191061.1_|_locus_tag_ACP8KY_RS10180) is ignored but added at the end
NOTE: NZ_CP166571.1_|_locus_tag_AB6X92_RS02145 (identical to NZ_CP191061.1_|_locus_tag_ACP8KY_RS10180) is ignored but added at the end
NOTE: NZ_CP166571.1_|_locus_tag_AB6X92_RS10570 (identical to NZ_CP191061.1_|_locus_tag_ACP8KY_RS10180) is ignored but added at the end
NOTE: NZ_CP166573.1_|_locus_tag_AB6X54_RS10125 (identical to NZ_CP191061.1_|_locus_tag_ACP8KY_RS10180) is ignored but added at the end
NOTE: NZ_CP166569.1_|_locus_tag_AB6X75_RS02140 (identical to NZ_CP191061.1_|_locus_tag_ACP8KY_RS10180) is ignored but added at the end
NOTE: NZ_CP166569.1_|_locus_tag_AB6X75_RS10565 (identical to NZ_CP191061.1_|_locus_tag_ACP8KY_RS10180) is ignored but added at the end
NOTE: NZ_CP166567.1_|_locus_tag_AB6X76_RS02345 (identical to NZ_CP191061.1_|_locus_tag_ACP8KY_RS10180) is ignored but added at the end
NOTE: NZ_CP166567.1_|_locus_tag_AB6X76_RS10790 (identical to NZ_CP191061.1_|_locus_tag_ACP8KY_RS10180) is ignored but added at the end
NOTE: NZ_CP166565.1_|_locus_tag_AB6X77_RS02335 (identical to NZ_CP191061.1_|_locus_tag_ACP8KY_RS10180) is ignored but added at the end
NOTE: NZ_CP166565.1_|_locus_tag_AB6X77_RS10650 (identical to NZ_CP191061.1_|_locus_tag_ACP8KY_RS10180) is ignored but added at the end
NOTE: NZ_CP166562.1_|_locus_tag_AB6X56_RS10135 (identical to NZ_CP191061.1_|_locus_tag_ACP8KY_RS10180) is ignored but added at the end
NOTE: NZ_CP166561.1_|_locus_tag_AB6X45_RS10135 (identical to NZ_CP191061.1_|_locus_tag_ACP8KY_RS10180) is ignored but added at the end
NOTE: NZ_CP166542.1_|_locus_tag_AB6X49_RS02345 (identical to NZ_CP191061.1_|_locus_tag_ACP8KY_RS10180) is ignored but added at the end
NOTE: NZ_CP166542.1_|_locus_tag_AB6X49_RS10170 (identical to NZ_CP191061.1_|_locus_tag_ACP8KY_RS10180) is ignored but added at the end
NOTE: NZ_CP166540.1_|_locus_tag_AB6X82_RS02340 (identical to NZ_CP191061.1_|_locus_tag_ACP8KY_RS10180) is ignored but added at the end
NOTE: NZ_CP166540.1_|_locus_tag_AB6X82_RS10165 (identical to NZ_CP191061.1_|_locus_tag_ACP8KY_RS10180) is ignored but added at the end
NOTE: NZ_CP166540.1_|_locus_tag_AB6X82_RS10730 (identical to NZ_CP191061.1_|_locus_tag_ACP8KY_RS10180) is ignored but added at the end
NOTE: NZ_CP166530.1_|_locus_tag_AB6X80_RS02410 (identical to NZ_CP191061.1_|_locus_tag_ACP8KY_RS10180) is ignored but added at the end
NOTE: NZ_CP166530.1_|_locus_tag_AB6X80_RS02430 (identical to NZ_CP191061.1_|_locus_tag_ACP8KY_RS10180) is ignored but added at the end
NOTE: NZ_CP166531.1_|_locus_tag_AB6X79_RS02180 (identical to NZ_CP191061.1_|_locus_tag_ACP8KY_RS10180) is ignored but added at the end
NOTE: NZ_CP166531.1_|_locus_tag_AB6X79_RS02435 (identical to NZ_CP191061.1_|_locus_tag_ACP8KY_RS10180) is ignored but added at the end
NOTE: NZ_CP166531.1_|_locus_tag_AB6X79_RS02455 (identical to NZ_CP191061.1_|_locus_tag_ACP8KY_RS10180) is ignored but added at the end
NOTE: NZ_CP166531.1_|_locus_tag_AB6X79_RS10900 (identical to NZ_CP191061.1_|_locus_tag_ACP8KY_RS10180) is ignored but added at the end
NOTE: NZ_CP166529.1_|_locus_tag_AB6X70_RS02180 (identical to NZ_CP191061.1_|_locus_tag_ACP8KY_RS10180) is ignored but added at the end
NOTE: NZ_CP166529.1_|_locus_tag_AB6X70_RS02435 (identical to NZ_CP191061.1_|_locus_tag_ACP8KY_RS10180) is ignored but added at the end
NOTE: NZ_CP166529.1_|_locus_tag_AB6X70_RS02455 (identical to NZ_CP191061.1_|_locus_tag_ACP8KY_RS10180) is ignored but added at the end
NOTE: NZ_CP166529.1_|_locus_tag_AB6X70_RS10900 (identical to NZ_CP191061.1_|_locus_tag_ACP8KY_RS10180) is ignored but added at the end
NOTE: NZ_CP166513.1_|_locus_tag_AB6X73_RS02140 (identical to NZ_CP191061.1_|_locus_tag_ACP8KY_RS10180) is ignored but added at the end
NOTE: NZ_CP166513.1_|_locus_tag_AB6X73_RS10170 (identical to NZ_CP191061.1_|_locus_tag_ACP8KY_RS10180) is ignored but added at the end
NOTE: NZ_CP166512.1_|_locus_tag_AB6X86_RS02140 (identical to NZ_CP191061.1_|_locus_tag_ACP8KY_RS10180) is ignored but added at the end
NOTE: NZ_CP166512.1_|_locus_tag_AB6X86_RS10170 (identical to NZ_CP191061.1_|_locus_tag_ACP8KY_RS10180) is ignored but added at the end
NOTE: NZ_CP166511.1_|_locus_tag_AB6X96_RS02140 (identical to NZ_CP191061.1_|_locus_tag_ACP8KY_RS10180) is ignored but added at the end
NOTE: NZ_CP166511.1_|_locus_tag_AB6X96_RS10170 (identical to NZ_CP191061.1_|_locus_tag_ACP8KY_RS10180) is ignored but added at the end
NOTE: NZ_OY725415.1_|_locus_tag_AC1U0L_RS05835 (identical to NZ_CP191061.1_|_locus_tag_ACP8KY_RS10180) is ignored but added at the end
NOTE: NZ_OY725415.1_|_locus_tag_AC1U0L_RS06875 (identical to NZ_CP191061.1_|_locus_tag_ACP8KY_RS10180) is ignored but added at the end
NOTE: NZ_AP041589.1_|_locus_tag_ACZ50H_RS02535 (identical to NZ_CP191061.1_|_locus_tag_ACP8KY_RS10180) is ignored but added at the end
NOTE: NZ_AP041589.1_|_locus_tag_ACZ50H_RS11555 (identical to NZ_CP191061.1_|_locus_tag_ACP8KY_RS10180) is ignored but added at the end
NOTE: NZ_AP040285.1_|_locus_tag_ACZ5U7_RS02420 (identical to NZ_CP191061.1_|_locus_tag_ACP8KY_RS10180) is ignored but added at the end
NOTE: NZ_AP040288.1_|_locus_tag_ACZ5SY_RS02535 (identical to NZ_CP191061.1_|_locus_tag_ACP8KY_RS10180) is ignored but added at the end
NOTE: NZ_AP040291.1_|_locus_tag_ACZ5SD_RS02535 (identical to NZ_CP191061.1_|_locus_tag_ACP8KY_RS10180) is ignored but added at the end
NOTE: NZ_AP040293.1_|_locus_tag_ACZ5R0_RS02525 (identical to NZ_CP191061.1_|_locus_tag_ACP8KY_RS10180) is ignored but added at the end
NOTE: NZ_AP041587.1_|_locus_tag_ACZ5QC_RS02450 (identical to NZ_CP191061.1_|_locus_tag_ACP8KY_RS10180) is ignored but added at the end
NOTE: NZ_AP040295.1_|_locus_tag_ACZ5QS_RS02545 (identical to NZ_CP191061.1_|_locus_tag_ACP8KY_RS10180) is ignored but added at the end
NOTE: NZ_AP040296.1_|_locus_tag_ACZ5PY_RS02525 (identical to NZ_CP191061.1_|_locus_tag_ACP8KY_RS10180) is ignored but added at the end
NOTE: NZ_AP040298.1_|_locus_tag_ACZ5PR_RS02225 (identical to NZ_CP191061.1_|_locus_tag_ACP8KY_RS10180) is ignored but added at the end
NOTE: NZ_AP040301.1_|_locus_tag_ACZ5OL_RS02535 (identical to NZ_CP191061.1_|_locus_tag_ACP8KY_RS10180) is ignored but added at the end
NOTE: NZ_AP043700.1_|_locus_tag_ACZ49O_RS09550 (identical to NZ_CP191061.1_|_locus_tag_ACP8KY_RS10180) is ignored but added at the end
NOTE: NZ_AP040133.1_|_locus_tag_ACZ435_RS02520 (identical to NZ_CP191061.1_|_locus_tag_ACP8KY_RS10180) is ignored but added at the end
NOTE: NZ_AP040133.1_|_locus_tag_ACZ435_RS02540 (identical to NZ_CP191061.1_|_locus_tag_ACP8KY_RS10180) is ignored but added at the end
NOTE: NZ_CP087446.1_|_locus_tag_LPB37_RS02545 (identical to NZ_CP191061.1_|_locus_tag_ACP8KY_RS10180) is ignored but added at the end
NOTE: NZ_CP087442.1_|_locus_tag_LPB05_RS02525 (identical to NZ_CP191061.1_|_locus_tag_ACP8KY_RS10180) is ignored but added at the end
NOTE: NZ_CP087442.1_|_locus_tag_LPB05_RS10225 (identical to NZ_CP191061.1_|_locus_tag_ACP8KY_RS10180) is ignored but added at the end
NOTE: NZ_CP087435.1_|_locus_tag_LPA64_RS02565 (identical to NZ_CP191061.1_|_locus_tag_ACP8KY_RS10180) is ignored but added at the end
NOTE: NZ_CP087434.1_|_locus_tag_LPB29_RS02555 (identical to NZ_CP191061.1_|_locus_tag_ACP8KY_RS10180) is ignored but added at the end
NOTE: NZ_CP087433.1_|_locus_tag_LPB12_RS02555 (identical to NZ_CP191061.1_|_locus_tag_ACP8KY_RS10180) is ignored but added at the end
NOTE: NZ_CP087430.1_|_locus_tag_LPA68_RS02540 (identical to NZ_CP191061.1_|_locus_tag_ACP8KY_RS10180) is ignored but added at the end
NOTE: NZ_CP087429.1_|_locus_tag_LPA92_RS02555 (identical to NZ_CP191061.1_|_locus_tag_ACP8KY_RS10180) is ignored but added at the end
NOTE: NZ_CP087428.1_|_locus_tag_LPB40_RS02555 (identical to NZ_CP191061.1_|_locus_tag_ACP8KY_RS10180) is ignored but added at the end
NOTE: NZ_CP087439.1_|_locus_tag_LPB17_RS09170 (identical to NZ_CP087446.1_|_locus_tag_LPB37_RS09635) is ignored but added at the end
NOTE: NZ_CP087437.1_|_locus_tag_LPA86_RS09530 (identical to NZ_CP087446.1_|_locus_tag_LPB37_RS09635) is ignored but added at the end
NOTE: NZ_CP087435.1_|_locus_tag_LPA64_RS09530 (identical to NZ_CP087446.1_|_locus_tag_LPB37_RS09635) is ignored but added at the end
NOTE: NZ_CP087433.1_|_locus_tag_LPB12_RS09205 (identical to NZ_CP087446.1_|_locus_tag_LPB37_RS09635) is ignored but added at the end
NOTE: NZ_CP087429.1_|_locus_tag_LPA92_RS09210 (identical to NZ_CP087446.1_|_locus_tag_LPB37_RS09635) is ignored but added at the end
NOTE: NZ_AP040291.1_|_locus_tag_ACZ5SD_RS11515 (identical to NZ_AP040285.1_|_locus_tag_ACZ5U7_RS11055) is ignored but added at the end
NOTE: NZ_AP040293.1_|_locus_tag_ACZ5R0_RS11500 (identical to NZ_AP040285.1_|_locus_tag_ACZ5U7_RS11055) is ignored but added at the end
NOTE: NZ_AP040295.1_|_locus_tag_ACZ5QS_RS11175 (identical to NZ_AP040285.1_|_locus_tag_ACZ5U7_RS11055) is ignored but added at the end
NOTE: NZ_AP040296.1_|_locus_tag_ACZ5PY_RS11490 (identical to NZ_AP040285.1_|_locus_tag_ACZ5U7_RS11055) is ignored but added at the end
NOTE: NZ_AP040298.1_|_locus_tag_ACZ5PR_RS10825 (identical to NZ_AP040285.1_|_locus_tag_ACZ5U7_RS11055) is ignored but added at the end
NOTE: NZ_AP040133.1_|_locus_tag_ACZ435_RS11640 (identical to NZ_AP040285.1_|_locus_tag_ACZ5U7_RS11055) is ignored but added at the end
NOTE: NZ_CP087429.1_|_locus_tag_LPA92_RS11155 (identical to NZ_CP087434.1_|_locus_tag_LPB29_RS11155) is ignored but added at the end
NOTE: NZ_CP087428.1_|_locus_tag_LPB40_RS11150 (identical to NZ_CP087434.1_|_locus_tag_LPB29_RS11155) is ignored but added at the end
NOTE: NZ_CP087439.1_|_locus_tag_LPB17_RS10240 (identical to NZ_CP087446.1_|_locus_tag_LPB37_RS10695) is ignored but added at the end
NOTE: NZ_CP087433.1_|_locus_tag_LPB12_RS10575 (identical to NZ_CP087446.1_|_locus_tag_LPB37_RS10695) is ignored but added at the end
NOTE: NZ_CP087432.1_|_locus_tag_LPA89_RS10605 (identical to NZ_CP087446.1_|_locus_tag_LPB37_RS10695) is ignored but added at the end
NOTE: NZ_CP087429.1_|_locus_tag_LPA92_RS10580 (identical to NZ_CP087446.1_|_locus_tag_LPB37_RS10695) is ignored but added at the end
NOTE: NZ_CP087428.1_|_locus_tag_LPB40_RS10580 (identical to NZ_CP087446.1_|_locus_tag_LPB37_RS10695) is ignored but added at the end
NOTE: NZ_CP166509.1_|_locus_tag_AB6X63_RS05560 (identical to NZ_CP166547.1_|_locus_tag_AB6X94_RS05580) is ignored but added at the end
NOTE: NZ_CP166507.1_|_locus_tag_AB6X50_RS05555 (identical to NZ_CP166547.1_|_locus_tag_AB6X94_RS05580) is ignored but added at the end
NOTE: NZ_CP166506.1_|_locus_tag_AB6X78_RS05580 (identical to NZ_CP166547.1_|_locus_tag_AB6X94_RS05580) is ignored but added at the end
NOTE: NZ_CP166529.1_|_locus_tag_AB6X70_RS11460 (identical to NZ_CP166530.1_|_locus_tag_AB6X80_RS11435) is ignored but added at the end
NOTE: NZ_AP040293.1_|_locus_tag_ACZ5R0_RS09950 (identical to NZ_AP040285.1_|_locus_tag_ACZ5U7_RS09805) is ignored but added at the end
NOTE: NZ_AP040295.1_|_locus_tag_ACZ5QS_RS09625 (identical to NZ_AP040285.1_|_locus_tag_ACZ5U7_RS09805) is ignored but added at the end
NOTE: NZ_AP040296.1_|_locus_tag_ACZ5PY_RS09940 (identical to NZ_AP040285.1_|_locus_tag_ACZ5U7_RS09805) is ignored but added at the end
NOTE: NZ_AP040301.1_|_locus_tag_ACZ5OL_RS09935 (identical to NZ_AP040285.1_|_locus_tag_ACZ5U7_RS09805) is ignored but added at the end
NOTE: NZ_AP040133.1_|_locus_tag_ACZ435_RS09650 (identical to NZ_AP040285.1_|_locus_tag_ACZ5U7_RS09805) is ignored but added at the end
NOTE: NZ_CP166574.1_|_locus_tag_AB6X59_RS09110 (identical to NZ_CP191061.1_|_locus_tag_ACP8KY_RS09175) is ignored but added at the end
NOTE: NZ_CP166573.1_|_locus_tag_AB6X54_RS09110 (identical to NZ_CP191061.1_|_locus_tag_ACP8KY_RS09175) is ignored but added at the end
NOTE: NZ_CP166567.1_|_locus_tag_AB6X76_RS09520 (identical to NZ_CP191061.1_|_locus_tag_ACP8KY_RS09175) is ignored but added at the end
NOTE: NZ_CP166565.1_|_locus_tag_AB6X77_RS09385 (identical to NZ_CP191061.1_|_locus_tag_ACP8KY_RS09175) is ignored but added at the end
NOTE: NZ_CP166559.1_|_locus_tag_AB6X87_RS09305 (identical to NZ_CP191061.1_|_locus_tag_ACP8KY_RS09175) is ignored but added at the end
NOTE: NZ_CP166561.1_|_locus_tag_AB6X45_RS09120 (identical to NZ_CP191061.1_|_locus_tag_ACP8KY_RS09175) is ignored but added at the end
NOTE: NZ_CP166555.1_|_locus_tag_AB6X65_RS09305 (identical to NZ_CP191061.1_|_locus_tag_ACP8KY_RS09175) is ignored but added at the end
NOTE: NZ_CP166552.1_|_locus_tag_AB6X53_RS09530 (identical to NZ_CP191061.1_|_locus_tag_ACP8KY_RS09175) is ignored but added at the end
NOTE: NZ_CP166542.1_|_locus_tag_AB6X49_RS09470 (identical to NZ_CP191061.1_|_locus_tag_ACP8KY_RS09175) is ignored but added at the end
NOTE: NZ_CP166544.1_|_locus_tag_AB6X43_RS10280 (identical to NZ_CP191061.1_|_locus_tag_ACP8KY_RS09175) is ignored but added at the end
NOTE: NZ_CP166540.1_|_locus_tag_AB6X82_RS09465 (identical to NZ_CP191061.1_|_locus_tag_ACP8KY_RS09175) is ignored but added at the end
NOTE: NZ_CP166538.1_|_locus_tag_AB6X71_RS09530 (identical to NZ_CP191061.1_|_locus_tag_ACP8KY_RS09175) is ignored but added at the end
NOTE: NZ_CP166536.1_|_locus_tag_AB6X61_RS09530 (identical to NZ_CP191061.1_|_locus_tag_ACP8KY_RS09175) is ignored but added at the end
NOTE: NZ_CP166526.1_|_locus_tag_AB6X52_RS09120 (identical to NZ_CP191061.1_|_locus_tag_ACP8KY_RS09175) is ignored but added at the end
NOTE: NZ_AP043700.1_|_locus_tag_ACZ49O_RS02660 (identical to NZ_CP191061.1_|_locus_tag_ACP8KY_RS09175) is ignored but added at the end
NOTE: NZ_CP180165.1_|_locus_tag_ACMTNW_RS09990 (identical to NZ_CP191061.1_|_locus_tag_ACP8KY_RS09175) is ignored but added at the end
NOTE: NZ_CP142804.1_|_locus_tag_VW782_RS04430 (identical to NZ_CP191061.1_|_locus_tag_ACP8KY_RS09175) is ignored but added at the end
NOTE: NZ_CP087441.1_|_locus_tag_LPA95_RS02515 (identical to NZ_CP087446.1_|_locus_tag_LPB37_RS02525) is ignored but added at the end
NOTE: NZ_CP087439.1_|_locus_tag_LPB17_RS02520 (identical to NZ_CP087446.1_|_locus_tag_LPB37_RS02525) is ignored but added at the end
NOTE: NZ_CP087437.1_|_locus_tag_LPA86_RS02545 (identical to NZ_CP087446.1_|_locus_tag_LPB37_RS02525) is ignored but added at the end
NOTE: NZ_CP087435.1_|_locus_tag_LPA64_RS02545 (identical to NZ_CP087446.1_|_locus_tag_LPB37_RS02525) is ignored but added at the end
NOTE: NZ_CP087434.1_|_locus_tag_LPB29_RS02535 (identical to NZ_CP087446.1_|_locus_tag_LPB37_RS02525) is ignored but added at the end
NOTE: NZ_CP087433.1_|_locus_tag_LPB12_RS02535 (identical to NZ_CP087446.1_|_locus_tag_LPB37_RS02525) is ignored but added at the end
NOTE: NZ_CP087430.1_|_locus_tag_LPA68_RS02520 (identical to NZ_CP087446.1_|_locus_tag_LPB37_RS02525) is ignored but added at the end
NOTE: NZ_CP087428.1_|_locus_tag_LPB40_RS02535 (identical to NZ_CP087446.1_|_locus_tag_LPB37_RS02525) is ignored but added at the end
NOTE: NZ_CP087447.1_|_locus_tag_LPB22_RS09665 (identical to NZ_CP087451.1_|_locus_tag_LPA74_RS09765) is ignored but added at the end
NOTE: NZ_CP182395.1_|_locus_tag_ACNBES_RS06380 (identical to NZ_CP182395.1_|_locus_tag_ACNBES_RS00485) is ignored but added at the end
NOTE: NZ_CP182395.1_|_locus_tag_ACNBES_RS06705 (identical to NZ_CP182395.1_|_locus_tag_ACNBES_RS00485) is ignored but added at the end
NOTE: NZ_CP182395.1_|_locus_tag_ACNBES_RS06720 (identical to NZ_CP182395.1_|_locus_tag_ACNBES_RS00485) is ignored but added at the end
NOTE: NZ_CP166549.1_|_locus_tag_AB6X66_RS10230 (identical to NZ_CP166551.1_|_locus_tag_AB6X51_RS10225) is ignored but added at the end
NOTE: NZ_CP166530.1_|_locus_tag_AB6X80_RS10875 (identical to NZ_CP166542.1_|_locus_tag_AB6X49_RS10735) is ignored but added at the end
NOTE: NZ_CP166517.1_|_locus_tag_AB6X55_RS10540 (identical to NZ_CP166542.1_|_locus_tag_AB6X49_RS10735) is ignored but added at the end
NOTE: NZ_CP166534.1_|_locus_tag_AB6X48_RS09530 (identical to NZ_CP166562.1_|_locus_tag_AB6X56_RS09120) is ignored but added at the end
NOTE: NZ_CP166516.1_|_locus_tag_AB6X47_RS03960 (identical to NZ_CP166525.1_|_locus_tag_AB6X74_RS04845) is ignored but added at the end
NOTE: NZ_CP166564.1_|_locus_tag_AB6X84_RS04735 (identical to NZ_CP166574.1_|_locus_tag_AB6X59_RS02440) is ignored but added at the end
NOTE: NZ_CP166562.1_|_locus_tag_AB6X56_RS02445 (identical to NZ_CP166574.1_|_locus_tag_AB6X59_RS02440) is ignored but added at the end
NOTE: NZ_CP166544.1_|_locus_tag_AB6X43_RS02525 (identical to NZ_CP166574.1_|_locus_tag_AB6X59_RS02440) is ignored but added at the end
NOTE: NZ_CP166528.1_|_locus_tag_AB6X57_RS09670 (identical to NZ_CP166574.1_|_locus_tag_AB6X59_RS02440) is ignored but added at the end
NOTE: NZ_CP166524.1_|_locus_tag_AB6X68_RS11175 (identical to NZ_CP166574.1_|_locus_tag_AB6X59_RS02440) is ignored but added at the end
NOTE: NZ_CP166520.1_|_locus_tag_AB6X83_RS02380 (identical to NZ_CP166574.1_|_locus_tag_AB6X59_RS02440) is ignored but added at the end
NOTE: NZ_CP087395.1_|_locus_tag_LPB30_RS04575 (identical to NZ_CP087422.1_|_locus_tag_LPA88_RS04895) is ignored but added at the end
NOTE: NZ_CP087395.1_|_locus_tag_LPB30_RS03410 (identical to NZ_CP087422.1_|_locus_tag_LPA88_RS11280) is ignored but added at the end
NOTE: NZ_CP087430.1_|_locus_tag_LPA68_RS02265 (identical to NZ_CP087437.1_|_locus_tag_LPA86_RS02290) is ignored but added at the end
NOTE: NZ_CP087431.1_|_locus_tag_LPA96_RS09555 (identical to NZ_CP087434.1_|_locus_tag_LPB29_RS09210) is ignored but added at the end
NOTE: NZ_CP087430.1_|_locus_tag_LPA68_RS09185 (identical to NZ_CP087434.1_|_locus_tag_LPB29_RS09210) is ignored but added at the end
NOTE: NZ_CP087428.1_|_locus_tag_LPB40_RS09210 (identical to NZ_CP087434.1_|_locus_tag_LPB29_RS09210) is ignored but added at the end
NOTE: NZ_CP166519.1_|_locus_tag_AB6X67_RS11175 (identical to NZ_CP166571.1_|_locus_tag_AB6X92_RS09530) is ignored but added at the end
NOTE: NZ_CP166517.1_|_locus_tag_AB6X55_RS09515 (identical to NZ_CP166571.1_|_locus_tag_AB6X92_RS09530) is ignored but added at the end
NOTE: NZ_CP166513.1_|_locus_tag_AB6X73_RS09135 (identical to NZ_CP166571.1_|_locus_tag_AB6X92_RS09530) is ignored but added at the end
NOTE: NZ_CP166512.1_|_locus_tag_AB6X86_RS09135 (identical to NZ_CP166571.1_|_locus_tag_AB6X92_RS09530) is ignored but added at the end
NOTE: NZ_CP087429.1_|_locus_tag_LPA92_RS02535 (identical to NZ_CP087432.1_|_locus_tag_LPA89_RS02545) is ignored but added at the end
Alignment was printed to iqtree_results\rrna.uniqueseq.phy

For your convenience alignment with unique sequences printed to iqtree_results\rrna.uniqueseq.phy


Create initial parsimony tree by phylogenetic likelihood library (PLL)... 0.029 seconds
Perform fast likelihood tree search using GTR+I+G model...
Estimate model parameters (epsilon = 5.000)
Perform nearest neighbor interchange...
Estimate model parameters (epsilon = 1.000)
1. Initial log-likelihood: -5281.007
Optimal log-likelihood: -5280.835
Rate parameters:  A-C: 0.77563  A-G: 2.94187  A-T: 0.76560  C-G: 0.10267  C-T: 6.63646  G-T: 1.00000
Base frequencies:  A: 0.267  C: 0.220  G: 0.293  T: 0.221
Proportion of invariable sites: 0.433
Gamma shape alpha: 0.404
Parameters optimization took 1 rounds (0.146 sec)
Time for fast ML tree search: 0.765 seconds

NOTE: ModelFinder requires 15 MB RAM!
ModelFinder will test up to 88 DNA models (sample size: 1566 epsilon: 0.100) ...
 No. Model         -LnL         df  AIC          AICc         BIC
  1  GTR+F         5448.287     803 12502.574    14197.094    16803.667
  2  GTR+F+I       5299.112     804 12206.225    13907.197    16512.674
  3  GTR+F+G4      5296.561     804 12201.122    13902.094    16507.571
  4  GTR+F+I+G4    5278.205     805 12166.410    13873.857    16478.215
  8  SYM+I+G4      5290.638     802 12185.275    13873.365    16481.012
 12  TVM+F+I+G4    5293.601     804 12195.202    13896.175    16501.651
 16  TVMe+I+G4     5297.006     801 12196.013    13877.693    16486.393
 20  TIM3+F+I+G4   5287.363     803 12180.726    13875.246    16481.819
 24  TIM3e+I+G4    5299.422     800 12198.844    13874.138    16483.868
 28  TIM2+F+I+G4   5292.027     803 12190.055    13884.574    16491.147
 32  TIM2e+I+G4    5304.394     800 12208.789    13884.083    16493.813
 36  TIM+F+I+G4    5286.832     803 12179.664    13874.184    16480.757
 40  TIMe+I+G4     5298.866     800 12197.731    13873.026    16482.755
 44  TPM3u+F+I+G4  5302.544     802 12209.088    13897.177    16504.824
 48  TPM3+I+G4     5305.702     799 12209.404    13878.333    16489.072
 52  TPM2u+F+I+G4  5307.571     802 12219.143    13907.232    16514.879
 56  TPM2+I+G4     5310.970     799 12219.941    13888.870    16499.608
 60  K3Pu+F+I+G4   5302.408     802 12208.816    13896.905    16504.552
 64  K3P+I+G4      5305.444     799 12208.887    13877.817    16488.555
 68  TN+F+I+G4     5293.241     802 12190.481    13878.571    16486.218
 72  TNe+I+G4      5305.244     799 12208.488    13877.417    16488.155
 76  HKY+F+I+G4    5308.938     801 12219.876    13901.556    16510.256
 80  K2P+I+G4      5311.919     798 12219.838    13882.425    16494.150
 84  F81+F+I+G4    5477.673     800 12555.347    14230.641    16840.371
 88  JC+I+G4       5482.258     797 12558.516    14214.781    16827.471
Akaike Information Criterion:           GTR+F+I+G4
Corrected Akaike Information Criterion: TIMe+I+G4
Bayesian Information Criterion:         GTR+F+I+G4
Best-fit model: GTR+F+I+G4 chosen according to BIC

All model information printed to iqtree_results\rrna.model.gz
CPU time for ModelFinder: 8.328 seconds (0h:0m:8s)
Wall-clock time for ModelFinder: 8.512 seconds (0h:0m:8s)
Generating 1000 samples for ultrafast bootstrap (seed: 152601)...

NOTE: 15 MB RAM (0 GB) is required!
Estimate model parameters (epsilon = 0.100)
Thoroughly optimizing +I+G parameters from 10 start values...
Init pinv, alpha: 0.000, 0.899 / Estimate: 0.000, 0.138 / LogL: -5296.551
Init pinv, alpha: 0.093, 0.899 / Estimate: 0.099, 0.176 / LogL: -5292.849
Init pinv, alpha: 0.186, 0.899 / Estimate: 0.517, 0.533 / LogL: -5278.112
Init pinv, alpha: 0.279, 0.899 / Estimate: 0.519, 0.538 / LogL: -5278.104
Init pinv, alpha: 0.373, 0.899 / Estimate: 0.520, 0.540 / LogL: -5278.166
Init pinv, alpha: 0.466, 0.899 / Estimate: 0.520, 0.540 / LogL: -5278.270
Init pinv, alpha: 0.559, 0.899 / Estimate: 0.566, 0.649 / LogL: -5277.399
Init pinv, alpha: 0.652, 0.899 / Estimate: 0.646, 0.983 / LogL: -5276.968
Init pinv, alpha: 0.745, 0.899 / Estimate: 0.675, 1.193 / LogL: -5277.704
Init pinv, alpha: 0.838, 0.899 / Estimate: 0.678, 1.214 / LogL: -5278.379
Optimal pinv,alpha: 0.646, 0.983 / LogL: -5276.968

Parameters optimization took 17.409 sec
Wrote distance file to... 
Computing ML distances based on estimated model parameters...
Calculating distance matrix: done in 0.639053 secs using 100.2% CPU
Computing ML distances took 0.647700 sec (of wall-clock time) 0.640625 sec (of CPU time)
Setting up auxiliary I and S matrices: done in 0.0020959 secs
Computing RapidNJ tree took 0.012230 sec (of wall-clock time) 0.000000 sec (of CPU time)
Log-likelihood of RapidNJ tree: -5262.333
--------------------------------------------------------------------
|             INITIALIZING CANDIDATE TREE SET                      |
--------------------------------------------------------------------
Generating 98 parsimony trees... 4.066 second
Computing log-likelihood of 98 initial trees ... 2.218 seconds
Current best score: -5249.886

Do NNI search on 20 best initial trees
Estimate model parameters (epsilon = 0.100)
BETTER TREE FOUND at iteration 1: -5247.342
Iteration 10 / LogL: -5254.495 / Time: 0h:0m:50s
Iteration 20 / LogL: -5257.685 / Time: 0h:1m:8s
Finish initializing candidate tree set (20)
Current best tree score: -5247.342 / CPU time: 41.382
Number of iterations: 20
--------------------------------------------------------------------
|               OPTIMIZING CANDIDATE TREE SET                      |
--------------------------------------------------------------------
Iteration 30 / LogL: -5255.114 / Time: 0h:1m:23s (0h:3m:2s left)
Estimate model parameters (epsilon = 0.100)
BETTER TREE FOUND at iteration 32: -5246.820
Iteration 40 / LogL: -5254.621 / Time: 0h:1m:40s (0h:3m:37s left)
Iteration 50 / LogL: -5260.943 / Time: 0h:1m:56s (0h:3m:1s left)
Log-likelihood cutoff on original alignment: -5283.037
Iteration 60 / LogL: -5260.261 / Time: 0h:2m:14s (0h:2m:34s left)
Iteration 70 / LogL: -5247.231 / Time: 0h:2m:32s (0h:2m:9s left)
Iteration 80 / LogL: -5247.042 / Time: 0h:2m:46s (0h:1m:44s left)
Iteration 90 / LogL: -5254.705 / Time: 0h:3m:1s (0h:1m:21s left)
Iteration 100 / LogL: -5252.748 / Time: 0h:3m:19s (0h:1m:1s left)
Log-likelihood cutoff on original alignment: -5283.037
NOTE: Bootstrap correlation coefficient of split occurrence frequencies: 0.991
Iteration 110 / LogL: -5261.328 / Time: 0h:3m:38s (0h:2m:53s left)
Iteration 120 / LogL: -5252.003 / Time: 0h:3m:56s (0h:2m:33s left)
Iteration 130 / LogL: -5249.570 / Time: 0h:4m:10s (0h:2m:11s left)
TREE SEARCH COMPLETED AFTER 133 ITERATIONS / Time: 0h:4m:14s

--------------------------------------------------------------------
|                    FINALIZING TREE SEARCH                        |
--------------------------------------------------------------------
Performs final model parameters optimization
Estimate model parameters (epsilon = 0.010)
1. Initial log-likelihood: -5246.820
Optimal log-likelihood: -5246.814
Rate parameters:  A-C: 0.81279  A-G: 3.12603  A-T: 0.76934  C-G: 0.11222  C-T: 7.00726  G-T: 1.00000
Base frequencies:  A: 0.267  C: 0.220  G: 0.293  T: 0.221
Proportion of invariable sites: 0.642
Gamma shape alpha: 0.964
Parameters optimization took 1 rounds (0.095 sec)
BEST SCORE FOUND : -5246.814
Creating bootstrap support values...
Split supports printed to NEXUS file iqtree_results\rrna.splits.nex
Total tree length: 0.296

Total number of iterations: 133
CPU time used for tree search: 227.016 sec (0h:3m:47s)
Wall-clock time used for tree search: 227.389 sec (0h:3m:47s)
Total CPU time used: 255.922 sec (0h:4m:15s)
Total wall-clock time used: 256.415 sec (0h:4m:16s)

Computing bootstrap consensus tree...
Reading input file iqtree_results\rrna.splits.nex...
399 taxa and 11012 splits.
Consensus tree written to iqtree_results\rrna.contree
Reading input trees file iqtree_results\rrna.contree
Log-likelihood of consensus tree: -5276.467

Analysis results written to: 
  IQ-TREE report:                iqtree_results\rrna.iqtree
  Maximum-likelihood tree:       iqtree_results\rrna.treefile
  Likelihood distances:          iqtree_results\rrna.mldist

Ultrafast bootstrap approximation results written to:
  Split support values:          iqtree_results\rrna.splits.nex
  Consensus tree:                iqtree_results\rrna.contree
  Screen log file:               iqtree_results\rrna.log

Date and Time: Sun May 24 11:15:23 2026
